Code,Period,Value,Numerator,Denominator,Ranking_Type,Ranking_GoldilocksMidpoint,DataType
C&L 01,2010-11,5.1386,233685362.4,45459818.0,Ascending,,Real_Annual
C&L 01,2011-12,4.5777,220407850.89999998,48202343.0,Ascending,,Real_Annual
C&L 01,2012-13,4.3743,225690062.0,51624697.0,Ascending,,Real_Annual
C&L 01,2013-14,4.3534,232091193.9,53320837.0,Ascending,,Real_Annual
C&L 01,2014-15,3.9832,210160861.0,52705262.0,Ascending,,Real_Annual
C&L 01,2015-16,3.9023,207052125.9,53084305.0,Ascending,,Real_Annual
C&L 01,2016-17,3.7994,205434136.1,54042338.0,Ascending,,Real_Annual
C&L 01,2017-18,3.519,189864558.0,53992733.0,Ascending,,Real_Annual
C&L 01,2018-19,3.3014,180186675.7,54526069.0,Ascending,,Real_Annual
C&L 01,2019-20,3.3398,174083686.9,52045545.0,Ascending,,Real_Annual
C&L 01,2020-21,48.3729,220659872.8,4561548.0,Ascending,,Real_Annual
C&L 01,2021-22,7.5245,199418139.3,26512151.0,Ascending,,Real_Annual
C&L 01,2022-23,5.3382,204071027.89999998,38202414.0,Ascending,,Real_Annual
C&L 01,2023-24,4.5109,194533423.60000002,43099035.0,Ascending,,Real_Annual
C&L 01,2024-25,3.77,174041174.20000002,46145847.0,Ascending,,Real_Annual
C&L 02,2010-11,4.9359,156854145.3,31800305.0,Ascending,,Real_Annual
C&L 02,2011-12,4.6202,148097862.7,32074635.0,Ascending,,Real_Annual
C&L 02,2012-13,4.3882,145099006.20000002,33066250.0,Ascending,,Real_Annual
C&L 02,2013-14,3.5072,141868913.5,40415254.0,Ascending,,Real_Annual
C&L 02,2014-15,3.2969,134993258.20000002,40898758.0,Ascending,,Real_Annual
C&L 02,2015-16,3.2742,134948582.4,41281169.0,Ascending,,Real_Annual
C&L 02,2016-17,2.594,121528496.5,46773860.0,Ascending,,Real_Annual
C&L 02,2017-18,2.678,115877979.30000001,43252956.0,Ascending,,Real_Annual
C&L 02,2018-19,2.5931,114256946.6,44030770.0,Ascending,,Real_Annual
C&L 02,2019-20,2.4525,110802370.5,45152917.0,Ascending,,Real_Annual
C&L 02,2020-21,3.4569,103255242.4,29888610.0,Ascending,,Real_Annual
C&L 02,2021-22,3.4,104268730.80000001,30702692.0,Ascending,,Real_Annual
C&L 02,2022-23,3.0676,108374798.3,35310302.0,Ascending,,Real_Annual
C&L 02,2023-24,2.4784,108291430.39999999,43636399.0,Ascending,,Real_Annual
C&L 02,2024-25,2.71,103906798.0,38408183.0,Ascending,,Real_Annual
C&L 03,2010-11,6.0794,56378211.300000004,9270129.0,Ascending,,Real_Annual
C&L 03,2011-12,4.9178,57610462.6,11707609.0,Ascending,,Real_Annual
C&L 03,2012-13,4.9872,55430642.699999996,11102498.0,Ascending,,Real_Annual
C&L 03,2013-14,4.5581,53251506.6,11670085.0,Ascending,,Real_Annual
C&L 03,2014-15,4.4811,53416244.400000006,11917948.0,Ascending,,Real_Annual
C&L 03,2015-16,4.0626,51528495.199999996,12663109.0,Ascending,,Real_Annual
C&L 03,2016-17,4.3365,54138291.5,12466473.0,Ascending,,Real_Annual
C&L 03,2017-18,4.5281,53419945.099999994,11809426.0,Ascending,,Real_Annual
C&L 03,2018-19,4.3892,53027629.5,12070238.0,Ascending,,Real_Annual
C&L 03,2019-20,4.0299,50559467.6,12546007.0,Ascending,,Real_Annual
C&L 03,2020-21,12.2673,48525390.7,3954745.0,Ascending,,Real_Annual
C&L 03,2021-22,5.5382,48633270.0,8788925.0,Ascending,,Real_Annual
C&L 03,2022-23,3.3514,51009023.699999996,15225328.0,Ascending,,Real_Annual
C&L 03,2023-24,3.6398,54611840.5,14997982.0,Ascending,,Real_Annual
C&L 03,2024-25,4.2,57322315.199999996,13655228.0,Ascending,,Real_Annual
C&L 04,2010-11,37247.6015,196004354.0,5262.2,Ascending,,Real_Annual
C&L 04,2011-12,34118.4891,180824573.70000002,5299.900000000001,Ascending,,Real_Annual
C&L 04,2012-13,32995.1354,175154701.5,5308.5,Ascending,,Real_Annual
C&L 04,2013-14,31854.4478,169379667.2,5317.3,Ascending,,Real_Annual
C&L 04,2014-15,31587.1602,168429041.6,5332.2,Ascending,,Real_Annual
C&L 04,2015-16,29241.3987,156491176.5,5351.7,Ascending,,Real_Annual
C&L 04,2016-17,27445.8591,147518754.4,5374.900000000001,Ascending,,Real_Annual
C&L 04,2017-18,25797.3274,139045036.5,5389.900000000001,Ascending,,Real_Annual
C&L 04,2018-19,25681.0348,138531235.1,5394.3,Ascending,,Real_Annual
C&L 04,2019-20,25010.1241,135414826.8,5414.400000000001,Ascending,,Real_Annual
C&L 04,2020-21,23164.4614,125391568.5,5413.1,Ascending,,Real_Annual
C&L 04,2021-22,24030.9741,130209434.8,5418.400000000001,Ascending,,Real_Annual
C&L 04,2022-23,25718.303,140087595.0,5447.0,Ascending,,Real_Annual
C&L 04,2023-24,24240.8587,133084733.19999999,5490.1,Ascending,,Real_Annual
C&L 04,2024-25,22388.0,124184000.0,5546.900000000001,Ascending,,Real_Annual
C&L 05a,2013-14,0.825,,,Descending,,Real_Annual
C&L 05a,2014-15,0.803,,,Descending,,Real_Annual
C&L 05a,2015-16,0.773,,,Descending,,Real_Annual
C&L 05a,2016-17,0.747,,,Descending,,Real_Annual
C&L 05a,2017-18,0.73,,,Descending,,Real_Annual
C&L 05a,2018-19,0.724,,,Descending,,Real_Annual
C&L 05a,2019-20,0.724,,,Descending,,Real_Annual
C&L 05a,2020-21,0.744,,,Descending,,Real_Annual
C&L 05a,2021-22,0.74,,,Descending,,Real_Annual
C&L 05a,2022-23,0.71,,,Descending,,Real_Annual
C&L 05a,2023-24,0.67,,,Descending,,Real_Annual
C&L 05a,2024-25,0.653,,,Descending,,Real_Annual
C&L 05b,2013-14,0.85,,,Descending,,Real_Annual
C&L 05b,2014-15,0.86,,,Descending,,Real_Annual
C&L 05b,2015-16,0.857,,,Descending,,Real_Annual
C&L 05b,2016-17,0.86,,,Descending,,Real_Annual
C&L 05b,2017-18,0.857,,,Descending,,Real_Annual
C&L 05b,2018-19,0.848,,,Descending,,Real_Annual
C&L 05b,2019-20,0.85,,,Descending,,Real_Annual
C&L 05b,2020-21,0.855,,,Descending,,Real_Annual
C&L 05b,2021-22,0.873,,,Descending,,Real_Annual
C&L 05b,2022-23,0.873,,,Descending,,Real_Annual
C&L 05b,2023-24,0.85,,,Descending,,Real_Annual
C&L 05b,2024-25,0.837,,,Descending,,Real_Annual
C&L 05c,2013-14,0.765,,,Descending,,Real_Annual
C&L 05c,2014-15,0.763,,,Descending,,Real_Annual
C&L 05c,2015-16,0.74,,,Descending,,Real_Annual
C&L 05c,2016-17,0.72,,,Descending,,Real_Annual
C&L 05c,2017-18,0.7,,,Descending,,Real_Annual
C&L 05c,2018-19,0.693,,,Descending,,Real_Annual
C&L 05c,2019-20,0.693,,,Descending,,Real_Annual
C&L 05c,2020-21,0.713,,,Descending,,Real_Annual
C&L 05c,2021-22,0.73,,,Descending,,Real_Annual
C&L 05c,2022-23,0.713,,,Descending,,Real_Annual
C&L 05c,2023-24,0.693,,,Descending,,Real_Annual
C&L 05c,2024-25,0.67,,,Descending,,Real_Annual
C&L 05d,2013-14,0.775,,,Descending,,Real_Annual
C&L 05d,2014-15,0.78,,,Descending,,Real_Annual
C&L 05d,2015-16,0.757,,,Descending,,Real_Annual
C&L 05d,2016-17,0.74,,,Descending,,Real_Annual
C&L 05d,2017-18,0.727,,,Descending,,Real_Annual
C&L 05d,2018-19,0.714,,,Descending,,Real_Annual
C&L 05d,2019-20,0.701,,,Descending,,Real_Annual
C&L 05d,2020-21,0.718,,,Descending,,Real_Annual
C&L 05d,2021-22,0.723,,,Descending,,Real_Annual
C&L 05d,2022-23,0.71,,,Descending,,Real_Annual
C&L 05d,2023-24,0.67,,,Descending,,Real_Annual
C&L 05d,2024-25,0.65,,,Descending,,Real_Annual
CHN 01,2010-11,6997.8809,2553272623.7,364864.0,Ascending,,Real_Annual
CHN 01,2011-12,6762.1645,2474748232.7999997,365970.0,Ascending,,Real_Annual
CHN 01,2012-13,6595.3549,2441717569.5,370218.0,Ascending,,Real_Annual
CHN 01,2013-14,6436.2254,2425947920.5,376921.0,Ascending,,Real_Annual
CHN 01,2014-15,6248.6846,2404189868.2,384751.0,Ascending,,Real_Annual
CHN 01,2015-16,6294.6738,2459246783.2,390687.0,Ascending,,Real_Annual
CHN 01,2016-17,6296.0542,2494731016.4,396237.0,Ascending,,Real_Annual
CHN 01,2017-18,6454.2642,2580737010.9,399850.0,Ascending,,Real_Annual
CHN 01,2018-19,6623.7862,2648288764.2000003,399815.0,Ascending,,Real_Annual
CHN 01,2019-20,6920.8766,2756821165.0,398334.0,Ascending,,Real_Annual
CHN 01,2020-21,7100.969,2797477312.0,393957.0,Ascending,,Real_Annual
CHN 01,2021-22,7403.5578,2889707025.0,390313.0,Ascending,,Real_Annual
CHN 01,2022-23,7467.8669,2904403111.7,388920.0,Ascending,,Real_Annual
CHN 01,2023-24,7480.2687,2877846617.1,384725.0,Ascending,,Real_Annual
CHN 01,2024-25,7615.41,2888935000.0,379354.0,Ascending,,Real_Annual
CHN 02,2010-11,9223.3648,2776298684.2999997,301007.0,Ascending,,Real_Annual
CHN 02,2011-12,8896.6002,2643258481.5,297109.0,Ascending,,Real_Annual
CHN 02,2012-13,8899.0769,2612432525.8999996,293562.0,Ascending,,Real_Annual
CHN 02,2013-14,8865.4936,2563580841.1,289164.0,Ascending,,Real_Annual
CHN 02,2014-15,8815.8536,2510419550.7,284762.0,Ascending,,Real_Annual
CHN 02,2015-16,8928.1758,2517200637.7,281939.0,Ascending,,Real_Annual
CHN 02,2016-17,8909.4389,2503401423.1,280983.0,Ascending,,Real_Annual
CHN 02,2017-18,8893.2675,2507839763.7999997,281993.0,Ascending,,Real_Annual
CHN 02,2018-19,9052.8594,2590492417.5,286152.0,Ascending,,Real_Annual
CHN 02,2019-20,9281.1571,2710681795.0,292063.0,Ascending,,Real_Annual
CHN 02,2020-21,9190.5244,2765926865.6,300954.0,Ascending,,Real_Annual
CHN 02,2021-22,9233.5213,2832945231.5,306811.0,Ascending,,Real_Annual
CHN 02,2022-23,9273.3348,2866693812.7000003,309133.0,Ascending,,Real_Annual
CHN 02,2023-24,9288.7727,2907952400.1000004,313061.0,Ascending,,Real_Annual
CHN 02,2024-25,9345.38,2944469000.0,315072.0,Ascending,,Real_Annual
CHN 03,2010-11,4839.821,445504970.7,92050.0,Ascending,,Real_Annual
CHN 03,2011-12,4368.6729,414456612.2,94870.0,Ascending,,Real_Annual
CHN 03,2012-13,4314.6187,422767659.4,97985.0,Ascending,,Real_Annual
CHN 03,2013-14,4095.7575,421335265.7,102871.0,Ascending,,Real_Annual
CHN 03,2014-15,4445.2758,451031184.5,101463.0,Ascending,,Real_Annual
CHN 03,2015-16,5133.2447,499269663.3,97262.0,Ascending,,Real_Annual
CHN 03,2016-17,5502.7735,533554919.1000001,96961.0,Ascending,,Real_Annual
CHN 03,2017-18,5731.5794,549618281.1,95893.0,Ascending,,Real_Annual
CHN 03,2018-19,6347.7698,612871235.8000001,96549.0,Ascending,,Real_Annual
CHN 03,2019-20,8317.8812,801635341.6,96375.0,Ascending,,Real_Annual
CHN 03,2020-21,11130.9999,1003192564.4,90126.0,Ascending,,Real_Annual
CHN 03,2021-22,12043.6279,1103232364.5,91603.0,Ascending,,Real_Annual
CHN 03,2022-23,12010.3621,1112339716.6,92615.0,Ascending,,Real_Annual
CHN 03,2023-24,12090.0871,1114488459.8999999,92182.0,Ascending,,Real_Annual
CHN 03,2024-25,12083.4,1091385000.0,90321.0,Ascending,,Real_Annual
CHN 04,2011-12,0.56,,,Descending,,Real_Annual
CHN 04,2012-13,0.56,,,Descending,,Real_Annual
CHN 04,2013-14,0.59,,,Descending,,Real_Annual
CHN 04,2014-15,0.6,,,Descending,,Real_Annual
CHN 04,2015-16,0.61,,,Descending,,Real_Annual
CHN 04,2016-17,0.62,,,Descending,,Real_Annual
CHN 04,2017-18,0.64,,,Descending,,Real_Annual
CHN 04,2018-19,0.64,,,Descending,,Real_Annual
CHN 04,2019-20,0.68,,,Descending,,Real_Annual
CHN 04,2020-21,0.7,,,Descending,,Real_Annual
CHN 04,2021-22,0.68,,,Descending,,Real_Annual
CHN 04,2022-23,0.66,,,Descending,,Real_Annual
CHN 04,2023-24,0.666,,,Descending,,Real_Annual
CHN 05,2011-12,0.29,,,Descending,,Real_Annual
CHN 05,2012-13,0.29,,,Descending,,Real_Annual
CHN 05,2013-14,0.32,,,Descending,,Real_Annual
CHN 05,2014-15,0.32,,,Descending,,Real_Annual
CHN 05,2015-16,0.34,,,Descending,,Real_Annual
CHN 05,2016-17,0.35,,,Descending,,Real_Annual
CHN 05,2017-18,0.36,,,Descending,,Real_Annual
CHN 05,2018-19,0.36,,,Descending,,Real_Annual
CHN 05,2019-20,0.4,,,Descending,,Real_Annual
CHN 05,2020-21,0.42,,,Descending,,Real_Annual
CHN 05,2021-22,0.39,,,Descending,,Real_Annual
CHN 05,2022-23,0.38,,,Descending,,Real_Annual
CHN 05,2023-24,0.39,,,Descending,,Real_Annual
CHN 06,2011-12,0.33,,,Descending,,Real_Annual
CHN 06,2012-13,0.35,,,Descending,,Real_Annual
CHN 06,2013-14,0.38,,,Descending,,Real_Annual
CHN 06,2014-15,0.4,,,Descending,,Real_Annual
CHN 06,2015-16,0.41,,,Descending,,Real_Annual
CHN 06,2016-17,0.43,,,Descending,,Real_Annual
CHN 06,2017-18,0.45,,,Descending,,Real_Annual
CHN 06,2018-19,0.46,,,Descending,,Real_Annual
CHN 06,2019-20,0.49,,,Descending,,Real_Annual
CHN 06,2020-21,0.53,,,Descending,,Real_Annual
CHN 06,2021-22,0.5,,,Descending,,Real_Annual
CHN 06,2022-23,0.5,,,Descending,,Real_Annual
CHN 06,2023-24,0.5,,,Descending,,Real_Annual
CHN 07,2011-12,0.12,,,Descending,,Real_Annual
CHN 07,2012-13,0.12,,,Descending,,Real_Annual
CHN 07,2013-14,0.15,,,Descending,,Real_Annual
CHN 07,2014-15,0.15,,,Descending,,Real_Annual
CHN 07,2015-16,0.16,,,Descending,,Real_Annual
CHN 07,2016-17,0.17,,,Descending,,Real_Annual
CHN 07,2017-18,0.18,,,Descending,,Real_Annual
CHN 07,2018-19,0.19,,,Descending,,Real_Annual
CHN 07,2019-20,0.22,,,Descending,,Real_Annual
CHN 07,2020-21,0.24,,,Descending,,Real_Annual
CHN 07,2021-22,0.22,,,Descending,,Real_Annual
CHN 07,2022-23,0.22,,,Descending,,Real_Annual
CHN 07,2023-24,0.23,,,Descending,,Real_Annual
CHN 08a,2010-11,4068.1593,5943580.701685334,1461.0,Ascending,,Real_Annual
CHN 08a,2011-12,4271.855,6121568.159370522,1433.0,Ascending,,Real_Annual
CHN 08a,2012-13,4081.9291,5984107.961299097,1466.0,Ascending,,Real_Annual
CHN 08a,2013-14,4236.8778,6215499.626674457,1467.0,Ascending,,Real_Annual
CHN 08a,2014-15,4267.0608,6524336.176662103,1529.0,Ascending,,Real_Annual
CHN 08a,2015-16,4551.543,6722628.820884941,1477.0,Ascending,,Real_Annual
CHN 08a,2016-17,4436.9904,6695418.532424491,1509.0,Ascending,,Real_Annual
CHN 08a,2017-18,4529.7299,6848951.415110658,1512.0,Ascending,,Real_Annual
CHN 08a,2018-19,4845.5582,7016368.055488576,1448.0,Ascending,,Real_Annual
CHN 08a,2019-20,4738.441,6804401.199727824,1436.0,Ascending,,Real_Annual
CHN 08a,2020-21,5336.0954,6760833.0170372585,1267.0,Ascending,,Real_Annual
CHN 08a,2021-22,5589.6864,7054184.313179371,1262.0,Ascending,,Real_Annual
CHN 08a,2022-23,5244.8469,6923197.845876918,1320.0,Ascending,,Real_Annual
CHN 08a,2023-24,5477.1782,7251783.993940698,1324.0,Ascending,,Real_Annual
CHN 08b,2010-11,296.3954,4377760.526747967,14770.0,Ascending,,Real_Annual
CHN 08b,2011-12,313.517,4644754.640198825,14815.0,Ascending,,Real_Annual
CHN 08b,2012-13,348.0492,5069685.06325875,14566.0,Ascending,,Real_Annual
CHN 08b,2013-14,360.6921,5097662.35171917,14133.0,Ascending,,Real_Annual
CHN 08b,2014-15,374.6119,5196240.661330611,13871.0,Ascending,,Real_Annual
CHN 08b,2015-16,389.6507,5392767.3593996735,13840.0,Ascending,,Real_Annual
CHN 08b,2016-17,414.3144,5546842.105547357,13388.0,Ascending,,Real_Annual
CHN 08b,2017-18,430.0186,5608301.570929514,13042.0,Ascending,,Real_Annual
CHN 08b,2018-19,433.9966,5561233.063239089,12814.0,Ascending,,Real_Annual
CHN 08b,2019-20,428.8946,5585066.119007366,13022.0,Ascending,,Real_Annual
CHN 08b,2020-21,460.1261,5490685.294011142,11933.0,Ascending,,Real_Annual
CHN 08b,2021-22,475.6585,5320241.319017959,11185.0,Ascending,,Real_Annual
CHN 08b,2022-23,461.0049,5018498.642106952,10886.0,Ascending,,Real_Annual
CHN 08b,2023-24,492.2316,5177293.128639062,10518.0,Ascending,,Real_Annual
CHN 09,2010-11,0.90998706179533,,,Descending,,Real_Annual
CHN 09,2011-12,0.911804529788282,,,Descending,,Real_Annual
CHN 09,2012-13,0.908557884231537,,,Descending,,Real_Annual
CHN 09,2013-14,0.905961538461538,,,Descending,,Real_Annual
CHN 09,2014-15,0.900714285714286,,,Descending,,Real_Annual
CHN 09,2015-16,0.9035711954038,,,Descending,,Real_Annual
CHN 09,2016-17,0.898704437134994,,,Descending,,Real_Annual
CHN 09,2017-18,0.896111034767074,,,Descending,,Real_Annual
CHN 09,2018-19,0.898471462627962,,,Descending,,Real_Annual
CHN 09,2019-20,0.90067782542537,,,Descending,,Real_Annual
CHN 09,2020-21,0.904015151515152,,,Descending,,Real_Annual
CHN 09,2021-22,0.898610106853057,,,Descending,,Real_Annual
CHN 09,2022-23,0.891856464034082,,,Descending,,Real_Annual
CHN 09,2023-24,0.888194561729438,,,Descending,,Real_Annual
CHN 10,2013-14,0.824666666666667,,,Descending,,Real_Annual
CHN 10,2014-15,0.810333333333333,,,Descending,,Real_Annual
CHN 10,2015-16,0.779333333333333,,,Descending,,Real_Annual
CHN 10,2016-17,0.754333333333333,,,Descending,,Real_Annual
CHN 10,2017-18,0.724,,,Descending,,Real_Annual
CHN 10,2018-19,0.713666666666667,,,Descending,,Real_Annual
CHN 10,2019-20,0.713,,,Descending,,Real_Annual
CHN 10,2020-21,0.740666666666667,,,Descending,,Real_Annual
CHN 10,2021-22,0.750666666666667,,,Descending,,Real_Annual
CHN 10,2022-23,0.737666666666667,,,Descending,,Real_Annual
CHN 10,2023-24,0.708666666666667,,,Descending,,Real_Annual
CHN 10,2024-25,0.69,,,Descending,,Real_Annual
CHN 11,2011-12,0.903,,,Descending,,Real_Annual
CHN 11,2012-13,0.919,,,Descending,,Real_Annual
CHN 11,2013-14,0.926,,,Descending,,Real_Annual
CHN 11,2014-15,0.932,,,Descending,,Real_Annual
CHN 11,2015-16,0.935,,,Descending,,Real_Annual
CHN 11,2016-17,0.939,,,Descending,,Real_Annual
CHN 11,2017-18,0.946,,,Descending,,Real_Annual
CHN 11,2018-19,0.95,,,Descending,,Real_Annual
CHN 11,2019-20,0.933,,,Descending,,Real_Annual
CHN 11,2020-21,0.955,,,Descending,,Real_Annual
CHN 11,2021-22,0.957,,,Descending,,Real_Annual
CHN 11,2022-23,0.959,,,Descending,,Real_Annual
CHN 11,2023-24,0.957133671501036,,,Descending,,Real_Annual
CHN 12a,2011-12,769.68,,,Descending,,Real_Annual
CHN 12a,2012-13,797.61,,,Descending,,Real_Annual
CHN 12a,2013-14,826.62,,,Descending,,Real_Annual
CHN 12a,2014-15,860.04,,,Descending,,Real_Annual
CHN 12a,2015-16,877.23,,,Descending,,Real_Annual
CHN 12a,2016-17,888.15,,,Descending,,Real_Annual
CHN 12a,2017-18,893.97,,,Descending,,Real_Annual
CHN 12a,2018-19,894.59,,,Descending,,Real_Annual
CHN 12a,2019-20,925.1,,,Descending,,Real_Annual
CHN 12a,2020-21,962.8,,,Descending,,Real_Annual
CHN 12a,2021-22,972.46,,,Descending,,Real_Annual
CHN 12a,2022-23,918.43,,,Descending,,Real_Annual
CHN 12a,2023-24,919.27,,,Descending,,Real_Annual
CHN 12a,2024-25,922.23,,,Descending,,Real_Annual
CHN 12b,2011-12,478.0,,,Descending,,Real_Annual
CHN 12b,2012-13,510.0,,,Descending,,Real_Annual
CHN 12b,2013-14,551.0,,,Descending,,Real_Annual
CHN 12b,2014-15,581.0,,,Descending,,Real_Annual
CHN 12b,2015-16,603.0,,,Descending,,Real_Annual
CHN 12b,2016-17,625.0,,,Descending,,Real_Annual
CHN 12b,2017-18,620.0,,,Descending,,Real_Annual
CHN 12b,2018-19,627.0,,,Descending,,Real_Annual
CHN 12b,2019-20,645.0,,,Descending,,Real_Annual
CHN 12b,2020-21,678.0,,,Descending,,Real_Annual
CHN 12b,2021-22,691.0,,,Descending,,Real_Annual
CHN 12b,2022-23,661.0,,,Descending,,Real_Annual
CHN 12b,2023-24,661.0,,,Descending,,Real_Annual
CHN 12b,2024-25,655.0,,,Descending,,Real_Annual
CHN 12c,2011-12,618.0,,,Descending,,Real_Annual
CHN 12c,2012-13,644.0,,,Descending,,Real_Annual
CHN 12c,2013-14,685.0,,,Descending,,Real_Annual
CHN 12c,2014-15,716.0,,,Descending,,Real_Annual
CHN 12c,2015-16,741.0,,,Descending,,Real_Annual
CHN 12c,2016-17,751.0,,,Descending,,Real_Annual
CHN 12c,2017-18,752.0,,,Descending,,Real_Annual
CHN 12c,2018-19,742.0,,,Descending,,Real_Annual
CHN 12c,2019-20,754.0,,,Descending,,Real_Annual
CHN 12c,2020-21,807.0,,,Descending,,Real_Annual
CHN 12c,2021-22,818.0,,,Descending,,Real_Annual
CHN 12c,2022-23,783.0,,,Descending,,Real_Annual
CHN 12c,2023-24,764.0,,,Descending,,Real_Annual
CHN 12c,2024-25,772.0,,,Descending,,Real_Annual
CHN 12d,2011-12,759.0,,,Descending,,Real_Annual
CHN 12d,2012-13,788.0,,,Descending,,Real_Annual
CHN 12d,2013-14,816.0,,,Descending,,Real_Annual
CHN 12d,2014-15,851.0,,,Descending,,Real_Annual
CHN 12d,2015-16,864.0,,,Descending,,Real_Annual
CHN 12d,2016-17,882.0,,,Descending,,Real_Annual
CHN 12d,2017-18,899.0,,,Descending,,Real_Annual
CHN 12d,2018-19,875.0,,,Descending,,Real_Annual
CHN 12d,2019-20,901.0,,,Descending,,Real_Annual
CHN 12d,2020-21,965.0,,,Descending,,Real_Annual
CHN 12d,2021-22,958.0,,,Descending,,Real_Annual
CHN 12d,2022-23,908.0,,,Descending,,Real_Annual
CHN 12d,2023-24,892.0,,,Descending,,Real_Annual
CHN 12d,2024-25,895.0,,,Descending,,Real_Annual
CHN 12e,2011-12,909.0,,,Descending,,Real_Annual
CHN 12e,2012-13,929.0,,,Descending,,Real_Annual
CHN 12e,2013-14,962.0,,,Descending,,Real_Annual
CHN 12e,2014-15,984.0,,,Descending,,Real_Annual
CHN 12e,2015-16,998.0,,,Descending,,Real_Annual
CHN 12e,2016-17,1002.0,,,Descending,,Real_Annual
CHN 12e,2017-18,1019.0,,,Descending,,Real_Annual
CHN 12e,2018-19,1015.0,,,Descending,,Real_Annual
CHN 12e,2019-20,1025.0,,,Descending,,Real_Annual
CHN 12e,2020-21,1099.0,,,Descending,,Real_Annual
CHN 12e,2021-22,1105.0,,,Descending,,Real_Annual
CHN 12e,2022-23,1054.0,,,Descending,,Real_Annual
CHN 12e,2023-24,1051.0,,,Descending,,Real_Annual
CHN 12e,2024-25,1049.0,,,Descending,,Real_Annual
CHN 12f,2011-12,1101.0,,,Descending,,Real_Annual
CHN 12f,2012-13,1134.0,,,Descending,,Real_Annual
CHN 12f,2013-14,1149.0,,,Descending,,Real_Annual
CHN 12f,2014-15,1185.0,,,Descending,,Real_Annual
CHN 12f,2015-16,1197.0,,,Descending,,Real_Annual
CHN 12f,2016-17,1210.0,,,Descending,,Real_Annual
CHN 12f,2017-18,1224.0,,,Descending,,Real_Annual
CHN 12f,2018-19,1195.0,,,Descending,,Real_Annual
CHN 12f,2019-20,1236.0,,,Descending,,Real_Annual
CHN 12f,2020-21,1311.0,,,Descending,,Real_Annual
CHN 12f,2021-22,1310.0,,,Descending,,Real_Annual
CHN 12f,2022-23,1268.0,,,Descending,,Real_Annual
CHN 12f,2023-24,1262.0,,,Descending,,Real_Annual
CHN 12f,2024-25,1269.0,,,Descending,,Real_Annual
CHN 13a,2018-19,0.72300079505,,,Descending,,Real_Annual
CHN 13a,2020-21,0.669,,,Descending,,Real_Annual
CHN 13a,2021-22,0.705,,,Descending,,Real_Annual
CHN 13a,2022-23,0.727,,,Descending,,Real_Annual
CHN 13a,2023-24,0.74,,,Descending,,Real_Annual
CHN 13a,2024-25,0.745,,,Descending,,Real_Annual
CHN 13b,2018-19,0.79071225375,,,Descending,,Real_Annual
CHN 13b,2020-21,0.747,,,Descending,,Real_Annual
CHN 13b,2021-22,0.779,,,Descending,,Real_Annual
CHN 13b,2022-23,0.796,,,Descending,,Real_Annual
CHN 13b,2023-24,0.803,,,Descending,,Real_Annual
CHN 13b,2024-25,0.803,,,Descending,,Real_Annual
CHN 14a,2018-19,20.663391295,,,Ascending,,Real_Annual
CHN 14a,2020-21,24.697278695,,,Ascending,,Real_Annual
CHN 14a,2021-22,21.34438677328,,,Ascending,,Real_Annual
CHN 14a,2022-23,20.463481024,,,Ascending,,Real_Annual
CHN 14a,2023-24,20.238027937,,,Ascending,,Real_Annual
CHN 14a,2024-25,19.35890329,,,Ascending,,Real_Annual
CHN 14b,2018-19,16.805955246,,,Ascending,,Real_Annual
CHN 14b,2020-21,21.420459398,,,Ascending,,Real_Annual
CHN 14b,2021-22,17.761179002916,,,Ascending,,Real_Annual
CHN 14b,2022-23,16.959826515,,,Ascending,,Real_Annual
CHN 14b,2023-24,17.410284919,,,Ascending,,Real_Annual
CHN 14b,2024-25,16.606049006,,,Ascending,,Real_Annual
CHN 17,2013-14,0.808006074648079,,,Descending,,Real_Annual
CHN 17,2014-15,0.807912687585266,,,Descending,,Real_Annual
CHN 17,2015-16,0.815827652681996,,,Descending,,Real_Annual
CHN 17,2016-17,0.823696332432799,,,Descending,,Real_Annual
CHN 17,2017-18,0.84601595587511,,,Descending,,Real_Annual
CHN 17,2018-19,0.854824768191104,,,Descending,,Real_Annual
CHN 17,2019-20,0.857095325237064,,,Descending,,Real_Annual
CHN 17,2020-21,0.850701846965699,,,Descending,,Real_Annual
CHN 17,2021-22,0.821634467279848,,,Descending,,Real_Annual
CHN 17,2022-23,0.820682371309179,,,Descending,,Real_Annual
CHN 17,2023-24,0.832729696700366,,,Descending,,Real_Annual
CHN 18,2010-11,0.871317157712305,,,Descending,,Real_Annual
CHN 18,2011-12,0.90567612687813,,,Descending,,Real_Annual
CHN 18,2012-13,0.913254965545197,,,Descending,,Real_Annual
CHN 18,2013-14,0.925896728419393,,,Descending,,Real_Annual
CHN 18,2014-15,0.934773909563825,,,Descending,,Real_Annual
CHN 18,2015-16,0.919051512673753,,,Descending,,Real_Annual
CHN 18,2016-17,0.916700528240553,,,Descending,,Real_Annual
CHN 18,2017-18,0.910326086956522,,,Descending,,Real_Annual
CHN 18,2018-19,0.905845429580228,,,Descending,,Real_Annual
CHN 18,2019-20,0.902,,,Descending,,Real_Annual
CHN 18,2020-21,0.909274193548387,,,Descending,,Real_Annual
CHN 18,2021-22,0.894039735099338,,,Descending,,Real_Annual
CHN 18,2022-23,0.900928792569659,,,Descending,,Real_Annual
CHN 18,2023-24,0.897574123989218,,,Descending,,Real_Annual
CHN 18,2024-25,0.89,,,Descending,,Real_Annual
CHN 19a,2010-11,0.931,,,Descending,,Real_Annual
CHN 19a,2012-13,0.936,,,Descending,,Real_Annual
CHN 19a,2014-15,0.937,,,Descending,,Real_Annual
CHN 19a,2016-17,0.933,,,Descending,,Real_Annual
CHN 19a,2018-19,0.929549,,,Descending,,Real_Annual
CHN 19a,2020-21,0.92,,,Descending,,Real_Annual
CHN 19a,2022-23,0.902,,,Descending,,Real_Annual
CHN 19a,2023-24,0.903,,,Descending,,Real_Annual
CHN 19a,2024-25,0.9097896082224,,,Descending,,Real_Annual
CHN 19b,2010-11,0.8632,,,Descending,,Real_Annual
CHN 19b,2012-13,0.8865,,,Descending,,Real_Annual
CHN 19b,2014-15,0.89,,,Descending,,Real_Annual
CHN 19b,2016-17,0.8822,,,Descending,,Real_Annual
CHN 19b,2018-19,0.8678,,,Descending,,Real_Annual
CHN 19b,2020-21,0.8789,,,Descending,,Real_Annual
CHN 19b,2022-23,0.8438788379065,,,Descending,,Real_Annual
CHN 19b,2023-24,0.836906512950947,,,Descending,,Real_Annual
CHN 20a,2010-11,40.0,,,Ascending,,Real_Annual
CHN 20a,2012-13,32.8,,,Ascending,,Real_Annual
CHN 20a,2014-15,27.2,,,Ascending,,Real_Annual
CHN 20a,2016-17,26.84,,,Ascending,,Real_Annual
CHN 20a,2018-19,21.65,,,Ascending,,Real_Annual
CHN 20a,2022-23,16.5584,,,Ascending,,Real_Annual
CHN 20a,2024-25,15.170751099655,,,Ascending,,Real_Annual
CHN 20a,2020-21,11.87,,,Ascending,,Real_Annual
CHN 20b,2010-11,340.78,,,Ascending,,Real_Annual
CHN 20b,2012-13,280.3,,,Ascending,,Real_Annual
CHN 20b,2014-15,246.85,,,Ascending,,Real_Annual
CHN 20b,2016-17,210.15,,,Ascending,,Real_Annual
CHN 20b,2018-19,152.16,,,Ascending,,Real_Annual
CHN 20b,2020-21,77.81,,,Ascending,,Real_Annual
CHN 20b,2022-23,96.9475712402393,,,Ascending,,Real_Annual
CHN 21,2015-16,0.903728996315931,,,Descending,,Real_Annual
CHN 21,2016-17,0.910745321623983,,,Descending,,Real_Annual
CHN 21,2017-18,0.918297791768242,,,Descending,,Real_Annual
CHN 21,2018-19,0.915648399820405,,,Descending,,Real_Annual
CHN 21,2019-20,0.921322840456158,,,Descending,,Real_Annual
CHN 21,2020-21,0.921794062516564,,,Descending,,Real_Annual
CHN 21,2021-22,0.923522744590064,,,Descending,,Real_Annual
CHN 21,2022-23,0.926466152154038,,,Descending,,Real_Annual
CHN 21,2023-24,0.927311198649409,,,Descending,,Real_Annual
CHN 21,2024-25,0.933039099240455,,,Descending,,Real_Annual
CHN 22,2012-13,0.0646906610209362,,,Ascending,,Real_Annual
CHN 22,2013-14,0.0677196019039377,,,Ascending,,Real_Annual
CHN 22,2014-15,0.0674846625766871,,,Ascending,,Real_Annual
CHN 22,2015-16,0.0616647127784291,,,Ascending,,Real_Annual
CHN 22,2016-17,0.0647565804798509,,,Ascending,,Real_Annual
CHN 22,2017-18,0.0595854922279793,,,Ascending,,Real_Annual
CHN 22,2018-19,0.0721769499417928,,,Ascending,,Real_Annual
CHN 22,2019-20,0.0692443770533232,,,Ascending,,Real_Annual
CHN 22,2020-21,0.0699909882847702,,,Ascending,,Real_Annual
CHN 22,2021-22,0.0800373715353472,,,Ascending,,Real_Annual
CHN 22,2022-23,0.0561514195583596,,,Ascending,,Real_Annual
CHN 22,2023-24,0.0580991474581623,,,Ascending,,Real_Annual
CHN 23,2010-11,0.211242457825391,,,Ascending,,Real_Annual
CHN 23,2011-12,0.213648390868254,,,Ascending,,Real_Annual
CHN 23,2012-13,0.212013473053892,,,Ascending,,Real_Annual
CHN 23,2013-14,0.219358974358974,,,Ascending,,Real_Annual
CHN 23,2014-15,0.213506493506494,,,Ascending,,Real_Annual
CHN 23,2015-16,0.206829013514396,,,Ascending,,Real_Annual
CHN 23,2016-17,0.211854735852856,,,Ascending,,Real_Annual
CHN 23,2017-18,0.201319224955339,,,Ascending,,Real_Annual
CHN 23,2018-19,0.195133922311036,,,Ascending,,Real_Annual
CHN 23,2019-20,0.166758887812976,,,Ascending,,Real_Annual
CHN 23,2020-21,0.168106060606061,,,Ascending,,Real_Annual
CHN 23,2021-22,0.159717200931951,,,Ascending,,Real_Annual
CHN 23,2022-23,0.172,,,Ascending,,Real_Annual
CHN 23,2023-24,0.17497,,,Ascending,,Real_Annual
CHN 24,2014-15,0.1909019,,,Ascending,,Real_Annual
CHN 24,2015-16,0.201858026,,,Ascending,,Real_Annual
CHN 24,2016-17,0.20440301,,,Ascending,,Real_Annual
CHN 24,2017-18,0.205923535,,,Ascending,,Real_Annual
CHN 24,2018-19,0.200287531,,,Ascending,,Real_Annual
CHN 24,2019-20,0.215520236,,,Ascending,,Real_Annual
CHN 24,2020-21,0.197405116,,,Ascending,,Real_Annual
CHN 24,2021-22,0.215097443,,,Ascending,,Real_Annual
CHN 24,2022-23,0.218429865,,,Ascending,,Real_Annual
CHN 24,2023-24,0.207441053,,,Ascending,,Real_Annual
CLIM 01,2010-11,7.840511208,,,Ascending,,Real_Annual
CLIM 01,2011-12,7.106867795,,,Ascending,,Real_Annual
CLIM 01,2012-13,7.275594871,,,Ascending,,Real_Annual
CLIM 01,2013-14,7.064108287,,,Ascending,,Real_Annual
CLIM 01,2014-15,6.202947181,,,Ascending,,Real_Annual
CLIM 01,2015-16,6.080736901,,,Ascending,,Real_Annual
CLIM 01,2016-17,5.673313384,,,Ascending,,Real_Annual
CLIM 01,2017-18,5.527321994,,,Ascending,,Real_Annual
CLIM 01,2018-19,5.477336973,,,Ascending,,Real_Annual
CLIM 01,2019-20,5.176428475,,,Ascending,,Real_Annual
CLIM 01,2020-21,4.586496746,,,Ascending,,Real_Annual
CLIM 01,2021-22,4.986560143,,,Ascending,,Real_Annual
CLIM 01,2022-23,4.684066362,,,Ascending,,Real_Annual
CLIM 01,2023-24,4.59023637,,,Ascending,,Real_Annual
CLIM 02,2010-11,7.241849485,,,Ascending,,Real_Annual
CLIM 02,2011-12,6.523039409,,,Ascending,,Real_Annual
CLIM 02,2012-13,6.751329394,,,Ascending,,Real_Annual
CLIM 02,2013-14,6.527289137,,,Ascending,,Real_Annual
CLIM 02,2014-15,5.766105252,,,Ascending,,Real_Annual
CLIM 02,2015-16,5.616227278,,,Ascending,,Real_Annual
CLIM 02,2016-17,5.209658673,,,Ascending,,Real_Annual
CLIM 02,2017-18,5.04674362,,,Ascending,,Real_Annual
CLIM 02,2018-19,4.883539521,,,Ascending,,Real_Annual
CLIM 02,2019-20,4.651205,,,Ascending,,Real_Annual
CLIM 02,2020-21,4.16852416,,,Ascending,,Real_Annual
CLIM 02,2021-22,4.558594037,,,Ascending,,Real_Annual
CLIM 02,2022-23,4.212904506,,,Ascending,,Real_Annual
CLIM 02,2023-24,4.041124815,,,Ascending,,Real_Annual
CLIM 03,2017-18,26.6792686320711,143798590.0,5389900.0,Ascending,,Real_Annual
CLIM 03,2018-19,30.5673006692249,164889190.0,5394300.0,Ascending,,Real_Annual
CLIM 03,2019-20,29.4043778042646,159207063.18341002,5414400.0,Ascending,,Real_Annual
CLIM 03,2020-21,21.631194575868,117091819.358631,5413100.0,Ascending,,Real_Annual
CLIM 03,2021-22,27.2795970640617,147811768.731912,5418400.0,Ascending,,Real_Annual
CLIM 03,2022-23,27.8339260841517,151611395.38037398,5447000.0,Ascending,,Real_Annual
CLIM 03,2023-24,28.6673380493263,157386552.624606,5490100.0,Ascending,,Real_Annual
CLIM 04,2017-18,91.4923709159725,493134730.0,5389900.0,Ascending,,Real_Annual
CLIM 04,2018-19,70.6694751867712,381212350.0,5394300.0,Ascending,,Real_Annual
CLIM 04,2019-20,55.9781784419585,303088249.35613996,5414400.0,Ascending,,Real_Annual
CLIM 04,2020-21,44.0203494292069,238286553.49524,5413100.0,Ascending,,Real_Annual
CLIM 04,2021-22,46.5768341823627,252371918.333714,5418400.0,Ascending,,Real_Annual
CLIM 04,2022-23,43.7185213722183,238134785.914473,5447000.0,Ascending,,Real_Annual
CLIM 04,2023-24,46.7440201612645,256629345.087358,5490100.0,Ascending,,Real_Annual
CLIM 05,2017-18,64.8730273288929,349659130.0,5389900.0,Ascending,,Real_Annual
CLIM 05,2018-19,60.7797295311718,327864095.01,5394300.0,Ascending,,Real_Annual
CLIM 05,2019-20,56.4491778798205,305638428.71250004,5414400.0,Ascending,,Real_Annual
CLIM 05,2020-21,59.6910578336628,323113665.15940005,5413100.0,Ascending,,Real_Annual
CLIM 05,2021-22,61.5822742675711,333677394.891407,5418400.0,Ascending,,Real_Annual
CLIM 05,2022-23,57.5715601396632,313592288.08074504,5447000.0,Ascending,,Real_Annual
CLIM 05,2023-24,56.1712315289854,308385678.217282,5490100.0,Ascending,,Real_Annual
CORP 01,2010-11,0.0543,1134620.9955,20882925.7207,Ascending,,Real_Annual
CORP 01,2011-12,0.057,1142550.8184,20034746.2659,Ascending,,Real_Annual
CORP 01,2012-13,0.0559,1109645.1269,19838766.3443,Ascending,,Real_Annual
CORP 01,2013-14,0.0522,1033769.2148,19807739.9668,Ascending,,Real_Annual
CORP 01,2014-15,0.0523,1034938.8933,19793323.0704,Ascending,,Real_Annual
CORP 01,2015-16,0.0533,1056545.3003,19833837.3748,Ascending,,Real_Annual
CORP 01,2016-17,0.0498,980265.5885,19664505.834,Ascending,,Real_Annual
CORP 01,2017-18,0.0445,876892.5844,19718649.6945,Ascending,,Real_Annual
CORP 01,2018-19,0.0428,847516.1561,19816393.6355,Ascending,,Real_Annual
CORP 01,2019-20,0.0397,816891.6458,20557166.7515,Ascending,,Real_Annual
CORP 01,2020-21,0.0404,825388.9647,20457579.4938,Ascending,,Real_Annual
CORP 01,2021-22,0.0406,849764.2763,20921640.4265,Ascending,,Real_Annual
CORP 01,2022-23,0.0403,845457.7014,20961834.3861,Ascending,,Real_Annual
CORP 01,2023-24,0.0406,870313.4706,21444354.8027,Ascending,,Real_Annual
CORP 01,2024-25,0.0403,848285.0,21030140.0,Ascending,,Real_Annual
CORP 03b,2010-11,0.4626,4994.0,10795.0,Goldilocks,0.5,Real_Annual
CORP 03b,2011-12,0.485,5196.0,10713.0,Goldilocks,0.5,Real_Annual
CORP 03b,2012-13,0.4871,4785.0,9822.0,Goldilocks,0.5,Real_Annual
CORP 03b,2013-14,0.507,5080.0,10019.0,Goldilocks,0.5,Real_Annual
CORP 03b,2014-15,0.5166,5451.0,10551.0,Goldilocks,0.5,Real_Annual
CORP 03b,2015-16,0.5189,5128.0,9882.0,Goldilocks,0.5,Real_Annual
CORP 03b,2016-17,0.529,5119.0,9677.0,Goldilocks,0.5,Real_Annual
CORP 03b,2017-18,0.5463,5485.0,10040.0,Goldilocks,0.5,Real_Annual
CORP 03b,2018-19,0.5553,5755.0,10363.0,Goldilocks,0.5,Real_Annual
CORP 03b,2019-20,0.5674,5920.0,10433.0,Goldilocks,0.5,Real_Annual
CORP 03b,2020-21,0.5806,6366.0,10964.0,Goldilocks,0.5,Real_Annual
CORP 03b,2021-22,0.5898,6651.0,11277.0,Goldilocks,0.5,Real_Annual
CORP 03b,2022-23,0.5884,6314.0,10731.0,Goldilocks,0.5,Real_Annual
CORP 03b,2023-24,0.5981,6208.0,10379.0,Goldilocks,0.5,Real_Annual
CORP 03b,2024-25,0.6026,6160.0,10222.0,Goldilocks,0.5,Real_Annual
CORP 03c,2015-16,0.045,19.685,18.803,Goldilocks,0.0,Real_Annual
CORP 03c,2016-17,0.0421,19.6388,18.8134,Goldilocks,0.0,Real_Annual
CORP 03c,2017-18,0.0393,19.6908,18.9145,Goldilocks,0.0,Real_Annual
CORP 03c,2018-19,0.0418,19.8465,19.0243,Goldilocks,0.0,Real_Annual
CORP 03c,2019-20,0.034,20.1743,19.4965,Goldilocks,0.0,Real_Annual
CORP 03c,2020-21,0.0366,20.2841,19.5478,Goldilocks,0.0,Real_Annual
CORP 03c,2021-22,0.0354,20.1769,19.4693,Goldilocks,0.0,Real_Annual
CORP 03c,2022-23,0.0252,20.1654,19.6642,Goldilocks,0.0,Real_Annual
CORP 03c,2023-24,0.0202,20.5703,20.1527,Goldilocks,0.0,Real_Annual
CORP 03c,2024-25,0.0147,20.7099,20.4058,Goldilocks,0.0,Real_Annual
CORP 04,2010-11,19.9898,49914729.9277,2496429.0,Ascending,,Real_Annual
CORP 04,2011-12,18.6933,46903714.7056,2509142.0,Ascending,,Real_Annual
CORP 04,2012-13,18.514,46688965.694,2521219.0,Ascending,,Real_Annual
CORP 04,2013-14,16.5537,41941636.3706,2534499.0,Ascending,,Real_Annual
CORP 04,2014-15,14.7351,37588630.9993,2550555.0,Ascending,,Real_Annual
CORP 04,2015-16,13.8183,35488800.3902,2567508.0,Ascending,,Real_Annual
CORP 04,2016-17,11.7518,30393974.2115,2587271.0,Ascending,,Real_Annual
CORP 04,2017-18,9.509,24800423.3127,2606553.0,Ascending,,Real_Annual
CORP 04,2018-19,8.7532,22993828.4957,2626234.0,Ascending,,Real_Annual
CORP 04,2019-20,8.1338,21557618.7196,2649232.0,Ascending,,Real_Annual
CORP 04,2020-21,7.9737,21249537.8768,2664933.0,Ascending,,Real_Annual
CORP 04,2021-22,7.7237,20764022.9005,2688365.0,Ascending,,Real_Annual
CORP 04,2022-23,7.4665,20241605.0933,2710958.0,Ascending,,Real_Annual
CORP 04,2023-24,6.1093,16682172.9089,2730627.0,Ascending,,Real_Annual
CORP 04,2024-25,5.978,16429137.17,2748264.0,Ascending,,Real_Annual
CORP 06a,2010-11,6.6,349345.0,52900.0,Ascending,,Real_Annual
CORP 06a,2011-12,6.21,312235.0,50289.0,Ascending,,Real_Annual
CORP 06a,2012-13,6.64,317378.0,47768.0,Ascending,,Real_Annual
CORP 06a,2013-14,6.1,308559.0,50595.0,Ascending,,Real_Annual
CORP 06a,2014-15,6.28,317074.0,50485.0,Ascending,,Real_Annual
CORP 06a,2015-16,6.09,306807.0,50340.0,Ascending,,Real_Annual
CORP 06a,2016-17,6.06,310780.0,51269.0,Ascending,,Real_Annual
CORP 06a,2017-18,5.93,313918.0,52906.0,Ascending,,Real_Annual
CORP 06a,2018-19,6.21,328747.0,52956.0,Ascending,,Real_Annual
CORP 06a,2019-20,6.35,346464.0,54562.0,Ascending,,Real_Annual
CORP 06a,2020-21,4.1101,224632.0,54653.0,Ascending,,Real_Annual
CORP 06a,2021-22,5.8163,326350.0,56109.0,Ascending,,Real_Annual
CORP 06a,2022-23,6.7793,380411.0,56113.0,Ascending,,Real_Annual
CORP 06a,2023-24,7.6273,430102.0,56390.0,Ascending,,Real_Annual
CORP 06a,2024-25,7.7833,433410.0,55685.0,Ascending,,Real_Annual
CORP 06b,2010-11,10.79,1731251.0,160403.0,Ascending,,Real_Annual
CORP 06b,2011-12,10.38,1542024.0,148549.0,Ascending,,Real_Annual
CORP 06b,2012-13,10.9,1483040.0,136067.0,Ascending,,Real_Annual
CORP 06b,2013-14,10.34,1509872.0,146092.0,Ascending,,Real_Annual
CORP 06b,2014-15,10.8,1570110.0,145398.0,Ascending,,Real_Annual
CORP 06b,2015-16,10.63,1529113.0,143794.0,Ascending,,Real_Annual
CORP 06b,2016-17,10.92,1564271.0,143295.0,Ascending,,Real_Annual
CORP 06b,2017-18,11.41,1641333.0,143890.0,Ascending,,Real_Annual
CORP 06b,2018-19,11.49,1714874.0,149272.0,Ascending,,Real_Annual
CORP 06b,2019-20,11.9,1826070.0,153472.0,Ascending,,Real_Annual
CORP 06b,2020-21,9.5833,1459147.0,152259.0,Ascending,,Real_Annual
CORP 06b,2021-22,12.1651,1915168.0,157431.0,Ascending,,Real_Annual
CORP 06b,2022-23,13.2777,2127716.0,160248.0,Ascending,,Real_Annual
CORP 06b,2023-24,13.8878,2227627.0,160402.0,Ascending,,Real_Annual
CORP 06b,2024-25,14.5423,2320641.0,159579.0,Ascending,,Real_Annual
CORP 07,2010-11,0.9474,2697852615.3214,2847707660.9751,Descending,,Real_Annual
CORP 07,2011-12,0.9508,2671014112.7918,2809125855.8307,Descending,,Real_Annual
CORP 07,2012-13,0.9516,2655318913.565,2790252552.8186,Descending,,Real_Annual
CORP 07,2013-14,0.9523,2643451530.3616,2775820916.0334,Descending,,Real_Annual
CORP 07,2014-15,0.9546,2662477908.1878,2789118183.1883,Descending,,Real_Annual
CORP 07,2015-16,0.9566,2694597248.3746,2816907869.3279,Descending,,Real_Annual
CORP 07,2016-17,0.9583,2686792304.5883,2803783822.8397,Descending,,Real_Annual
CORP 07,2017-18,0.96,2941269494.444,3063803966.875,Descending,,Real_Annual
CORP 07,2018-19,0.9601,2949319511.6429,3071776926.4922,Descending,,Real_Annual
CORP 07,2019-20,0.9576,3014041812.654,3147402082.0059,Descending,,Real_Annual
CORP 07,2020-21,0.9477,3036932402.9246,3204509140.9418,Descending,,Real_Annual
CORP 07,2021-22,0.9573,3038890856.819,3174287681.3904,Descending,,Real_Annual
CORP 07,2022-23,0.9624,2975296517.4328,3091497216.8631,Descending,,Real_Annual
CORP 07,2023-24,0.9549,2978989842.7203,3119843079.1023,Descending,,Real_Annual
CORP 07,2024-25,0.9545,2932484326.0,3072230404.0,Descending,,Real_Annual
CORP 08,2010-11,0.8954,4339672.0,4846881.0,Descending,,Real_Annual
CORP 08,2011-12,0.9019,4134110.0,4583818.0,Descending,,Real_Annual
CORP 08,2012-13,0.9047,4017146.0,4440209.0,Descending,,Real_Annual
CORP 08,2013-14,0.9193,4181368.0,4548263.0,Descending,,Real_Annual
CORP 08,2014-15,0.9252,4195649.0,4534655.0,Descending,,Real_Annual
CORP 08,2015-16,0.9277,4112861.0,4433466.0,Descending,,Real_Annual
CORP 08,2016-17,0.9306,4273991.0,4592738.0,Descending,,Real_Annual
CORP 08,2017-18,0.9319,4177397.0,4482608.0,Descending,,Real_Annual
CORP 08,2018-19,0.9268,4337611.0,4680100.0,Descending,,Real_Annual
CORP 08,2019-20,0.9172,4189273.0,4567662.0,Descending,,Real_Annual
CORP 08,2020-21,0.9176,3340232.0,3640220.0,Descending,,Real_Annual
CORP 08,2021-22,0.922,3915257.0,4246612.0,Descending,,Real_Annual
CORP 08,2022-23,0.9048,3892004.0,4301644.0,Descending,,Real_Annual
CORP 08,2023-24,0.9288,4276352.0,4604022.0,Descending,,Real_Annual
CORP 08,2024-25,0.9305,4319078.0,4641688.0,Descending,,Real_Annual
CORP 09,2018-19,0.958135799590684,184925.0,193005.0,Descending,,Real_Annual
CORP 09,2019-20,0.951033707349533,207235.0,217905.0,Descending,,Real_Annual
CORP 09,2020-21,0.935373339441136,255240.0,272875.0,Descending,,Real_Annual
CORP 09,2021-22,0.927141014943488,244450.0,263660.0,Descending,,Real_Annual
CORP 09,2022-23,0.914306399208928,258895.0,283160.0,Descending,,Real_Annual
CORP 09,2023-24,0.938734186979327,243395.0,259280.0,Descending,,Real_Annual
CORP 09,2024-25,0.960086564177947,235130.0,244905.0,Descending,,Real_Annual
CORP 10,2018-19,0.894920174165457,61660.0,68900.0,Descending,,Real_Annual
CORP 10,2019-20,0.822873900293255,63135.0,76725.0,Descending,,Real_Annual
CORP 10,2020-21,0.841162535390304,72790.0,86535.0,Descending,,Real_Annual
CORP 10,2021-22,0.856027501019635,73460.0,85815.0,Descending,,Real_Annual
CORP 10,2022-23,0.870130565068493,81305.0,93440.0,Descending,,Real_Annual
CORP 10,2023-24,0.835658289139959,72485.0,86740.0,Descending,,Real_Annual
CORP 10,2024-25,0.907023119586216,72775.0,80235.0,Descending,,Real_Annual
CORP 11,2013-14,0.869839831442354,39167340.8227434,45028221.7564086,Goldilocks,1.0,Real_Annual
CORP 11,2014-15,0.95126072811411,47877650.6272153,50330733.953596,Goldilocks,1.0,Real_Annual
CORP 11,2015-16,0.94271250459199,44404193.589341,47102582.5721483,Goldilocks,1.0,Real_Annual
CORP 11,2016-17,0.977873025650714,45218640.1951562,46241832.0262654,Goldilocks,1.0,Real_Annual
CORP 11,2017-18,0.952798303342205,42517234.5983122,44623541.466406,Goldilocks,1.0,Real_Annual
CORP 11,2018-19,0.999460085962884,44613307.630327,44637407.9934832,Goldilocks,1.0,Real_Annual
CORP 11,2019-20,1.07807876359643,46381038.8832541,43021939.0729195,Goldilocks,1.0,Real_Annual
CORP 11,2020-21,0.831892584421411,59370023.9351685,71367415.7541156,Goldilocks,1.0,Real_Annual
CORP 11,2021-22,1.15151747181555,63221267.124288,54902568.7162261,Goldilocks,1.0,Real_Annual
CORP 11,2022-23,1.3,61162656.6262824,46423294.3318698,Goldilocks,1.0,Real_Annual
CORP 11,2023-24,1.28949226843049,51794616.5899124,40166674.7897251,Goldilocks,1.0,Real_Annual
CORP 11,2024-25,1.20592615256953,56148275.0,46560293.0,Goldilocks,1.0,Real_Annual
CORP 12,2017-18,1.0124,76621551.6895638,75679380.7110671,Goldilocks,1.0,Real_Annual
CORP 12,2018-19,1.0262,79016432.4682602,77001295.2696096,Goldilocks,1.0,Real_Annual
CORP 12,2019-20,1.0445,81338739.4337644,77872586.5109578,Goldilocks,1.0,Real_Annual
CORP 12,2020-21,0.9723,91784361.9699935,94398352.1606937,Goldilocks,1.0,Real_Annual
CORP 12,2021-22,0.959880446033876,92147096.2465313,95998513.801665,Goldilocks,1.0,Real_Annual
CORP 12,2022-23,0.943911914387634,86659438.4051247,91808819.3233002,Goldilocks,1.0,Real_Annual
CORP 12,2023-24,1.01,88013466.3026154,86825816.3932998,Goldilocks,1.0,Real_Annual
CORP 12,2024-25,0.99,89327224.0,90493996.0,Goldilocks,1.0,Real_Annual
CORP-ASSET 01,2010-11,0.7367,7728.0,10911.0,Descending,,Real_Annual
CORP-ASSET 01,2011-12,0.7484,7945.0,10616.0,Descending,,Real_Annual
CORP-ASSET 01,2012-13,0.759,8049.0,10605.0,Descending,,Real_Annual
CORP-ASSET 01,2013-14,0.7821,8925.0,11412.0,Descending,,Real_Annual
CORP-ASSET 01,2014-15,0.79,8272.0,10483.0,Descending,,Real_Annual
CORP-ASSET 01,2015-16,0.7961,8123.0,10203.0,Descending,,Real_Annual
CORP-ASSET 01,2016-17,0.798,7974.0,9992.0,Descending,,Real_Annual
CORP-ASSET 01,2017-18,0.8081,8073.0,9990.0,Descending,,Real_Annual
CORP-ASSET 01,2018-19,0.8215,8118.0,9882.0,Descending,,Real_Annual
CORP-ASSET 01,2019-20,0.8247,8127.0,9854.0,Descending,,Real_Annual
CORP-ASSET 01,2020-21,0.8231,8050.0,9780.0,Descending,,Real_Annual
CORP-ASSET 01,2021-22,0.8526,7981.0,9361.0,Descending,,Real_Annual
CORP-ASSET 01,2022-23,0.8608,7956.0,9243.0,Descending,,Real_Annual
CORP-ASSET 01,2023-24,0.8547,7860.0,9196.0,Descending,,Real_Annual
CORP-ASSET 01,2024-25,0.8574,7803.0,9101.0,Descending,,Real_Annual
CORP-ASSET 02,2010-11,0.8131,10432425.0,12831127.0,Descending,,Real_Annual
CORP-ASSET 02,2011-12,0.8268,10504635.0,12705611.0,Descending,,Real_Annual
CORP-ASSET 02,2012-13,0.8264,10401369.0,12585822.0,Descending,,Real_Annual
CORP-ASSET 02,2013-14,0.8092,10385319.0,12834636.0,Descending,,Real_Annual
CORP-ASSET 02,2014-15,0.82,10795226.0,13138396.0,Descending,,Real_Annual
CORP-ASSET 02,2015-16,0.8149,10694523.0,13123205.0,Descending,,Real_Annual
CORP-ASSET 02,2016-17,0.8448,10995181.0,13014382.0,Descending,,Real_Annual
CORP-ASSET 02,2017-18,0.8631,11172366.0,12944745.0,Descending,,Real_Annual
CORP-ASSET 02,2018-19,0.8721,11460846.0,13141019.0,Descending,,Real_Annual
CORP-ASSET 02,2019-20,0.8862,11585311.0,13073607.0,Descending,,Real_Annual
CORP-ASSET 02,2020-21,0.892,11701706.0,13117832.0,Descending,,Real_Annual
CORP-ASSET 02,2021-22,0.9012,11544429.0,12809671.0,Descending,,Real_Annual
CORP-ASSET 02,2022-23,0.8971,11696443.0,13037792.0,Descending,,Real_Annual
CORP-ASSET 02,2023-24,0.8981,11674154.0,12998091.0,Descending,,Real_Annual
CORP-ASSET 02,2024-25,0.9029,11679669.0,12935713.0,Descending,,Real_Annual
ECON 01,2013-14,0.1246,24893.0,199800.0,Descending,,Real_Annual
ECON 01,2014-15,0.1412,24054.0,170400.0,Descending,,Real_Annual
ECON 01,2015-16,0.1412,21830.0,154600.0,Descending,,Real_Annual
ECON 01,2016-17,0.1402,17061.0,121700.0,Descending,,Real_Annual
ECON 01,2017-18,0.1427,16469.0,115400.0,Descending,,Real_Annual
ECON 01,2018-19,0.1259,14441.0,114700.0,Descending,,Real_Annual
ECON 01,2019-20,0.1266,11270.0,89000.0,Descending,,Real_Annual
ECON 01,2020-21,0.0598,7539.0,127100.0,Descending,,Real_Annual
ECON 01,2021-22,0.174174757281553,16146.0,92700.0,Descending,,Real_Annual
ECON 01,2022-23,0.125929018789144,12064.0,95800.0,Descending,,Real_Annual
ECON 01,2023-24,0.150440251572327,14352.0,95400.0,Descending,,Real_Annual
ECON 01,2024-25,0.206425742574257,20849.0,101000.0,Descending,,Real_Annual
ECON 01,2012-13,0.0913,19318.0,211600.0,Descending,,Real_Annual
ECON 02,2010-11,5154.0706,178402899.6,34614.0,Ascending,,Real_Annual
ECON 02,2011-12,5263.9665,172837056.60000002,32834.0,Ascending,,Real_Annual
ECON 02,2012-13,6923.5366,201107777.0,29047.0,Ascending,,Real_Annual
ECON 02,2013-14,4654.8976,138618225.70000002,29779.0,Ascending,,Real_Annual
ECON 02,2014-15,4555.2706,134421349.79999998,29509.0,Ascending,,Real_Annual
ECON 02,2015-16,5358.159,152894953.10000002,28535.0,Ascending,,Real_Annual
ECON 02,2016-17,5018.3024,134219676.5,26746.0,Ascending,,Real_Annual
ECON 02,2017-18,5233.1519,136025440.20000002,25993.0,Ascending,,Real_Annual
ECON 02,2018-19,5628.8445,140873219.2,25027.0,Ascending,,Real_Annual
ECON 02,2019-20,5473.0851,133570626.6,24405.0,Ascending,,Real_Annual
ECON 02,2020-21,5984.9822,130047615.0,21729.0,Ascending,,Real_Annual
ECON 02,2021-22,5061.8139,126833941.9,25057.0,Ascending,,Real_Annual
ECON 02,2022-23,6083.9008,129733175.8,21324.0,Ascending,,Real_Annual
ECON 02,2023-24,6926.1655,133508860.50000001,19276.0,Ascending,,Real_Annual
ECON 02,2024-25,7353.38,128618000.0,17491.0,Ascending,,Real_Annual
ECON 03,2012-13,12.82,,,Ascending,,Real_Annual
ECON 03,2013-14,10.8,,,Ascending,,Real_Annual
ECON 03,2014-15,10.52,,,Ascending,,Real_Annual
ECON 03,2015-16,9.91,,,Ascending,,Real_Annual
ECON 03,2016-17,9.59,,,Ascending,,Real_Annual
ECON 03,2017-18,9.34,,,Ascending,,Real_Annual
ECON 03,2018-19,9.09,,,Ascending,,Real_Annual
ECON 03,2019-20,10.54,,,Ascending,,Real_Annual
ECON 03,2020-21,11.081371107522,,,Ascending,,Real_Annual
ECON 03,2023-24,10.67,,,Ascending,,Real_Annual
ECON 03,2024-25,14.32,,,Ascending,,Real_Annual
ECON 03,2021-22,11.7138805149768,,,Ascending,,Real_Annual
ECON 03,2022-23,12.04,,,Ascending,,Real_Annual
ECON 04,2010-11,0.272334594,,,Descending,,Real_Annual
ECON 04,2011-12,0.261506826,,,Descending,,Real_Annual
ECON 04,2012-13,0.272438951,,,Descending,,Real_Annual
ECON 04,2013-14,0.269457162,,,Descending,,Real_Annual
ECON 04,2014-15,0.275349462,,,Descending,,Real_Annual
ECON 04,2015-16,0.254382423,,,Descending,,Real_Annual
ECON 04,2016-17,0.264760425,,,Descending,,Real_Annual
ECON 04,2017-18,0.2739747,,,Descending,,Real_Annual
ECON 04,2018-19,0.287148443,,,Descending,,Real_Annual
ECON 04,2019-20,0.285136637,,,Descending,,Real_Annual
ECON 04,2020-21,0.29113044,,,Descending,,Real_Annual
ECON 04,2021-22,0.2988,,,Descending,,Real_Annual
ECON 04,2022-23,0.296191422815463,,,Descending,,Real_Annual
ECON 04,2023-24,0.2998,,,Descending,,Real_Annual
ECON 04,2024-25,0.308476035237887,,,Descending,,Real_Annual
ECON 05,2014-15,18.8925873288952,10103.0,534.76,Descending,,Real_Annual
ECON 05,2015-16,18.8591103666481,10133.0,537.3000000000001,Descending,,Real_Annual
ECON 05,2016-17,16.62071900383,8983.0,540.47,Descending,,Real_Annual
ECON 05,2017-18,16.8282701666421,9129.0,542.48,Descending,,Real_Annual
ECON 05,2018-19,16.7756353427896,9083.0,541.44,Descending,,Real_Annual
ECON 05,2019-20,16.4836983505268,8964.0,543.8100000000001,Descending,,Real_Annual
ECON 05,2020-21,11.3003639319429,6117.0,541.3100000000001,Descending,,Real_Annual
ECON 05,2021-22,14.3822287497705,7834.0,544.7,Descending,,Real_Annual
ECON 05,2022-23,14.4932083271815,7853.0,541.84,Descending,,Real_Annual
ECON 05,2023-24,13.5717017904956,7451.0,549.01,Descending,,Real_Annual
ECON 05,2024-25,12.2572968685212,6799.0,554.69,Descending,,Real_Annual
ECON 06,2010-11,119613.4773,629430037.0999999,5262.2,Ascending,,Real_Annual
ECON 06,2011-12,106256.9356,563151129.3000001,5299.900000000001,Ascending,,Real_Annual
ECON 06,2012-13,101025.5017,536293906.4,5308.5,Ascending,,Real_Annual
ECON 06,2013-14,98513.5541,523826095.0,5317.3,Ascending,,Real_Annual
ECON 06,2014-15,93262.3404,497293464.4,5332.2,Ascending,,Real_Annual
ECON 06,2015-16,85664.0585,458448318.5,5351.7,Ascending,,Real_Annual
ECON 06,2016-17,106622.7469,573086628.1,5374.900000000001,Ascending,,Real_Annual
ECON 06,2017-18,120779.519,650989519.4,5389.900000000001,Ascending,,Real_Annual
ECON 06,2018-19,137129.0678,739715319.0,5394.3,Ascending,,Real_Annual
ECON 06,2019-20,128620.3352,696401939.2,5414.400000000001,Ascending,,Real_Annual
ECON 06,2020-21,107365.6828,581181187.9,5413.1,Ascending,,Real_Annual
ECON 06,2021-22,140902.3864,763465459.3,5418.400000000001,Ascending,,Real_Annual
ECON 06,2022-23,125377.2567,682929891.1999999,5447.0,Ascending,,Real_Annual
ECON 06,2023-24,123158.0896,676150251.0,5490.1,Ascending,,Real_Annual
ECON 06,2024-25,134080.84,743733010.4,5546.900000000001,Ascending,,Real_Annual
ECON 07,2012-13,0.188,,,Ascending,,Real_Annual
ECON 07,2013-14,0.186,,,Ascending,,Real_Annual
ECON 07,2014-15,0.193,,,Ascending,,Real_Annual
ECON 07,2015-16,0.196,,,Ascending,,Real_Annual
ECON 07,2016-17,0.201,,,Ascending,,Real_Annual
ECON 07,2017-18,0.184,,,Ascending,,Real_Annual
ECON 07,2018-19,0.194,,,Ascending,,Real_Annual
ECON 07,2019-20,0.169,,,Ascending,,Real_Annual
ECON 07,2020-21,0.152,,,Ascending,,Real_Annual
ECON 07,2021-22,0.144,,,Ascending,,Real_Annual
ECON 07,2022-23,0.094,,,Ascending,,Real_Annual
ECON 07,2023-24,0.102,,,Ascending,,Real_Annual
ECON 07,2024-25,0.113,,,Ascending,,Real_Annual
ECON 08,2013-14,0.560792839610119,,,Descending,,Real_Annual
ECON 08,2014-15,0.674970923653493,,,Descending,,Real_Annual
ECON 08,2015-16,0.786156842687384,,,Descending,,Real_Annual
ECON 08,2016-17,0.858627722791032,,,Descending,,Real_Annual
ECON 08,2017-18,0.911307471659269,,,Descending,,Real_Annual
ECON 08,2018-19,0.920130019045107,,,Descending,,Real_Annual
ECON 08,2019-20,0.932949566189599,,,Descending,,Real_Annual
ECON 08,2020-21,0.937888787447678,,,Descending,,Real_Annual
ECON 08,2021-22,0.941,,,Descending,,Real_Annual
ECON 08,2022-23,0.955215505678262,,,Descending,,Real_Annual
ECON 08,2023-24,0.959,,,Descending,,Real_Annual
ECON 08,2024-25,0.971,,,Descending,,Real_Annual
ECON 09,2014-15,0.101,,,Ascending,,Real_Annual
ECON 09,2015-16,0.1189,,,Ascending,,Real_Annual
ECON 09,2016-17,0.1019,,,Ascending,,Real_Annual
ECON 09,2017-18,0.1149,,,Ascending,,Real_Annual
ECON 09,2018-19,0.1,,,Ascending,,Real_Annual
ECON 09,2019-20,0.1171,,,Ascending,,Real_Annual
ECON 09,2020-21,0.124117565634661,,,Ascending,,Real_Annual
ECON 09,2021-22,0.114019904803116,,,Ascending,,Real_Annual
ECON 09,2022-23,0.118818,,,Ascending,,Real_Annual
ECON 09,2023-24,0.123219733,,,Ascending,,Real_Annual
ECON 09,2024-25,0.113959,,,Ascending,,Real_Annual
ECON 10,2014-15,0.129396899728607,,,Descending,,Real_Annual
ECON 10,2015-16,0.27193340207533,,,Descending,,Real_Annual
ECON 10,2016-17,0.384337418595227,,,Descending,,Real_Annual
ECON 10,2017-18,0.407797173575634,,,Descending,,Real_Annual
ECON 10,2018-19,0.375514549409068,,,Descending,,Real_Annual
ECON 10,2019-20,0.362326005263825,,,Descending,,Real_Annual
ECON 10,2020-21,0.389143905525401,,,Descending,,Real_Annual
ECON 10,2021-22,0.271872442716858,,,Descending,,Real_Annual
ECON 10,2022-23,0.227673328240835,,,Descending,,Real_Annual
ECON 10,2023-24,0.245443674,,,Descending,,Real_Annual
ECON 10,2024-25,0.213329280647235,,,Descending,,Real_Annual
ECON 11,2010-11,27353.7683858462,,,Descending,,Real_Annual
ECON 11,2011-12,27445.6121813619,,,Descending,,Real_Annual
ECON 11,2012-13,27738.3441650184,,,Descending,,Real_Annual
ECON 11,2013-14,28364.7715946063,,,Descending,,Real_Annual
ECON 11,2014-15,29168.4482952627,,,Descending,,Real_Annual
ECON 11,2015-16,29379.2626642002,,,Descending,,Real_Annual
ECON 11,2016-17,29411.523935329,,,Descending,,Real_Annual
ECON 11,2017-18,30294.8106643908,,,Descending,,Real_Annual
ECON 11,2018-19,30229.872272584,,,Descending,,Real_Annual
ECON 11,2019-20,30573.1013593381,,,Descending,,Real_Annual
ECON 11,2020-21,27175.5555966082,,,Descending,,Real_Annual
ECON 11,2021-22,29658.2016831537,,,Descending,,Real_Annual
ECON 11,2022-23,30633.9269322563,,,Descending,,Real_Annual
ECON 11,2023-24,30669.2045682228,,,Descending,,Real_Annual
ECON 12a,2010-11,0.042,145580.0,3466190.0,Ascending,,Real_Annual
ECON 12a,2011-12,0.043,150375.0,3497093.0,Ascending,,Real_Annual
ECON 12a,2012-13,0.041,142965.0,3486951.0,Ascending,,Real_Annual
ECON 12a,2013-14,0.032,110945.0,3467031.0,Ascending,,Real_Annual
ECON 12a,2014-15,0.024,84965.0,3540208.0,Ascending,,Real_Annual
ECON 12a,2015-16,0.023,80645.0,3506304.0,Ascending,,Real_Annual
ECON 12a,2016-17,0.024,83590.0,3482917.0,Ascending,,Real_Annual
ECON 12a,2017-18,0.025,88915.0,3556600.0,Ascending,,Real_Annual
ECON 12a,2018-19,0.031,107760.0,3476129.0,Ascending,,Real_Annual
ECON 12a,2019-20,0.033,114650.0,3474242.0,Ascending,,Real_Annual
ECON 12a,2020-21,0.061,211930.0,3474262.3,Ascending,,Real_Annual
ECON 12a,2021-22,0.037,129185.0,3491486.48648649,Ascending,,Real_Annual
ECON 12a,2022-23,0.0326397038560694,114060.0,3494517.0,Ascending,,Real_Annual
ECON 12a,2023-24,0.0307433187121695,109135.0,3549877.0,Ascending,,Real_Annual
ECON 12a,2024-25,0.0302928053331413,108540.0,3583029.0,Ascending,,Real_Annual
ECON 12b,2010-11,0.07,42610.0,623948.0,Ascending,,Real_Annual
ECON 12b,2011-12,0.0711,44885.0,631060.0,Ascending,,Real_Annual
ECON 12b,2012-13,0.062,38945.0,628612.0,Ascending,,Real_Annual
ECON 12b,2013-14,0.0456,28455.0,624069.0,Ascending,,Real_Annual
ECON 12b,2014-15,0.032,19765.0,618248.0,Ascending,,Real_Annual
ECON 12b,2015-16,0.0297,18240.0,615063.0,Ascending,,Real_Annual
ECON 12b,2016-17,0.0301,18295.0,607188.0,Ascending,,Real_Annual
ECON 12b,2017-18,0.0307,18200.0,593361.0,Ascending,,Real_Annual
ECON 12b,2018-19,0.036,20940.0,581427.0,Ascending,,Real_Annual
ECON 12b,2019-20,0.0388,22235.0,573722.0,Ascending,,Real_Annual
ECON 12b,2020-21,0.0717,40665.0,566882.0,Ascending,,Real_Annual
ECON 12b,2021-22,0.0368490685100463,20555.0,557816.0,Ascending,,Real_Annual
ECON 12b,2022-23,0.0353826938361967,20255.0,572455.0,Ascending,,Real_Annual
ECON 12b,2023-24,0.0340671942475773,19785.0,580764.0,Ascending,,Real_Annual
ECON 12b,2024-25,0.0338076866029157,19830.0,586553.0,Ascending,,Real_Annual
ENV 01a,2012-13,82.3589,212029522.1,2574425.0,Ascending,,Real_Annual
ENV 01a,2013-14,83.6827,218246430.0,2608182.0,Ascending,,Real_Annual
ENV 01a,2014-15,87.253,227448642.6,2606930.0,Ascending,,Real_Annual
ENV 01a,2015-16,85.8496,225243055.8,2623801.0,Ascending,,Real_Annual
ENV 01a,2016-17,84.5555,223188948.8,2639525.0,Ascending,,Real_Annual
ENV 01a,2017-18,85.3482,226509830.5,2653856.0,Ascending,,Real_Annual
ENV 01a,2018-19,85.0147,227743561.9,2678935.0,Ascending,,Real_Annual
ENV 01a,2019-20,84.875,229233456.70000002,2700904.0,Ascending,,Real_Annual
ENV 01a,2020-21,86.8432,236325266.6,2721266.0,Ascending,,Real_Annual
ENV 01a,2021-22,81.9629,224558492.8,2739709.0,Ascending,,Real_Annual
ENV 01a,2022-23,82.4969,227897654.5,2762469.0,Ascending,,Real_Annual
ENV 01a,2023-24,81.6316,227430773.4,2786197.0,Ascending,,Real_Annual
ENV 01a,2024-25,77.81,218426000.0,2807047.0,Ascending,,Real_Annual
ENV 02a,2012-13,128.5673,330999924.79999995,2574425.0,Ascending,,Real_Annual
ENV 02a,2013-14,125.7833,328064271.40000004,2608182.0,Ascending,,Real_Annual
ENV 02a,2014-15,122.7383,319968619.0,2606930.0,Ascending,,Real_Annual
ENV 02a,2015-16,130.2178,341650574.29999995,2623801.0,Ascending,,Real_Annual
ENV 02a,2016-17,129.401,341546943.09999996,2639525.0,Ascending,,Real_Annual
ENV 02a,2017-18,131.1726,348126854.1,2653856.0,Ascending,,Real_Annual
ENV 02a,2018-19,123.1645,329964873.4,2678935.0,Ascending,,Real_Annual
ENV 02a,2019-20,121.7359,328809683.8,2700904.0,Ascending,,Real_Annual
ENV 02a,2020-21,127.09,345861790.6,2721266.0,Ascending,,Real_Annual
ENV 02a,2021-22,117.2718,321277055.6,2739709.0,Ascending,,Real_Annual
ENV 02a,2022-23,104.0245,287364879.5,2762469.0,Ascending,,Real_Annual
ENV 02a,2023-24,108.2406,301580470.6,2786197.0,Ascending,,Real_Annual
ENV 02a,2024-25,105.19,295271000.0,2807047.0,Ascending,,Real_Annual
ENV 03a,2010-11,28516.2524,150058189.0,5262.2,Ascending,,Real_Annual
ENV 03a,2011-12,27231.8917,144326296.29999998,5299.900000000001,Ascending,,Real_Annual
ENV 03a,2012-13,24449.8171,129791846.0,5308.5,Ascending,,Real_Annual
ENV 03a,2013-14,22208.4889,118089217.9,5317.3,Ascending,,Real_Annual
ENV 03a,2014-15,21345.1286,113816499.5,5332.2,Ascending,,Real_Annual
ENV 03a,2015-16,20721.1824,110893576.6,5351.7,Ascending,,Real_Annual
ENV 03a,2016-17,19088.2055,102597191.60000001,5374.900000000001,Ascending,,Real_Annual
ENV 03a,2017-18,20120.124,108445425.39999999,5389.900000000001,Ascending,,Real_Annual
ENV 03a,2018-19,18924.3191,102083436.10000001,5394.3,Ascending,,Real_Annual
ENV 03a,2019-20,18906.2752,102366165.6,5414.400000000001,Ascending,,Real_Annual
ENV 03a,2020-21,17565.4304,95083454.80000001,5413.1,Ascending,,Real_Annual
ENV 03a,2021-22,17426.0844,94421498.5,5418.400000000001,Ascending,,Real_Annual
ENV 03a,2022-23,16954.5344,92351375.6,5447.0,Ascending,,Real_Annual
ENV 03a,2023-24,17686.0483,97098201.6,5490.1,Ascending,,Real_Annual
ENV 03a,2024-25,17616.33,97716000.0,5546.900000000001,Ascending,,Real_Annual
ENV 03c,2010-11,0.954,,,Descending,,Real_Annual
ENV 03c,2011-12,0.961,,,Descending,,Real_Annual
ENV 03c,2012-13,0.958,,,Descending,,Real_Annual
ENV 03c,2013-14,0.9608,,,Descending,,Real_Annual
ENV 03c,2014-15,0.939,,,Descending,,Real_Annual
ENV 03c,2015-16,0.934,,,Descending,,Real_Annual
ENV 03c,2016-17,0.939,,,Descending,,Real_Annual
ENV 03c,2017-18,0.922,,,Descending,,Real_Annual
ENV 03c,2018-19,0.928,,,Descending,,Real_Annual
ENV 03c,2019-20,0.922494213368871,,,Descending,,Real_Annual
ENV 03c,2020-21,0.901002852148312,,,Descending,,Real_Annual
ENV 03c,2021-22,0.897,,,Descending,,Real_Annual
ENV 03c,2022-23,0.906,,,Descending,,Real_Annual
ENV 03c,2023-24,0.921143035602748,,,Descending,,Real_Annual
ENV 03c,2024-25,0.917104495037945,,,Descending,,Real_Annual
ENV 04a,2010-11,16056.3044,836710322.9,52111.0,Ascending,,Real_Annual
ENV 04a,2011-12,14532.4624,759142915.0,52237.724,Ascending,,Real_Annual
ENV 04a,2012-13,13850.2356,724999094.5,52345.59,Ascending,,Real_Annual
ENV 04a,2013-14,13392.8201,703929483.8000001,52560.2,Ascending,,Real_Annual
ENV 04a,2014-15,13251.7231,697146191.9,52607.989,Ascending,,Real_Annual
ENV 04a,2015-16,13660.5839,722649792.5,52900.336,Ascending,,Real_Annual
ENV 04a,2016-17,13544.5298,717702145.7,52988.34,Ascending,,Real_Annual
ENV 04a,2017-18,13059.4048,691805819.5,52973.75,Ascending,,Real_Annual
ENV 04a,2018-19,12547.0516,671537841.7,53521.55,Ascending,,Real_Annual
ENV 04a,2019-20,12030.3563,645875479.5999999,53687.14,Ascending,,Real_Annual
ENV 04a,2020-21,11257.4417,604763901.1999999,53721.28,Ascending,,Real_Annual
ENV 04a,2021-22,12953.8776,697111143.5999999,53814.842,Ascending,,Real_Annual
ENV 04a,2022-23,14126.2661,753324658.3,53327.92,Ascending,,Real_Annual
ENV 04a,2023-24,14298.3077,771549869.1999999,53960.927,Ascending,,Real_Annual
ENV 04a,2024-25,13226.02,715473062.0,54095.876,Ascending,,Real_Annual
ENV 04b,2010-11,0.303,,,Ascending,,Real_Annual
ENV 04b,2011-12,0.305,,,Ascending,,Real_Annual
ENV 04b,2012-13,0.294,,,Ascending,,Real_Annual
ENV 04b,2013-14,0.287,,,Ascending,,Real_Annual
ENV 04b,2014-15,0.2903,,,Ascending,,Real_Annual
ENV 04b,2015-16,0.2895,,,Ascending,,Real_Annual
ENV 04b,2016-17,0.295360469422209,,,Ascending,,Real_Annual
ENV 04b,2017-18,0.301582833715702,,,Ascending,,Real_Annual
ENV 04b,2018-19,0.300265550453715,,,Ascending,,Real_Annual
ENV 04b,2019-20,0.305720104426539,,,Ascending,,Real_Annual
ENV 04b,2020-21,0.298,,,Ascending,,Real_Annual
ENV 04b,2021-22,0.275982195317096,,,Ascending,,Real_Annual
ENV 04b,2022-23,0.274254025942425,,,Ascending,,Real_Annual
ENV 04b,2023-24,0.2890026344244,,,Ascending,,Real_Annual
ENV 04b,2024-25,0.31,,,Ascending,,Real_Annual
ENV 04c,2010-11,0.358,,,Ascending,,Real_Annual
ENV 04c,2011-12,0.363,,,Ascending,,Real_Annual
ENV 04c,2012-13,0.35,,,Ascending,,Real_Annual
ENV 04c,2013-14,0.352,,,Ascending,,Real_Annual
ENV 04c,2014-15,0.361,,,Ascending,,Real_Annual
ENV 04c,2015-16,0.348,,,Ascending,,Real_Annual
ENV 04c,2016-17,0.347600512794124,,,Ascending,,Real_Annual
ENV 04c,2017-18,0.358955450019663,,,Ascending,,Real_Annual
ENV 04c,2018-19,0.357072157492155,,,Ascending,,Real_Annual
ENV 04c,2019-20,0.349563850145274,,,Ascending,,Real_Annual
ENV 04c,2020-21,0.34,,,Ascending,,Real_Annual
ENV 04c,2021-22,0.336062479126728,,,Ascending,,Real_Annual
ENV 04c,2022-23,0.314854915046727,,,Ascending,,Real_Annual
ENV 04c,2023-24,0.324626185991844,,,Ascending,,Real_Annual
ENV 04c,2024-25,0.35,,,Ascending,,Real_Annual
ENV 04d,2010-11,0.35,,,Ascending,,Real_Annual
ENV 04d,2011-12,0.36,,,Ascending,,Real_Annual
ENV 04d,2012-13,0.348,,,Ascending,,Real_Annual
ENV 04d,2013-14,0.366,,,Ascending,,Real_Annual
ENV 04d,2014-15,0.3735,,,Ascending,,Real_Annual
ENV 04d,2015-16,0.3474,,,Ascending,,Real_Annual
ENV 04d,2016-17,0.3457,,,Ascending,,Real_Annual
ENV 04d,2017-18,0.361599466097456,,,Ascending,,Real_Annual
ENV 04d,2018-19,0.362534815739369,,,Ascending,,Real_Annual
ENV 04d,2019-20,0.351392680425199,,,Ascending,,Real_Annual
ENV 04d,2020-21,0.336,,,Ascending,,Real_Annual
ENV 04d,2021-22,0.332432726720473,,,Ascending,,Real_Annual
ENV 04d,2022-23,0.327070961398881,,,Ascending,,Real_Annual
ENV 04d,2023-24,0.333584931114134,,,Ascending,,Real_Annual
ENV 04d,2024-25,0.34,,,Ascending,,Real_Annual
ENV 04e,2010-11,0.419,,,Ascending,,Real_Annual
ENV 04e,2011-12,0.383416073210699,,,Ascending,,Real_Annual
ENV 04e,2012-13,0.401,,,Ascending,,Real_Annual
ENV 04e,2013-14,0.394,,,Ascending,,Real_Annual
ENV 04e,2014-15,0.393141015036763,,,Ascending,,Real_Annual
ENV 04e,2015-16,0.40136159820719,,,Ascending,,Real_Annual
ENV 04e,2016-17,0.395043418395573,,,Ascending,,Real_Annual
ENV 04e,2017-18,0.38988790359982,,,Ascending,,Real_Annual
ENV 04e,2018-19,0.382482548573415,,,Ascending,,Real_Annual
ENV 04e,2019-20,0.378305996814881,,,Ascending,,Real_Annual
ENV 04e,2020-21,0.383,,,Ascending,,Real_Annual
ENV 04e,2021-22,0.366500800060867,,,Ascending,,Real_Annual
ENV 04e,2022-23,0.363577493946231,,,Ascending,,Real_Annual
ENV 04e,2023-24,0.362398427069761,,,Ascending,,Real_Annual
ENV 04e,2024-25,0.36,,,Ascending,,Real_Annual
ENV 05,2010-11,34956.778,183949562.29999998,5262.2,Ascending,,Real_Annual
ENV 05,2011-12,30787.669,163171537.5,5299.900000000001,Ascending,,Real_Annual
ENV 05,2012-13,29781.7601,158096440.1,5308.5,Ascending,,Real_Annual
ENV 05,2013-14,31290.8451,166382811.5,5317.3,Ascending,,Real_Annual
ENV 05,2014-15,30057.3119,160271609.39999998,5332.2,Ascending,,Real_Annual
ENV 05,2015-16,29975.798,160421497.20000002,5351.7,Ascending,,Real_Annual
ENV 05,2016-17,28162.2354,151369211.5,5374.900000000001,Ascending,,Real_Annual
ENV 05,2017-18,27849.8378,150107833.5,5389.900000000001,Ascending,,Real_Annual
ENV 05,2018-19,26472.0979,142798414.8,5394.3,Ascending,,Real_Annual
ENV 05,2019-20,24800.0626,134277469.4,5414.400000000001,Ascending,,Real_Annual
ENV 05,2020-21,23026.7605,124646169.0,5413.1,Ascending,,Real_Annual
ENV 05,2021-22,26197.4587,141948298.5,5418.400000000001,Ascending,,Real_Annual
ENV 05,2022-23,24910.6256,135688195.0,5447.0,Ascending,,Real_Annual
ENV 05,2023-24,23647.3915,129826522.6,5490.1,Ascending,,Real_Annual
ENV 05,2024-25,20999.12,116480000.0,5546.900000000001,Ascending,,Real_Annual
ENV 05a,2012-13,7138.9904,37897341.2,5308.5,Ascending,,Real_Annual
ENV 05a,2013-14,7664.1038,40752325.4,5317.3,Ascending,,Real_Annual
ENV 05a,2014-15,7548.518,40250240.2,5332.2,Ascending,,Real_Annual
ENV 05a,2015-16,7695.6507,41184842.7,5351.7,Ascending,,Real_Annual
ENV 05a,2016-17,7238.1126,38904159.099999994,5374.900000000001,Ascending,,Real_Annual
ENV 05a,2017-18,7670.4345,41342853.6,5389.900000000001,Ascending,,Real_Annual
ENV 05a,2018-19,7510.9573,40516387.6,5394.3,Ascending,,Real_Annual
ENV 05a,2019-20,7664.7495,41500051.9,5414.400000000001,Ascending,,Real_Annual
ENV 05a,2020-21,7184.7154,38891611.7,5413.1,Ascending,,Real_Annual
ENV 05a,2021-22,7008.3482,37974003.199999996,5418.400000000001,Ascending,,Real_Annual
ENV 05a,2022-23,8062.9103,43918675.5,5447.0,Ascending,,Real_Annual
ENV 05a,2023-24,7534.7313,41366416.0,5490.1,Ascending,,Real_Annual
ENV 05a,2024-25,7220.07,40049000.0,5546.900000000001,Ascending,,Real_Annual
ENV 05b,2012-13,22642.7558,120199099.0,5308.5,Ascending,,Real_Annual
ENV 05b,2013-14,23626.7413,125630486.0,5317.3,Ascending,,Real_Annual
ENV 05b,2014-15,22508.7939,120021369.2,5332.2,Ascending,,Real_Annual
ENV 05b,2015-16,22280.1473,119236654.5,5351.7,Ascending,,Real_Annual
ENV 05b,2016-17,20924.1228,112465052.4,5374.900000000001,Ascending,,Real_Annual
ENV 05b,2017-18,20179.4034,108764979.9,5389.900000000001,Ascending,,Real_Annual
ENV 05b,2018-19,18961.128,102282027.2,5394.3,Ascending,,Real_Annual
ENV 05b,2019-20,17135.3131,92777417.4,5414.400000000001,Ascending,,Real_Annual
ENV 05b,2020-21,15842.0451,85754557.3,5413.1,Ascending,,Real_Annual
ENV 05b,2021-22,19189.1106,103974295.3,5418.400000000001,Ascending,,Real_Annual
ENV 05b,2022-23,16847.7153,91769519.5,5447.0,Ascending,,Real_Annual
ENV 05b,2023-24,16112.6603,88460106.6,5490.1,Ascending,,Real_Annual
ENV 05b,2024-25,13779.05,76431000.0,5546.900000000001,Ascending,,Real_Annual
ENV 06,2010-11,0.382,,,Descending,,Real_Annual
ENV 06,2011-12,0.396,,,Descending,,Real_Annual
ENV 06,2012-13,0.406,,,Descending,,Real_Annual
ENV 06,2013-14,0.416,,,Descending,,Real_Annual
ENV 06,2014-15,0.429,,,Descending,,Real_Annual
ENV 06,2015-16,0.441,,,Descending,,Real_Annual
ENV 06,2016-17,0.451,,,Descending,,Real_Annual
ENV 06,2017-18,0.456,,,Descending,,Real_Annual
ENV 06,2018-19,0.447,,,Descending,,Real_Annual
ENV 06,2019-20,0.449,,,Descending,,Real_Annual
ENV 06,2020-21,0.421,,,Descending,,Real_Annual
ENV 06,2021-22,0.43,,,Descending,,Real_Annual
ENV 06,2022-23,0.433,,,Descending,,Real_Annual
ENV 06,2023-24,0.435,,,Descending,,Real_Annual
ENV 06,2024-25,0.443,,,Descending,,Real_Annual
ENV 07a,2013-14,0.823,,,Descending,,Real_Annual
ENV 07a,2014-15,0.833333333333333,,,Descending,,Real_Annual
ENV 07a,2015-16,0.83,,,Descending,,Real_Annual
ENV 07a,2016-17,0.816666666666667,,,Descending,,Real_Annual
ENV 07a,2017-18,0.786666666666667,,,Descending,,Real_Annual
ENV 07a,2018-19,0.763,,,Descending,,Real_Annual
ENV 07a,2019-20,0.743,,,Descending,,Real_Annual
ENV 07a,2020-21,0.753,,,Descending,,Real_Annual
ENV 07a,2021-22,0.76,,,Descending,,Real_Annual
ENV 07a,2022-23,0.78,,,Descending,,Real_Annual
ENV 07a,2023-24,0.783333333333333,,,Descending,,Real_Annual
ENV 07a,2024-25,0.783333333333333,,,Descending,,Real_Annual
ENV 07b,2013-14,0.741,,,Descending,,Real_Annual
ENV 07b,2014-15,0.743333333333333,,,Descending,,Real_Annual
ENV 07b,2015-16,0.736666666666667,,,Descending,,Real_Annual
ENV 07b,2016-17,0.723333333333333,,,Descending,,Real_Annual
ENV 07b,2017-18,0.696666666666667,,,Descending,,Real_Annual
ENV 07b,2018-19,0.663,,,Descending,,Real_Annual
ENV 07b,2019-20,0.626333333333333,,,Descending,,Real_Annual
ENV 07b,2020-21,0.599666666666667,,,Descending,,Real_Annual
ENV 07b,2021-22,0.586666666666667,,,Descending,,Real_Annual
ENV 07b,2022-23,0.583333333333333,,,Descending,,Real_Annual
ENV 07b,2023-24,0.58,,,Descending,,Real_Annual
ENV 07b,2024-25,0.57,,,Descending,,Real_Annual
FINSUS 01,2013-14,0.1596,,,Descending,,Real_Annual
FINSUS 01,2014-15,0.1668,,,Descending,,Real_Annual
FINSUS 01,2015-16,0.1801,,,Descending,,Real_Annual
FINSUS 01,2016-17,0.1727,,,Descending,,Real_Annual
FINSUS 01,2017-18,0.1701,,,Descending,,Real_Annual
FINSUS 01,2018-19,0.1657,,,Descending,,Real_Annual
FINSUS 01,2019-20,0.1695,,,Descending,,Real_Annual
FINSUS 01,2020-21,0.2366,,,Descending,,Real_Annual
FINSUS 01,2021-22,0.2444,,,Descending,,Real_Annual
FINSUS 01,2022-23,0.245,,,Descending,,Real_Annual
FINSUS 01,2023-24,0.2371,,,Descending,,Real_Annual
FINSUS 01,2024-25,0.1933,,,Descending,,Real_Annual
FINSUS 02,2013-14,0.0369,,,Descending,0.03,Real_Annual
FINSUS 02,2014-15,0.0395,,,Descending,0.03,Real_Annual
FINSUS 02,2015-16,0.0406,,,Descending,0.03,Real_Annual
FINSUS 02,2016-17,0.0394,,,Descending,0.03,Real_Annual
FINSUS 02,2017-18,0.0367,,,Descending,0.03,Real_Annual
FINSUS 02,2018-19,0.0281,,,Descending,0.03,Real_Annual
FINSUS 02,2019-20,0.0278,,,Descending,0.03,Real_Annual
FINSUS 02,2020-21,0.0311,,,Descending,0.03,Real_Annual
FINSUS 02,2021-22,0.0294,,,Descending,0.03,Real_Annual
FINSUS 02,2022-23,0.0292,,,Descending,0.03,Real_Annual
FINSUS 02,2023-24,0.0226,,,Descending,0.03,Real_Annual
FINSUS 02,2024-25,0.0188,,,Descending,0.03,Real_Annual
FINSUS 03,2013-14,0.0842,,,Ascending,,Real_Annual
FINSUS 03,2014-15,0.0836,,,Ascending,,Real_Annual
FINSUS 03,2015-16,0.0782,,,Ascending,,Real_Annual
FINSUS 03,2016-17,0.0795,,,Ascending,,Real_Annual
FINSUS 03,2017-18,0.0803,,,Ascending,,Real_Annual
FINSUS 03,2018-19,0.0789,,,Ascending,,Real_Annual
FINSUS 03,2019-20,0.0719,,,Ascending,,Real_Annual
FINSUS 03,2020-21,0.0624,,,Ascending,,Real_Annual
FINSUS 03,2021-22,0.0589,,,Ascending,,Real_Annual
FINSUS 03,2022-23,0.0539,,,Ascending,,Real_Annual
FINSUS 03,2023-24,0.0564,,,Ascending,,Real_Annual
FINSUS 03,2024-25,0.0604,,,Ascending,,Real_Annual
FINSUS 04,2013-14,0.2587,,,Ascending,,Real_Annual
FINSUS 04,2014-15,0.2413,,,Ascending,,Real_Annual
FINSUS 04,2015-16,0.2475,,,Ascending,,Real_Annual
FINSUS 04,2016-17,0.2436,,,Ascending,,Real_Annual
FINSUS 04,2017-18,0.2359,,,Ascending,,Real_Annual
FINSUS 04,2018-19,0.2283,,,Ascending,,Real_Annual
FINSUS 04,2019-20,0.2256,,,Ascending,,Real_Annual
FINSUS 04,2020-21,0.2291,,,Ascending,,Real_Annual
FINSUS 04,2021-22,0.2255,,,Ascending,,Real_Annual
FINSUS 04,2022-23,0.2179,,,Ascending,,Real_Annual
FINSUS 04,2023-24,0.1995,,,Ascending,,Real_Annual
FINSUS 04,2024-25,0.2068,,,Ascending,,Real_Annual
FINSUS 05,2013-14,0.9908,15918792851.199999,16067346008.6,Ascending,1.0,Real_Annual
FINSUS 05,2014-15,0.99,15782172807.800001,15941217290.2,Ascending,1.0,Real_Annual
FINSUS 05,2015-16,0.9896,15965789652.3,16133585532.3,Ascending,1.0,Real_Annual
FINSUS 05,2016-17,0.9935,15497720382.7,15599290436.4,Ascending,1.0,Real_Annual
FINSUS 05,2017-18,0.9926,15428761590.3,15543725281.400002,Ascending,1.0,Real_Annual
FINSUS 05,2018-19,0.9939,15337818141.1,15432157572.6,Ascending,1.0,Real_Annual
FINSUS 05,2019-20,0.9935,15542967493.2,15644620083.8,Ascending,1.0,Real_Annual
FINSUS 05,2020-21,0.9744,16145032582.900002,16569921129.699999,Ascending,1.0,Real_Annual
FINSUS 05,2021-22,0.9825,16483922301.699999,16776951073.5,Ascending,1.0,Real_Annual
FINSUS 05,2022-23,0.984,16365210243.300001,16630963479.5,Ascending,1.0,Real_Annual
FINSUS 05,2023-24,0.9955,16350220618.8,16423336119.4,Ascending,1.0,Real_Annual
FINSUS 05,2024-25,1.0011,16128100000.0,16110287000.0,Ascending,1.0,Real_Annual
FINSUS 06,2022-23,0.0092,122780.0,13276928.0,Ascending,,Real_Annual
FINSUS 06,2023-24,0.0101,147049.0,14533845.0,Ascending,,Real_Annual
FINSUS 06,2024-25,0.006,92789.0,15412713.0,Ascending,,Real_Annual
HSN 01b,2013-14,0.0558156718628501,78222736.2548583,1401447544.10673,Ascending,,Real_Annual
HSN 01b,2014-15,0.0594898041232645,84464926.5400484,1419821896.9596,Ascending,,Real_Annual
HSN 01b,2015-16,0.0624857667771545,90938129.1887449,1455341494.21678,Ascending,,Real_Annual
HSN 01b,2016-17,0.0648787161487644,94405952.6835289,1455114377.83478,Ascending,,Real_Annual
HSN 01b,2017-18,0.0674746473597391,98333639.5191933,1457342029.443,Ascending,,Real_Annual
HSN 01b,2018-19,0.0732638968535552,107599499.853903,1468656520.8097,Ascending,,Real_Annual
HSN 01b,2019-20,0.0731356290328523,108466851.690043,1483091799.77546,Ascending,,Real_Annual
HSN 01b,2020-21,0.0818864786654848,122162660.937278,1491853880.25202,Ascending,,Real_Annual
HSN 01b,2021-22,0.0867100081257504,128584940.557909,1482930786.62188,Ascending,,Real_Annual
HSN 01b,2022-23,0.09592508805,135761747.926387,1415289270.92226,Ascending,,Real_Annual
HSN 01b,2023-24,0.094950165326581,133962082.600098,1410867291.69281,Ascending,,Real_Annual
HSN 01b,2024-25,0.086,125650568.0,1460461985.0,Ascending,,Real_Annual
HSN 02,2013-14,0.0128728042517364,18040559.9043626,1401447544.10673,Ascending,,Real_Annual
HSN 02,2014-15,0.0115616416213624,16415471.9388098,1419821896.9596,Ascending,,Real_Annual
HSN 02,2015-16,0.0105293062403887,15323736.2769533,1455341494.21678,Ascending,,Real_Annual
HSN 02,2016-17,0.0092909285016116,13519363.64613,1455114377.83478,Ascending,,Real_Annual
HSN 02,2017-18,0.0089363393335752,13023302.9001838,1457342029.443,Ascending,,Real_Annual
HSN 02,2018-19,0.0095274530131562,13992555.9944799,1468656520.8097,Ascending,,Real_Annual
HSN 02,2019-20,0.010658114047972,15806961.5456189,1483091799.77546,Ascending,,Real_Annual
HSN 02,2020-21,0.0137908191296798,20573887.0304665,1491853880.25202,Ascending,,Real_Annual
HSN 02,2021-22,0.0162994120657826,24170899.9561852,1482930786.62188,Ascending,,Real_Annual
HSN 02,2022-23,0.01708733169,24183517.2056932,1419161297.50642,Ascending,,Real_Annual
HSN 02,2023-24,0.0178979490620459,25251630.9200245,1410867291.69281,Ascending,,Real_Annual
HSN 02,2024-25,0.0168,24511513.0,1460461985.0,Ascending,,Real_Annual
HSN 03,2013-14,0.836904591161894,262583.0,313755.0,Descending,,Real_Annual
HSN 03,2014-15,0.903758506192635,286336.0,316828.0,Descending,,Real_Annual
HSN 03,2015-16,0.924963906729302,292789.0,316541.0,Descending,,Real_Annual
HSN 03,2016-17,0.936319802681974,294584.0,314619.0,Descending,,Real_Annual
HSN 03,2017-18,0.938909329118795,295256.0,314467.0,Descending,,Real_Annual
HSN 03,2018-19,0.943216505694515,297565.0,315479.0,Descending,,Real_Annual
HSN 03,2019-20,0.948621545966371,300252.0,316514.0,Descending,,Real_Annual
HSN 03,2020-21,0.852272298342959,270951.0,317916.0,Descending,,Real_Annual
HSN 03,2021-22,0.684538023655284,219582.0,320774.0,Descending,,Real_Annual
HSN 03,2022-23,0.7091358,228853.0,322721.0,Descending,,Real_Annual
HSN 03,2023-24,0.777874462681335,252985.0,325226.0,Descending,,Real_Annual
HSN 03,2024-25,0.828955821,270984.0,326898.0,Descending,,Real_Annual
HSN 04b,2013-14,10.1676427605133,8425346.0,828643.0,Ascending,,Real_Annual
HSN 04b,2014-15,9.87581231818469,7648629.0,774481.0,Ascending,,Real_Annual
HSN 04b,2015-16,9.38433136620606,7263998.0,774056.0,Ascending,,Real_Annual
HSN 04b,2016-17,8.72479410337382,6202587.0,710915.0,Ascending,,Real_Annual
HSN 04b,2017-18,7.50098893267986,5157755.0,687610.0,Ascending,,Real_Annual
HSN 04b,2018-19,7.79709406028221,5153809.0,660991.0,Ascending,,Real_Annual
HSN 04b,2019-20,7.33369530470654,4565350.0,622517.0,Ascending,,Real_Annual
HSN 04b,2020-21,7.27922438468681,3041522.0,417836.0,Ascending,,Real_Annual
HSN 04b,2021-22,9.18604359983862,5282416.0,575048.0,Ascending,,Real_Annual
HSN 04b,2022-23,9.680170949,5701127.0,588949.0,Ascending,,Real_Annual
HSN 04b,2023-24,10.0340349788527,6144542.0,612370.0,Ascending,,Real_Annual
HSN 04b,2024-25,10.09820566,6365616.0,630371.0,Ascending,,Real_Annual
HSN 05a,2015-16,0.651651025373653,206228.0,316470.0,Descending,,Real_Annual
HSN 05a,2016-17,0.711917071971233,222929.0,313139.0,Descending,,Real_Annual
HSN 05a,2017-18,0.753439735828288,236837.0,314341.0,Descending,,Real_Annual
HSN 05a,2018-19,0.809339261815206,255196.0,315314.0,Descending,,Real_Annual
HSN 05a,2019-20,0.840972226616634,265796.0,316058.0,Descending,,Real_Annual
HSN 05a,2020-21,0.86354853250368,273953.0,317241.0,Descending,,Real_Annual
HSN 05a,2021-22,0.876337667208401,280393.0,319960.0,Descending,,Real_Annual
SW 01,2010-11,29.1524,629716639.7,21602215.96,Ascending,,Real_Annual
SW 01,2011-12,28.0187,616961400.3,22016337.2,Ascending,,Real_Annual
SW 01,2012-13,28.5163,636040170.8,22308242.84,Ascending,,Real_Annual
SW 01,2013-14,27.6349,646747674.6,23400190.84,Ascending,,Real_Annual
SW 01,2014-15,27.2363,644223186.9,23650952.0,Ascending,,Real_Annual
SW 01,2015-16,28.3181,656630829.2,23185760.0,Ascending,,Real_Annual
SW 01,2016-17,29.6612,702406437.4000001,23685883.52,Ascending,,Real_Annual
SW 01,2017-18,30.7523,729315312.4000001,23712614.92,Ascending,,Real_Annual
SW 01,2018-19,31.2433,737284158.6,23595781.56,Ascending,,Real_Annual
SW 01,2019-20,31.2905,765417553.5,24457442.5,Ascending,,Real_Annual
SW 01,2020-21,33.1529,809779986.0,24422666.09,Ascending,,Real_Annual
SW 01,2021-22,34.5378,830180034.9,24033718.0,Ascending,,Real_Annual
SW 01,2022-23,35.0315,840609628.0,23992601.0,Ascending,,Real_Annual
SW 01,2023-24,35.0709,875957744.6,24974335.53,Ascending,,Real_Annual
SW 01,2024-25,32.54,866869000.0,26639597.52,Ascending,,Real_Annual
SW 02,2010-11,0.0158,58297.5804,3696577.5593,Descending,,Real_Annual
SW 02,2011-12,0.0294,107623.0221,3664729.7835,Descending,,Real_Annual
SW 02,2012-13,0.0595,221644.5585,3723150.4777,Descending,,Real_Annual
SW 02,2013-14,0.0644,240605.485,3737476.2544,Descending,,Real_Annual
SW 02,2014-15,0.069,259686.7826,3763283.75,Descending,,Real_Annual
SW 02,2015-16,0.0666,255814.2954,3843760.0647,Descending,,Real_Annual
SW 02,2016-17,0.0636,252018.2474,3963965.0144,Descending,,Real_Annual
SW 02,2017-18,0.068,273867.2956,4027120.736,Descending,,Real_Annual
SW 02,2018-19,0.0724,303582.6095,4189989.7416,Descending,,Real_Annual
SW 02,2019-20,0.0769,327797.01,4262712.1348,Descending,,Real_Annual
SW 02,2020-21,0.0813,367746.4849,4523215.3089,Descending,,Real_Annual
SW 02,2021-22,0.0837,384680.0058,4595231.7803,Descending,,Real_Annual
SW 02,2022-23,0.0866,408635.4873,4716804.1798,Descending,,Real_Annual
SW 02,2023-24,0.0903,429806.9235,4757530.8529,Descending,,Real_Annual
SW 02,2024-25,0.0943,456553.7058,4842964.1882,Descending,,Real_Annual
SW 03a,2010-11,0.589393083537312,,,Descending,,Real_Annual
SW 03a,2011-12,0.591771474613186,,,Descending,,Real_Annual
SW 03a,2012-13,0.597931349186229,,,Descending,,Real_Annual
SW 03a,2013-14,0.59770962781452,,,Descending,,Real_Annual
SW 03a,2014-15,0.605021354,,,Descending,,Real_Annual
SW 03a,2015-16,0.603654613,,,Descending,,Real_Annual
SW 03a,2016-17,0.598113702,,,Descending,,Real_Annual
SW 03a,2017-18,0.614014407,,,Descending,,Real_Annual
SW 03a,2018-19,0.617624521,,,Descending,,Real_Annual
SW 03a,2019-20,0.603079332,,,Descending,,Real_Annual
SW 03a,2020-21,0.625316456,,,Descending,,Real_Annual
SW 03a,2021-22,0.62,,,Descending,,Real_Annual
SW 03a,2022-23,0.61,,,Descending,,Real_Annual
SW 03a,2023-24,0.62,,,Descending,,Real_Annual
SW 03a,2024-25,0.62,,,Descending,,Real_Annual
SW 04b,2013-14,0.85,,,Descending,,Real_Annual
SW 04b,2015-16,0.84,,,Descending,,Real_Annual
SW 04b,2017-18,0.7997,,,Descending,,Real_Annual
SW 04b,2019-20,0.800251,,,Descending,,Real_Annual
SW 04b,2021-22,0.7812,,,Descending,,Real_Annual
SW 04b,2023-24,0.6975,,,Descending,,Real_Annual
SW 04c,2013-14,0.8281,,,Descending,,Real_Annual
SW 04c,2015-16,0.8271,,,Descending,,Real_Annual
SW 04c,2017-18,0.8113,,,Descending,,Real_Annual
SW 04c,2019-20,0.807797,,,Descending,,Real_Annual
SW 04c,2021-22,0.7882,,,Descending,,Real_Annual
SW 04c,2023-24,0.7239,,,Descending,,Real_Annual
SW 04d,2013-14,0.8314,,,Descending,,Real_Annual
SW 04d,2015-16,0.7881,,,Descending,,Real_Annual
SW 04d,2017-18,0.7559,,,Descending,,Real_Annual
SW 04d,2019-20,0.754273,,,Descending,,Real_Annual
SW 04d,2021-22,0.7059,,,Descending,,Real_Annual
SW 04d,2023-24,0.5962,,,Descending,,Real_Annual
SW 04e,2013-14,0.4295,,,Descending,,Real_Annual
SW 04e,2015-16,0.4003,,,Descending,,Real_Annual
SW 04e,2017-18,0.3655,,,Descending,,Real_Annual
SW 04e,2019-20,0.342778,,,Descending,,Real_Annual
SW 04e,2021-22,0.2969,,,Descending,,Real_Annual
SW 04e,2023-24,0.3119,,,Descending,,Real_Annual
SW 05,2010-11,619.4121,19232745.609615356,31050.0,Ascending,,Real_Annual
SW 05,2011-12,623.363,19168411.042307664,30750.0,Ascending,,Real_Annual
SW 05,2012-13,599.5301,18135781.767307665,30250.0,Ascending,,Real_Annual
SW 05,2013-14,582.011,17943395.66346151,30830.0,Ascending,,Real_Annual
SW 05,2014-15,593.3335,18108534.861538433,30520.0,Ascending,,Real_Annual
SW 05,2015-16,602.1279,18545535.66346151,30800.0,Ascending,,Real_Annual
SW 05,2016-17,615.3266,18878219.65769228,30680.0,Ascending,,Real_Annual
SW 05,2017-18,645.5213,19023512.29999997,29470.0,Ascending,,Real_Annual
SW 05,2018-19,652.2347,19527906.148076896,29940.0,Ascending,,Real_Annual
SW 05,2019-20,657.9411,20014570.301923048,30420.0,Ascending,,Real_Annual
SW 05,2020-21,772.0421,21709819.755769197,28120.0,Ascending,,Real_Annual
SW 05,2021-22,763.3823,21325085.761538427,27935.0,Ascending,,Real_Annual
SW 05,2022-23,747.9956,21155559.224999964,28283.0,Ascending,,Real_Annual
SW 05,2023-24,735.079,21150431.644230735,28773.0,Ascending,,Real_Annual
SW 05,2024-25,731.9577,21054764.2307692,28765.0,Ascending,,Real_Annual
SW 06,2010-11,89.6812555296068,90012.0,1003.688,Ascending,,Real_Annual
SW 06,2011-12,92.5350491581466,94788.0,1024.347,Ascending,,Real_Annual
SW 06,2012-13,93.4690119257661,96841.0,1036.076,Ascending,,Real_Annual
SW 06,2013-14,95.2781501467746,100358.0,1053.316,Ascending,,Real_Annual
SW 06,2014-15,97.1518667917799,103949.0,1069.964,Ascending,,Real_Annual
SW 06,2015-16,98.0821126744922,105984.0,1080.564,Ascending,,Real_Annual
SW 06,2016-17,100.960922964498,108040.0,1070.117,Ascending,,Real_Annual
SW 06,2017-18,102.843152800836,107663.0,1046.866,Ascending,,Real_Annual
SW 06,2018-19,103.42,109924.0,1062.895,Ascending,,Real_Annual
SW 06,2019-20,104.88,112894.0,1076.404,Ascending,,Real_Annual
SW 06,2020-21,120.27,91993.0,764.8770000000001,Ascending,,Real_Annual
SW 06,2021-22,106.85,98277.0,919.768,Ascending,,Real_Annual
SW 06,2022-23,102.3112899,97261.0,950.638,Ascending,,Real_Annual
SW 06,2023-24,104.4308205,104963.0,1005.096,Ascending,,Real_Annual
SW 06,2024-25,102.8,104738.0,1018.813,Ascending,,Real_Annual
SW 07,2011-12,0.808661194452307,,,Descending,,Real_Annual
SW 07,2012-13,0.802121127546749,,,Descending,,Real_Annual
SW 07,2013-14,0.802,,,Descending,,Real_Annual
SW 07,2014-15,0.812234042553192,,,Descending,,Real_Annual
SW 07,2015-16,0.829378531073446,,,Descending,,Real_Annual
SW 07,2016-17,0.838,,,Descending,,Real_Annual
SW 07,2017-18,0.853846153846154,,,Descending,,Real_Annual
SW 07,2018-19,0.821736630247269,,,Descending,,Real_Annual
SW 07,2019-20,0.81799709724238,,,Descending,,Real_Annual
SW 07,2020-21,0.825,,,Descending,,Real_Annual
SW 07,2021-22,0.757977122215533,,,Descending,,Real_Annual
SW 07,2022-23,0.75,,,Descending,,Real_Annual
SW 07,2023-24,0.77,,,Descending,,Real_Annual
SW 07,2024-25,0.819,,,Descending,,Real_Annual
SW 08,2013-14,921.791538309358,391389.0,424.596,Ascending,,Real_Annual
SW 08,2014-15,1043.67345431379,452159.0,433.238,Ascending,,Real_Annual
SW 08,2015-16,914.664040921417,400364.0,437.717,Ascending,,Real_Annual
SW 08,2016-17,839.752299862766,371430.0,442.309,Ascending,,Real_Annual
SW 08,2017-18,761.743505718004,341239.0,447.971,Ascending,,Real_Annual
SW 08,2018-19,792.66,360451.0,454.736,Ascending,,Real_Annual
SW 08,2019-20,773.783125288454,360463.0,465.845,Ascending,,Real_Annual
SW 08,2020-21,484.2822,227524.0,469.817,Ascending,,Real_Annual
SW 08,2021-22,747.923300639998,357719.0,478.283,Ascending,,Real_Annual
SW 08,2022-23,921.382085704405,439596.0,477.105,Ascending,,Real_Annual
SW 08,2023-24,841.462962710132,431429.0,512.713,Ascending,,Real_Annual
SW 08,2024-25,898.94663800066,474153.0,527.4540000000001,Ascending,,Real_Annual
SW 01,2010-11,20.14,435041000.0,21602215.96,Ascending,,Cash_Annual
SW 01,2011-12,19.77,435328581.0,22016337.2,Ascending,,Cash_Annual
SW 01,2012-13,20.47,456571260.0,22308242.84,Ascending,,Cash_Annual
SW 01,2013-14,20.25,473916000.0,23400190.84,Ascending,,Cash_Annual
SW 01,2014-15,20.24,478739000.0,23650952.0,Ascending,,Cash_Annual
SW 01,2015-16,21.19,491347000.0,23185760.0,Ascending,,Cash_Annual
SW 01,2016-17,22.64,536137000.0,23685883.52,Ascending,,Cash_Annual
SW 01,2017-18,23.77,563725000.0,23712614.92,Ascending,,Cash_Annual
SW 01,2018-19,24.7,582874000.0,23595781.56,Ascending,,Cash_Annual
SW 01,2019-20,25.39,621082000.0,24457442.5,Ascending,,Cash_Annual
SW 01,2020-21,27.62,674636000.0,24422666.09,Ascending,,Cash_Annual
SW 01,2021-22,29.56,710530337.3000001,24033718.0,Ascending,,Cash_Annual
SW 01,2022-23,32.09,770027000.0,23992601.0,Ascending,,Cash_Annual
SW 01,2023-24,33.82,844714959.7,24974335.53,Ascending,,Cash_Annual
SW 01,2024-25,32.54,866869000.0,26639597.52,Ascending,,Cash_Annual
SW 02,2010-11,0.0158,40275.0,2553788.0,Descending,,Cash_Annual
SW 02,2011-12,0.0294,75938.912,2585837.0,Descending,,Cash_Annual
SW 02,2012-13,0.0595,159104.0,2672604.0,Descending,,Cash_Annual
SW 02,2013-14,0.0644,176308.0,2738703.0,Descending,,Cash_Annual
SW 02,2014-15,0.069,192980.0,2796594.0,Descending,,Cash_Annual
SW 02,2015-16,0.0666,191422.0,2876228.0,Descending,,Cash_Annual
SW 02,2016-17,0.0636,192362.0,3025639.0,Descending,,Cash_Annual
SW 02,2017-18,0.068,211686.0,3112767.0,Descending,,Cash_Annual
SW 02,2018-19,0.0724,240003.0,3312476.0,Descending,,Cash_Annual
SW 02,2019-20,0.0769,265984.0,3458888.245,Descending,,Cash_Annual
SW 02,2020-21,0.0813,306373.363,3768337.0,Descending,,Cash_Annual
SW 02,2021-22,0.0837,329238.0,3932944.0,Descending,,Cash_Annual
SW 02,2022-23,0.0866,374324.0,4320753.0,Descending,,Cash_Annual
SW 02,2023-24,0.0903,414477.0,4587844.0,Descending,,Cash_Annual
SW 02,2024-25,0.0943,456553.7058,4842964.188,Descending,,Cash_Annual
SW 03a,2010-11,0.589393084,,,Descending,,Cash_Annual
SW 03a,2011-12,0.591771475,,,Descending,,Cash_Annual
SW 03a,2012-13,0.597931349,,,Descending,,Cash_Annual
SW 03a,2013-14,0.597709628,,,Descending,,Cash_Annual
SW 03a,2014-15,0.605021354,,,Descending,,Cash_Annual
SW 03a,2015-16,0.603654613,,,Descending,,Cash_Annual
SW 03a,2016-17,0.598113702,,,Descending,,Cash_Annual
SW 03a,2017-18,0.614014407,,,Descending,,Cash_Annual
SW 03a,2018-19,0.617624521,,,Descending,,Cash_Annual
SW 03a,2019-20,0.603079332,,,Descending,,Cash_Annual
SW 03a,2020-21,0.625316456,,,Descending,,Cash_Annual
SW 03a,2021-22,0.62,,,Descending,,Cash_Annual
SW 03a,2022-23,0.61,,,Descending,,Cash_Annual
SW 03a,2023-24,0.62,,,Descending,,Cash_Annual
SW 03a,2024-25,0.62,,,Descending,,Cash_Annual
SW 04b,2013-14,0.85,,,Descending,,Cash_Annual
SW 04b,2015-16,0.84,,,Descending,,Cash_Annual
SW 04b,2017-18,0.7997,,,Descending,,Cash_Annual
SW 04b,2019-20,0.800251,,,Descending,,Cash_Annual
SW 04b,2021-22,0.7812,,,Descending,,Cash_Annual
SW 04b,2023-24,0.6975,,,Descending,,Cash_Annual
SW 04c,2013-14,0.8281,,,Descending,,Cash_Annual
SW 04c,2015-16,0.8271,,,Descending,,Cash_Annual
SW 04c,2017-18,0.8113,,,Descending,,Cash_Annual
SW 04c,2019-20,0.807797,,,Descending,,Cash_Annual
SW 04c,2021-22,0.7882,,,Descending,,Cash_Annual
SW 04c,2023-24,0.7239,,,Descending,,Cash_Annual
SW 04d,2013-14,0.8314,,,Descending,,Cash_Annual
SW 04d,2015-16,0.7881,,,Descending,,Cash_Annual
SW 04d,2017-18,0.7559,,,Descending,,Cash_Annual
SW 04d,2019-20,0.754273,,,Descending,,Cash_Annual
SW 04d,2021-22,0.7059,,,Descending,,Cash_Annual
SW 04d,2023-24,0.5962,,,Descending,,Cash_Annual
SW 04e,2013-14,0.4295,,,Descending,,Cash_Annual
SW 04e,2015-16,0.4003,,,Descending,,Cash_Annual
SW 04e,2017-18,0.3655,,,Descending,,Cash_Annual
SW 04e,2019-20,0.342778,,,Descending,,Cash_Annual
SW 04e,2021-22,0.2969,,,Descending,,Cash_Annual
SW 04e,2023-24,0.3119,,,Descending,,Cash_Annual
SW 05,2010-11,427.9221,13286980.76923075,31050.0,Ascending,,Cash_Annual
SW 05,2011-12,439.8456,13525249.99999998,30750.0,Ascending,,Cash_Annual
SW 05,2012-13,430.3631,13018480.76923075,30250.0,Ascending,,Cash_Annual
SW 05,2013-14,426.479,13148346.153846134,30830.0,Ascending,,Cash_Annual
SW 05,2014-15,440.9215,13456923.076923056,30520.0,Ascending,,Cash_Annual
SW 05,2015-16,450.5633,13877346.153846134,30800.0,Ascending,,Cash_Annual
SW 05,2016-17,469.6702,14409480.769230748,30680.0,Ascending,,Cash_Annual
SW 05,2017-18,498.9563,14704242.855769208,29470.0,Ascending,,Cash_Annual
SW 05,2018-19,515.6365,15438157.234615361,29940.0,Ascending,,Cash_Annual
SW 05,2019-20,533.8725,16240402.76538459,30420.0,Ascending,,Cash_Annual
SW 05,2020-21,643.1962,18086673.188461512,28120.0,Ascending,,Cash_Annual
SW 05,2021-22,653.3598,18251607.774999972,27935.0,Ascending,,Cash_Annual
SW 05,2022-23,685.1894,19379211.53846151,28283.0,Ascending,,Cash_Annual
SW 05,2023-24,708.861,20396059.192307662,28773.0,Ascending,,Cash_Annual
SW 05,2024-25,731.9577,21054764.2307692,28765.0,Ascending,,Cash_Annual
SW 06,2010-11,89.68125553,90012.0,1003.688,Ascending,,Cash_Annual
SW 06,2011-12,92.53504916,94788.0,1024.347,Ascending,,Cash_Annual
SW 06,2012-13,93.46901193,96841.0,1036.076,Ascending,,Cash_Annual
SW 06,2013-14,95.27815015,100358.0,1053.316,Ascending,,Cash_Annual
SW 06,2014-15,97.15186679,103949.0,1069.964,Ascending,,Cash_Annual
SW 06,2015-16,98.08211267,105984.0,1080.564,Ascending,,Cash_Annual
SW 06,2016-17,100.960923,108040.0,1070.117,Ascending,,Cash_Annual
SW 06,2017-18,102.8431528,107663.0,1046.866,Ascending,,Cash_Annual
SW 06,2018-19,103.42,109924.0,1062.895,Ascending,,Cash_Annual
SW 06,2019-20,104.88,112894.0,1076.404,Ascending,,Cash_Annual
SW 06,2020-21,120.27,91993.0,764.8770000000001,Ascending,,Cash_Annual
SW 06,2021-22,106.85,98277.0,919.768,Ascending,,Cash_Annual
SW 06,2022-23,102.3112899,97261.0,950.638,Ascending,,Cash_Annual
SW 06,2023-24,104.4308205,104963.0,1005.096,Ascending,,Cash_Annual
SW 06,2024-25,102.8,104738.0,1018.813,Ascending,,Cash_Annual
SW 07,2011-12,0.808661194,,,Descending,,Cash_Annual
SW 07,2012-13,0.802121128,,,Descending,,Cash_Annual
SW 07,2013-14,0.802,,,Descending,,Cash_Annual
SW 07,2014-15,0.812234043,,,Descending,,Cash_Annual
SW 07,2015-16,0.829378531,,,Descending,,Cash_Annual
SW 07,2016-17,0.838,,,Descending,,Cash_Annual
SW 07,2017-18,0.853846154,,,Descending,,Cash_Annual
SW 07,2018-19,0.82173663,,,Descending,,Cash_Annual
SW 07,2019-20,0.817997097,,,Descending,,Cash_Annual
SW 07,2020-21,0.825,,,Descending,,Cash_Annual
SW 07,2021-22,0.757977122,,,Descending,,Cash_Annual
SW 07,2022-23,0.75,,,Descending,,Cash_Annual
SW 07,2023-24,0.77,,,Descending,,Cash_Annual
SW 07,2024-25,0.819,,,Descending,,Cash_Annual
SW 08,2013-14,921.7915383,391389.0,424.596,Ascending,,Cash_Annual
SW 08,2014-15,1043.673454,452159.0,433.238,Ascending,,Cash_Annual
SW 08,2015-16,914.6640409,400364.0,437.717,Ascending,,Cash_Annual
SW 08,2016-17,839.7522999,371430.0,442.309,Ascending,,Cash_Annual
SW 08,2017-18,761.7435057,341239.0,447.971,Ascending,,Cash_Annual
SW 08,2018-19,792.66,360451.0,454.736,Ascending,,Cash_Annual
SW 08,2019-20,773.7831253,360463.0,465.845,Ascending,,Cash_Annual
SW 08,2020-21,484.2822,227524.0,469.817,Ascending,,Cash_Annual
SW 08,2021-22,747.9233006,357719.0,478.283,Ascending,,Cash_Annual
SW 08,2022-23,921.3820857,439596.0,477.105,Ascending,,Cash_Annual
SW 08,2023-24,841.4629627,431429.0,512.713,Ascending,,Cash_Annual
SW 08,2024-25,898.946638,474153.0,527.4540000000001,Ascending,,Cash_Annual
CHN 01,2010-11,4834.5,1763933499.0,364864.0,Ascending,,Cash_Annual
CHN 01,2011-12,4771.39,1746184828.0,365970.0,Ascending,,Cash_Annual
CHN 01,2012-13,4734.37,1752747890.0,370218.0,Ascending,,Cash_Annual
CHN 01,2013-14,4716.26,1777657006.0,376921.0,Ascending,,Cash_Annual
CHN 01,2014-15,4643.56,1786616000.0,384751.0,Ascending,,Cash_Annual
CHN 01,2015-16,4710.21,1840217479.0,390687.0,Ascending,,Cash_Annual
CHN 01,2016-17,4805.69,1904193259.0,396237.0,Ascending,,Cash_Annual
CHN 01,2017-18,4988.83,1994783253.0,399850.0,Ascending,,Cash_Annual
CHN 01,2018-19,5236.56,2093655000.0,399815.0,Ascending,,Cash_Annual
CHN 01,2019-20,5615.8,2236964641.0,398334.0,Ascending,,Cash_Annual
CHN 01,2020-21,5915.89,2330607000.0,393957.0,Ascending,,Cash_Annual
CHN 01,2021-22,6336.52,2473228000.0,390313.0,Ascending,,Cash_Annual
CHN 01,2022-23,6840.82,2660532000.0,388920.0,Ascending,,Cash_Annual
CHN 01,2023-24,7213.47,2775202462.0,384725.0,Ascending,,Cash_Annual
CHN 01,2024-25,7615.41,2888935000.0,379354.0,Ascending,,Cash_Annual
CHN 02,2010-11,6371.98,1918011499.0,301007.0,Ascending,,Cash_Annual
CHN 02,2011-12,6277.45,1865085828.0,297109.0,Ascending,,Cash_Annual
CHN 02,2012-13,6388.06,1875292890.0,293562.0,Ascending,,Cash_Annual
CHN 02,2013-14,6496.35,1878510006.0,289164.0,Ascending,,Cash_Annual
CHN 02,2014-15,6551.29,1865558039.0,284762.0,Ascending,,Cash_Annual
CHN 02,2015-16,6680.82,1883583479.0,281939.0,Ascending,,Cash_Annual
CHN 02,2016-17,6800.45,1910811259.0,280983.0,Ascending,,Cash_Annual
CHN 02,2017-18,6874.06,1938437253.0,281993.0,Ascending,,Cash_Annual
CHN 02,2018-19,7156.91,2047963000.0,286152.0,Ascending,,Cash_Annual
CHN 02,2019-20,7531.0,2199525818.0,292063.0,Ascending,,Cash_Annual
CHN 02,2020-21,7656.72,2304322000.0,300954.0,Ascending,,Cash_Annual
CHN 02,2021-22,7902.74,2424647000.0,306811.0,Ascending,,Cash_Annual
CHN 02,2022-23,8494.69,2625989000.0,309133.0,Ascending,,Cash_Annual
CHN 02,2023-24,8957.47,2804234462.0,313061.0,Ascending,,Cash_Annual
CHN 02,2024-25,9345.38,2944469000.0,315072.0,Ascending,,Cash_Annual
CHN 03,2010-11,3343.6,307778000.0,92050.0,Ascending,,Cash_Annual
CHN 03,2011-12,3082.54,292441000.0,94870.0,Ascending,,Cash_Annual
CHN 03,2012-13,3097.18,303477000.0,97985.0,Ascending,,Cash_Annual
CHN 03,2013-14,3001.24,308741000.0,102871.0,Ascending,,Cash_Annual
CHN 03,2014-15,3303.4,335173000.0,101463.0,Ascending,,Cash_Annual
CHN 03,2015-16,3841.13,373596000.0,97262.0,Ascending,,Cash_Annual
CHN 03,2016-17,4200.19,407255000.0,96961.0,Ascending,,Cash_Annual
CHN 03,2017-18,4430.23,424828000.0,95893.0,Ascending,,Cash_Annual
CHN 03,2018-19,5018.35,484517000.0,96549.0,Ascending,,Cash_Annual
CHN 03,2019-20,6749.37,650470163.6,96375.0,Ascending,,Cash_Annual
CHN 03,2020-21,9273.35,835770000.0,90126.0,Ascending,,Cash_Annual
CHN 03,2021-22,10307.84,944229000.0,91603.0,Ascending,,Cash_Annual
CHN 03,2022-23,11001.9,1018941000.0,92615.0,Ascending,,Cash_Annual
CHN 03,2023-24,11658.87,1074738000.0,92182.0,Ascending,,Cash_Annual
CHN 03,2024-25,12083.4,1091385000.0,90321.0,Ascending,,Cash_Annual
CHN 04,2011-12,0.56,,,Descending,,Cash_Annual
CHN 04,2012-13,0.56,,,Descending,,Cash_Annual
CHN 04,2013-14,0.59,,,Descending,,Cash_Annual
CHN 04,2014-15,0.6,,,Descending,,Cash_Annual
CHN 04,2015-16,0.61,,,Descending,,Cash_Annual
CHN 04,2016-17,0.62,,,Descending,,Cash_Annual
CHN 04,2017-18,0.64,,,Descending,,Cash_Annual
CHN 04,2018-19,0.64,,,Descending,,Cash_Annual
CHN 04,2019-20,0.68,,,Descending,,Cash_Annual
CHN 04,2020-21,0.7,,,Descending,,Cash_Annual
CHN 04,2021-22,0.68,,,Descending,,Cash_Annual
CHN 04,2022-23,0.66,,,Descending,,Cash_Annual
CHN 04,2023-24,0.666,,,Descending,,Cash_Annual
CHN 05,2011-12,0.29,,,Descending,,Cash_Annual
CHN 05,2012-13,0.29,,,Descending,,Cash_Annual
CHN 05,2013-14,0.32,,,Descending,,Cash_Annual
CHN 05,2014-15,0.32,,,Descending,,Cash_Annual
CHN 05,2015-16,0.34,,,Descending,,Cash_Annual
CHN 05,2016-17,0.35,,,Descending,,Cash_Annual
CHN 05,2017-18,0.36,,,Descending,,Cash_Annual
CHN 05,2018-19,0.36,,,Descending,,Cash_Annual
CHN 05,2019-20,0.4,,,Descending,,Cash_Annual
CHN 05,2020-21,0.42,,,Descending,,Cash_Annual
CHN 05,2021-22,0.39,,,Descending,,Cash_Annual
CHN 05,2022-23,0.38,,,Descending,,Cash_Annual
CHN 05,2023-24,0.39,,,Descending,,Cash_Annual
CHN 06,2011-12,0.33,,,Descending,,Cash_Annual
CHN 06,2012-13,0.35,,,Descending,,Cash_Annual
CHN 06,2013-14,0.38,,,Descending,,Cash_Annual
CHN 06,2014-15,0.4,,,Descending,,Cash_Annual
CHN 06,2015-16,0.41,,,Descending,,Cash_Annual
CHN 06,2016-17,0.43,,,Descending,,Cash_Annual
CHN 06,2017-18,0.45,,,Descending,,Cash_Annual
CHN 06,2018-19,0.46,,,Descending,,Cash_Annual
CHN 06,2019-20,0.49,,,Descending,,Cash_Annual
CHN 06,2020-21,0.53,,,Descending,,Cash_Annual
CHN 06,2021-22,0.5,,,Descending,,Cash_Annual
CHN 06,2022-23,0.5,,,Descending,,Cash_Annual
CHN 06,2023-24,0.5,,,Descending,,Cash_Annual
CHN 07,2011-12,0.12,,,Descending,,Cash_Annual
CHN 07,2012-13,0.12,,,Descending,,Cash_Annual
CHN 07,2013-14,0.15,,,Descending,,Cash_Annual
CHN 07,2014-15,0.15,,,Descending,,Cash_Annual
CHN 07,2015-16,0.16,,,Descending,,Cash_Annual
CHN 07,2016-17,0.17,,,Descending,,Cash_Annual
CHN 07,2017-18,0.18,,,Descending,,Cash_Annual
CHN 07,2018-19,0.19,,,Descending,,Cash_Annual
CHN 07,2019-20,0.22,,,Descending,,Cash_Annual
CHN 07,2020-21,0.24,,,Descending,,Cash_Annual
CHN 07,2021-22,0.22,,,Descending,,Cash_Annual
CHN 07,2022-23,0.22,,,Descending,,Cash_Annual
CHN 07,2023-24,0.23,,,Descending,,Cash_Annual
CHN 08a,2010-11,2810.496,4106134.61522037,1461.0,Ascending,,Cash_Annual
CHN 08a,2011-12,3014.2252,4319384.61521184,1433.0,Ascending,,Cash_Annual
CHN 08a,2012-13,2930.1475,4295596.15367433,1466.0,Ascending,,Cash_Annual
CHN 08a,2013-14,3104.6485,4554519.23058705,1467.0,Ascending,,Cash_Annual
CHN 08a,2014-15,3170.9638,4848403.84595991,1529.0,Ascending,,Cash_Annual
CHN 08a,2015-16,3405.8513,5030442.30749109,1477.0,Ascending,,Cash_Annual
CHN 08a,2016-17,3386.6927,5110519.23056481,1509.0,Ascending,,Cash_Annual
CHN 08a,2017-18,3501.2592,5293903.84594209,1512.0,Ascending,,Cash_Annual
CHN 08a,2018-19,3830.7481,5546923.0767012,1448.0,Ascending,,Cash_Annual
CHN 08a,2019-20,3844.9085,5521288.46131761,1436.0,Ascending,,Cash_Annual
CHN 08a,2020-21,4445.5558,5632519.23054393,1267.0,Ascending,,Cash_Annual
CHN 08a,2021-22,4784.0729,6037499.9997585,1262.0,Ascending,,Cash_Annual
CHN 08a,2022-23,4804.4581,6341884.6151309395,1320.0,Ascending,,Cash_Annual
CHN 08a,2023-24,5281.8237,6993134.61510489,1324.0,Ascending,,Cash_Annual
CHN 08b,2010-11,204.7654,3024384.61526364,14770.0,Ascending,,Cash_Annual
CHN 08b,2011-12,221.2179,3277343.5190996756,14815.0,Ascending,,Cash_Annual
CHN 08b,2012-13,249.8415,3639192.30754674,14566.0,Ascending,,Cash_Annual
CHN 08b,2013-14,264.3037,3735403.84600443,14133.0,Ascending,,Cash_Annual
CHN 08b,2014-15,278.3838,3861461.53830708,13871.0,Ascending,,Cash_Annual
CHN 08b,2015-16,291.5698,4035326.92291551,13840.0,Ascending,,Cash_Annual
CHN 08b,2016-17,316.2404,4233826.92290757,13388.0,Ascending,,Cash_Annual
CHN 08b,2017-18,332.3833,4334942.30751891,13042.0,Ascending,,Cash_Annual
CHN 08b,2018-19,343.1042,4396538.4613626,12814.0,Ascending,,Cash_Annual
CHN 08b,2019-20,348.0175,4531884.61520334,13022.0,Ascending,,Cash_Annual
CHN 08b,2020-21,383.3358,4574346.15366318,11933.0,Ascending,,Cash_Annual
CHN 08b,2021-22,407.1042,4553461.5382794,11185.0,Ascending,,Cash_Annual
CHN 08b,2022-23,422.2962,4597115.3844315,10886.0,Ascending,,Cash_Annual
CHN 08b,2023-24,474.6752,4992634.61518491,10518.0,Ascending,,Cash_Annual
CHN 09,2010-11,0.909987062,,,Descending,,Cash_Annual
CHN 09,2011-12,0.91180453,,,Descending,,Cash_Annual
CHN 09,2012-13,0.908557884,,,Descending,,Cash_Annual
CHN 09,2013-14,0.905961538,,,Descending,,Cash_Annual
CHN 09,2014-15,0.900714286,,,Descending,,Cash_Annual
CHN 09,2015-16,0.903571195,,,Descending,,Cash_Annual
CHN 09,2016-17,0.898704437,,,Descending,,Cash_Annual
CHN 09,2017-18,0.896111035,,,Descending,,Cash_Annual
CHN 09,2018-19,0.898471463,,,Descending,,Cash_Annual
CHN 09,2019-20,0.900677825,,,Descending,,Cash_Annual
CHN 09,2020-21,0.904015152,,,Descending,,Cash_Annual
CHN 09,2021-22,0.898610107,,,Descending,,Cash_Annual
CHN 09,2022-23,0.891856464,,,Descending,,Cash_Annual
CHN 09,2023-24,0.888194562,,,Descending,,Cash_Annual
CHN 10,2013-14,0.824666667,,,Descending,,Cash_Annual
CHN 10,2014-15,0.810333333,,,Descending,,Cash_Annual
CHN 10,2015-16,0.779333333,,,Descending,,Cash_Annual
CHN 10,2016-17,0.754333333,,,Descending,,Cash_Annual
CHN 10,2017-18,0.724,,,Descending,,Cash_Annual
CHN 10,2018-19,0.713666667,,,Descending,,Cash_Annual
CHN 10,2019-20,0.713,,,Descending,,Cash_Annual
CHN 10,2020-21,0.740666667,,,Descending,,Cash_Annual
CHN 10,2021-22,0.750666667,,,Descending,,Cash_Annual
CHN 10,2022-23,0.737666667,,,Descending,,Cash_Annual
CHN 10,2023-24,0.708666667,,,Descending,,Cash_Annual
CHN 10,2024-25,0.69,,,Descending,,Cash_Annual
CHN 11,2011-12,0.903,,,Descending,,Cash_Annual
CHN 11,2012-13,0.919,,,Descending,,Cash_Annual
CHN 11,2013-14,0.926,,,Descending,,Cash_Annual
CHN 11,2014-15,0.932,,,Descending,,Cash_Annual
CHN 11,2015-16,0.935,,,Descending,,Cash_Annual
CHN 11,2016-17,0.939,,,Descending,,Cash_Annual
CHN 11,2017-18,0.946,,,Descending,,Cash_Annual
CHN 11,2018-19,0.95,,,Descending,,Cash_Annual
CHN 11,2019-20,0.933,,,Descending,,Cash_Annual
CHN 11,2020-21,0.955,,,Descending,,Cash_Annual
CHN 11,2021-22,0.957,,,Descending,,Cash_Annual
CHN 11,2022-23,0.959,,,Descending,,Cash_Annual
CHN 11,2023-24,0.957133672,,,Descending,,Cash_Annual
CHN 12a,2011-12,769.68,,,Descending,,Cash_Annual
CHN 12a,2012-13,797.61,,,Descending,,Cash_Annual
CHN 12a,2013-14,826.62,,,Descending,,Cash_Annual
CHN 12a,2014-15,860.04,,,Descending,,Cash_Annual
CHN 12a,2015-16,877.23,,,Descending,,Cash_Annual
CHN 12a,2016-17,888.15,,,Descending,,Cash_Annual
CHN 12a,2017-18,893.97,,,Descending,,Cash_Annual
CHN 12a,2018-19,894.59,,,Descending,,Cash_Annual
CHN 12a,2019-20,925.1,,,Descending,,Cash_Annual
CHN 12a,2020-21,962.8,,,Descending,,Cash_Annual
CHN 12a,2021-22,972.46,,,Descending,,Cash_Annual
CHN 12a,2022-23,918.43,,,Descending,,Cash_Annual
CHN 12a,2023-24,919.27,,,Descending,,Cash_Annual
CHN 12a,2024-25,922.23,,,Descending,,Cash_Annual
CHN 12b,2011-12,478.0,,,Descending,,Cash_Annual
CHN 12b,2012-13,510.0,,,Descending,,Cash_Annual
CHN 12b,2013-14,551.0,,,Descending,,Cash_Annual
CHN 12b,2014-15,581.0,,,Descending,,Cash_Annual
CHN 12b,2015-16,603.0,,,Descending,,Cash_Annual
CHN 12b,2016-17,625.0,,,Descending,,Cash_Annual
CHN 12b,2017-18,620.0,,,Descending,,Cash_Annual
CHN 12b,2018-19,627.0,,,Descending,,Cash_Annual
CHN 12b,2019-20,645.0,,,Descending,,Cash_Annual
CHN 12b,2020-21,678.0,,,Descending,,Cash_Annual
CHN 12b,2021-22,691.0,,,Descending,,Cash_Annual
CHN 12b,2022-23,661.0,,,Descending,,Cash_Annual
CHN 12b,2023-24,661.0,,,Descending,,Cash_Annual
CHN 12b,2024-25,655.0,,,Descending,,Cash_Annual
CHN 12c,2011-12,618.0,,,Descending,,Cash_Annual
CHN 12c,2012-13,644.0,,,Descending,,Cash_Annual
CHN 12c,2013-14,685.0,,,Descending,,Cash_Annual
CHN 12c,2014-15,716.0,,,Descending,,Cash_Annual
CHN 12c,2015-16,741.0,,,Descending,,Cash_Annual
CHN 12c,2016-17,751.0,,,Descending,,Cash_Annual
CHN 12c,2017-18,752.0,,,Descending,,Cash_Annual
CHN 12c,2018-19,742.0,,,Descending,,Cash_Annual
CHN 12c,2019-20,754.0,,,Descending,,Cash_Annual
CHN 12c,2020-21,807.0,,,Descending,,Cash_Annual
CHN 12c,2021-22,818.0,,,Descending,,Cash_Annual
CHN 12c,2022-23,783.0,,,Descending,,Cash_Annual
CHN 12c,2023-24,764.0,,,Descending,,Cash_Annual
CHN 12c,2024-25,772.0,,,Descending,,Cash_Annual
CHN 12d,2011-12,759.0,,,Descending,,Cash_Annual
CHN 12d,2012-13,788.0,,,Descending,,Cash_Annual
CHN 12d,2013-14,816.0,,,Descending,,Cash_Annual
CHN 12d,2014-15,851.0,,,Descending,,Cash_Annual
CHN 12d,2015-16,864.0,,,Descending,,Cash_Annual
CHN 12d,2016-17,882.0,,,Descending,,Cash_Annual
CHN 12d,2017-18,899.0,,,Descending,,Cash_Annual
CHN 12d,2018-19,875.0,,,Descending,,Cash_Annual
CHN 12d,2019-20,901.0,,,Descending,,Cash_Annual
CHN 12d,2020-21,965.0,,,Descending,,Cash_Annual
CHN 12d,2021-22,958.0,,,Descending,,Cash_Annual
CHN 12d,2022-23,908.0,,,Descending,,Cash_Annual
CHN 12d,2023-24,892.0,,,Descending,,Cash_Annual
CHN 12d,2024-25,895.0,,,Descending,,Cash_Annual
CHN 12e,2011-12,909.0,,,Descending,,Cash_Annual
CHN 12e,2012-13,929.0,,,Descending,,Cash_Annual
CHN 12e,2013-14,962.0,,,Descending,,Cash_Annual
CHN 12e,2014-15,984.0,,,Descending,,Cash_Annual
CHN 12e,2015-16,998.0,,,Descending,,Cash_Annual
CHN 12e,2016-17,1002.0,,,Descending,,Cash_Annual
CHN 12e,2017-18,1019.0,,,Descending,,Cash_Annual
CHN 12e,2018-19,1015.0,,,Descending,,Cash_Annual
CHN 12e,2019-20,1025.0,,,Descending,,Cash_Annual
CHN 12e,2020-21,1099.0,,,Descending,,Cash_Annual
CHN 12e,2021-22,1105.0,,,Descending,,Cash_Annual
CHN 12e,2022-23,1054.0,,,Descending,,Cash_Annual
CHN 12e,2023-24,1051.0,,,Descending,,Cash_Annual
CHN 12e,2024-25,1049.0,,,Descending,,Cash_Annual
CHN 12f,2011-12,1101.0,,,Descending,,Cash_Annual
CHN 12f,2012-13,1134.0,,,Descending,,Cash_Annual
CHN 12f,2013-14,1149.0,,,Descending,,Cash_Annual
CHN 12f,2014-15,1185.0,,,Descending,,Cash_Annual
CHN 12f,2015-16,1197.0,,,Descending,,Cash_Annual
CHN 12f,2016-17,1210.0,,,Descending,,Cash_Annual
CHN 12f,2017-18,1224.0,,,Descending,,Cash_Annual
CHN 12f,2018-19,1195.0,,,Descending,,Cash_Annual
CHN 12f,2019-20,1236.0,,,Descending,,Cash_Annual
CHN 12f,2020-21,1311.0,,,Descending,,Cash_Annual
CHN 12f,2021-22,1310.0,,,Descending,,Cash_Annual
CHN 12f,2022-23,1268.0,,,Descending,,Cash_Annual
CHN 12f,2023-24,1262.0,,,Descending,,Cash_Annual
CHN 12f,2024-25,1269.0,,,Descending,,Cash_Annual
CHN 13a,2018-19,0.723000795,,,Descending,,Cash_Annual
CHN 13a,2020-21,0.669,,,Descending,,Cash_Annual
CHN 13a,2021-22,0.705,,,Descending,,Cash_Annual
CHN 13a,2022-23,0.727,,,Descending,,Cash_Annual
CHN 13a,2023-24,0.74,,,Descending,,Cash_Annual
CHN 13a,2024-25,0.745,,,Descending,,Cash_Annual
CHN 13b,2018-19,0.790712254,,,Descending,,Cash_Annual
CHN 13b,2020-21,0.747,,,Descending,,Cash_Annual
CHN 13b,2021-22,0.779,,,Descending,,Cash_Annual
CHN 13b,2022-23,0.796,,,Descending,,Cash_Annual
CHN 13b,2023-24,0.803,,,Descending,,Cash_Annual
CHN 13b,2024-25,0.803,,,Descending,,Cash_Annual
CHN 14a,2018-19,20.6633913,,,Ascending,,Cash_Annual
CHN 14a,2020-21,24.6972787,,,Ascending,,Cash_Annual
CHN 14a,2021-22,21.34438677,,,Ascending,,Cash_Annual
CHN 14a,2022-23,20.46348102,,,Ascending,,Cash_Annual
CHN 14a,2023-24,20.23802794,,,Ascending,,Cash_Annual
CHN 14a,2024-25,19.35890329,,,Ascending,,Cash_Annual
CHN 14b,2018-19,16.80595525,,,Ascending,,Cash_Annual
CHN 14b,2020-21,21.4204594,,,Ascending,,Cash_Annual
CHN 14b,2021-22,17.761179,,,Ascending,,Cash_Annual
CHN 14b,2022-23,16.95982652,,,Ascending,,Cash_Annual
CHN 14b,2023-24,17.41028492,,,Ascending,,Cash_Annual
CHN 14b,2024-25,16.60604901,,,Ascending,,Cash_Annual
CHN 17,2013-14,0.808006075,,,Descending,,Cash_Annual
CHN 17,2014-15,0.807912688,,,Descending,,Cash_Annual
CHN 17,2015-16,0.815827653,,,Descending,,Cash_Annual
CHN 17,2016-17,0.823696332,,,Descending,,Cash_Annual
CHN 17,2017-18,0.846015956,,,Descending,,Cash_Annual
CHN 17,2018-19,0.854824768,,,Descending,,Cash_Annual
CHN 17,2019-20,0.857095325,,,Descending,,Cash_Annual
CHN 17,2020-21,0.850701847,,,Descending,,Cash_Annual
CHN 17,2021-22,0.821634467,,,Descending,,Cash_Annual
CHN 17,2022-23,0.820682371,,,Descending,,Cash_Annual
CHN 17,2023-24,0.832729697,,,Descending,,Cash_Annual
CHN 18,2010-11,0.871317158,,,Descending,,Cash_Annual
CHN 18,2011-12,0.905676127,,,Descending,,Cash_Annual
CHN 18,2012-13,0.913254966,,,Descending,,Cash_Annual
CHN 18,2013-14,0.925896728,,,Descending,,Cash_Annual
CHN 18,2014-15,0.93477391,,,Descending,,Cash_Annual
CHN 18,2015-16,0.919051513,,,Descending,,Cash_Annual
CHN 18,2016-17,0.916700528,,,Descending,,Cash_Annual
CHN 18,2017-18,0.910326087,,,Descending,,Cash_Annual
CHN 18,2018-19,0.90584543,,,Descending,,Cash_Annual
CHN 18,2019-20,0.902,,,Descending,,Cash_Annual
CHN 18,2020-21,0.909274194,,,Descending,,Cash_Annual
CHN 18,2021-22,0.894039735,,,Descending,,Cash_Annual
CHN 18,2022-23,0.900928793,,,Descending,,Cash_Annual
CHN 18,2023-24,0.897574124,,,Descending,,Cash_Annual
CHN 18,2024-25,0.89,,,Descending,,Cash_Annual
CHN 19a,2010-11,0.931,,,Descending,,Cash_Annual
CHN 19a,2012-13,0.936,,,Descending,,Cash_Annual
CHN 19a,2014-15,0.937,,,Descending,,Cash_Annual
CHN 19a,2016-17,0.933,,,Descending,,Cash_Annual
CHN 19a,2018-19,0.929549,,,Descending,,Cash_Annual
CHN 19a,2020-21,0.92,,,Descending,,Cash_Annual
CHN 19a,2022-23,0.902,,,Descending,,Cash_Annual
CHN 19a,2023-24,0.903,,,Descending,,Cash_Annual
CHN 19a,2024-25,0.909789608,,,Descending,,Cash_Annual
CHN 19b,2010-11,0.8632,,,Descending,,Cash_Annual
CHN 19b,2012-13,0.8865,,,Descending,,Cash_Annual
CHN 19b,2014-15,0.89,,,Descending,,Cash_Annual
CHN 19b,2016-17,0.8822,,,Descending,,Cash_Annual
CHN 19b,2018-19,0.8678,,,Descending,,Cash_Annual
CHN 19b,2020-21,0.8789,,,Descending,,Cash_Annual
CHN 19b,2022-23,0.843878838,,,Descending,,Cash_Annual
CHN 19b,2023-24,0.836906513,,,Descending,,Cash_Annual
CHN 20a,2010-11,40.0,,,Ascending,,Cash_Annual
CHN 20a,2012-13,32.8,,,Ascending,,Cash_Annual
CHN 20a,2014-15,27.2,,,Ascending,,Cash_Annual
CHN 20a,2016-17,26.84,,,Ascending,,Cash_Annual
CHN 20a,2018-19,21.65,,,Ascending,,Cash_Annual
CHN 20a,2022-23,16.5584,,,Ascending,,Cash_Annual
CHN 20a,2024-25,15.1707511,,,Ascending,,Cash_Annual
CHN 20a,2020-21,11.87,,,Ascending,,Cash_Annual
CHN 20b,2010-11,340.78,,,Ascending,,Cash_Annual
CHN 20b,2012-13,280.3,,,Ascending,,Cash_Annual
CHN 20b,2014-15,246.85,,,Ascending,,Cash_Annual
CHN 20b,2016-17,210.15,,,Ascending,,Cash_Annual
CHN 20b,2018-19,152.16,,,Ascending,,Cash_Annual
CHN 20b,2020-21,77.81,,,Ascending,,Cash_Annual
CHN 20b,2022-23,96.94757124,,,Ascending,,Cash_Annual
CHN 21,2015-16,0.903728996,,,Descending,,Cash_Annual
CHN 21,2016-17,0.910745322,,,Descending,,Cash_Annual
CHN 21,2017-18,0.918297792,,,Descending,,Cash_Annual
CHN 21,2018-19,0.9156484,,,Descending,,Cash_Annual
CHN 21,2019-20,0.92132284,,,Descending,,Cash_Annual
CHN 21,2020-21,0.921794063,,,Descending,,Cash_Annual
CHN 21,2021-22,0.923522745,,,Descending,,Cash_Annual
CHN 21,2022-23,0.926466152,,,Descending,,Cash_Annual
CHN 21,2023-24,0.927311199,,,Descending,,Cash_Annual
CHN 21,2024-25,0.933039099,,,Descending,,Cash_Annual
CHN 22,2012-13,0.064690661,,,Ascending,,Cash_Annual
CHN 22,2013-14,0.067719602,,,Ascending,,Cash_Annual
CHN 22,2014-15,0.067484663,,,Ascending,,Cash_Annual
CHN 22,2015-16,0.061664713,,,Ascending,,Cash_Annual
CHN 22,2016-17,0.06475658,,,Ascending,,Cash_Annual
CHN 22,2017-18,0.059585492,,,Ascending,,Cash_Annual
CHN 22,2018-19,0.07217695,,,Ascending,,Cash_Annual
CHN 22,2019-20,0.069244377,,,Ascending,,Cash_Annual
CHN 22,2020-21,0.069990988,,,Ascending,,Cash_Annual
CHN 22,2021-22,0.080037372,,,Ascending,,Cash_Annual
CHN 22,2022-23,0.05615142,,,Ascending,,Cash_Annual
CHN 22,2023-24,0.058099147,,,Ascending,,Cash_Annual
CHN 23,2010-11,0.211242458,,,Ascending,,Cash_Annual
CHN 23,2011-12,0.213648391,,,Ascending,,Cash_Annual
CHN 23,2012-13,0.212013473,,,Ascending,,Cash_Annual
CHN 23,2013-14,0.219358974,,,Ascending,,Cash_Annual
CHN 23,2014-15,0.213506494,,,Ascending,,Cash_Annual
CHN 23,2015-16,0.206829014,,,Ascending,,Cash_Annual
CHN 23,2016-17,0.211854736,,,Ascending,,Cash_Annual
CHN 23,2017-18,0.201319225,,,Ascending,,Cash_Annual
CHN 23,2018-19,0.195133922,,,Ascending,,Cash_Annual
CHN 23,2019-20,0.166758888,,,Ascending,,Cash_Annual
CHN 23,2020-21,0.168106061,,,Ascending,,Cash_Annual
CHN 23,2021-22,0.159717201,,,Ascending,,Cash_Annual
CHN 23,2022-23,0.172,,,Ascending,,Cash_Annual
CHN 23,2023-24,0.17497,,,Ascending,,Cash_Annual
CHN 24,2014-15,0.1909019,,,Ascending,,Cash_Annual
CHN 24,2015-16,0.201858026,,,Ascending,,Cash_Annual
CHN 24,2016-17,0.20440301,,,Ascending,,Cash_Annual
CHN 24,2017-18,0.205923535,,,Ascending,,Cash_Annual
CHN 24,2018-19,0.200287531,,,Ascending,,Cash_Annual
CHN 24,2019-20,0.215520236,,,Ascending,,Cash_Annual
CHN 24,2020-21,0.197405116,,,Ascending,,Cash_Annual
CHN 24,2021-22,0.215097443,,,Ascending,,Cash_Annual
CHN 24,2022-23,0.218429865,,,Ascending,,Cash_Annual
CHN 24,2023-24,0.207441053,,,Ascending,,Cash_Annual
CORP 01,2010-11,0.0543,783855.184,14427011.0,Ascending,,Cash_Annual
CORP 01,2011-12,0.057,806185.0,14136537.0,Ascending,,Cash_Annual
CORP 01,2012-13,0.0559,796541.0,14240941.0,Ascending,,Cash_Annual
CORP 01,2013-14,0.0522,757513.0,14514478.0,Ascending,,Cash_Annual
CORP 01,2014-15,0.0523,769090.0,14708933.0,Ascending,,Cash_Annual
CORP 01,2015-16,0.0533,790597.0,14841363.0,Ascending,,Cash_Annual
CORP 01,2016-17,0.0498,748223.0,15009642.0,Ascending,,Cash_Annual
CORP 01,2017-18,0.0445,677795.0,15241550.0,Ascending,,Cash_Annual
CORP 01,2018-19,0.0428,670020.0,15666226.5,Ascending,,Cash_Annual
CORP 01,2019-20,0.0397,662849.5713,16680681.26,Ascending,,Cash_Annual
CORP 01,2020-21,0.0404,687640.0,17043419.0,Ascending,,Cash_Annual
CORP 01,2021-22,0.0406,727292.0,17906309.0,Ascending,,Cash_Annual
CORP 01,2022-23,0.0403,774468.0,19201753.0,Ascending,,Cash_Annual
CORP 01,2023-24,0.0406,839272.0,20679499.0,Ascending,,Cash_Annual
CORP 01,2024-25,0.0403,848285.0,21030140.0,Ascending,,Cash_Annual
CORP 03b,2010-11,0.4626,4994.0,10795.0,Goldilocks,0.5,Cash_Annual
CORP 03b,2011-12,0.485,5196.0,10713.0,Goldilocks,0.5,Cash_Annual
CORP 03b,2012-13,0.4871,4785.0,9822.0,Goldilocks,0.5,Cash_Annual
CORP 03b,2013-14,0.507,5080.0,10019.0,Goldilocks,0.5,Cash_Annual
CORP 03b,2014-15,0.5166,5451.0,10551.0,Goldilocks,0.5,Cash_Annual
CORP 03b,2015-16,0.5189,5128.0,9882.0,Goldilocks,0.5,Cash_Annual
CORP 03b,2016-17,0.529,5119.0,9677.0,Goldilocks,0.5,Cash_Annual
CORP 03b,2017-18,0.5463,5485.0,10040.0,Goldilocks,0.5,Cash_Annual
CORP 03b,2018-19,0.5553,5755.0,10363.0,Goldilocks,0.5,Cash_Annual
CORP 03b,2019-20,0.5674,5920.0,10433.0,Goldilocks,0.5,Cash_Annual
CORP 03b,2020-21,0.5806,6366.0,10964.0,Goldilocks,0.5,Cash_Annual
CORP 03b,2021-22,0.5898,6651.0,11277.0,Goldilocks,0.5,Cash_Annual
CORP 03b,2022-23,0.5884,6314.0,10731.0,Goldilocks,0.5,Cash_Annual
CORP 03b,2023-24,0.5981,6208.0,10379.0,Goldilocks,0.5,Cash_Annual
CORP 03b,2024-25,0.6026,6160.0,10222.0,Goldilocks,0.5,Cash_Annual
CORP 03c,2015-16,0.045,14.73,14.07,Goldilocks,0.0,Cash_Annual
CORP 03c,2016-17,0.0421,14.99,14.36,Goldilocks,0.0,Cash_Annual
CORP 03c,2017-18,0.0393,15.22,14.62,Goldilocks,0.0,Cash_Annual
CORP 03c,2018-19,0.0418,15.69,15.04,Goldilocks,0.0,Cash_Annual
CORP 03c,2019-20,0.034,16.37,15.82,Goldilocks,0.0,Cash_Annual
CORP 03c,2020-21,0.0366,16.8989,16.2855,Goldilocks,0.0,Cash_Annual
CORP 03c,2021-22,0.0354,17.2689,16.6633,Goldilocks,0.0,Cash_Annual
CORP 03c,2022-23,0.0252,18.4722,18.0131,Goldilocks,0.0,Cash_Annual
CORP 03c,2023-24,0.0202,19.8366,19.4339,Goldilocks,0.0,Cash_Annual
CORP 03c,2024-25,0.0147,20.7099,20.4058,Goldilocks,0.0,Cash_Annual
CORP 04,2010-11,13.81,34483691.0,2496429.0,Ascending,,Cash_Annual
CORP 04,2011-12,13.19,33095308.0,2509142.0,Ascending,,Cash_Annual
CORP 04,2012-13,13.29,33514927.0,2521219.0,Ascending,,Cash_Annual
CORP 04,2013-14,12.13,30733489.0,2534499.0,Ascending,,Cash_Annual
CORP 04,2014-15,10.95,27933089.0,2550555.0,Ascending,,Cash_Annual
CORP 04,2015-16,10.34,26555737.0,2567508.0,Ascending,,Cash_Annual
CORP 04,2016-17,8.97,23199295.0,2587271.0,Ascending,,Cash_Annual
CORP 04,2017-18,7.35,19169512.0,2606553.0,Ascending,,Cash_Annual
CORP 04,2018-19,6.92,18178208.0,2626234.0,Ascending,,Cash_Annual
CORP 04,2019-20,6.6,17492477.0,2649232.0,Ascending,,Cash_Annual
CORP 04,2020-21,6.643,17703207.64,2664933.0,Ascending,,Cash_Annual
CORP 04,2021-22,6.6105,17771408.1,2688365.0,Ascending,,Cash_Annual
CORP 04,2022-23,6.8396,18541998.48,2710958.0,Ascending,,Cash_Annual
CORP 04,2023-24,5.8914,16087169.85,2730627.0,Ascending,,Cash_Annual
CORP 04,2024-25,5.978,16429137.17,2748264.0,Ascending,,Cash_Annual
CORP 06a,2010-11,6.6,349345.0,52900.0,Ascending,,Cash_Annual
CORP 06a,2011-12,6.21,312235.0,50289.0,Ascending,,Cash_Annual
CORP 06a,2012-13,6.64,317378.0,47768.0,Ascending,,Cash_Annual
CORP 06a,2013-14,6.1,308559.0,50595.0,Ascending,,Cash_Annual
CORP 06a,2014-15,6.28,317074.0,50485.0,Ascending,,Cash_Annual
CORP 06a,2015-16,6.09,306807.0,50340.0,Ascending,,Cash_Annual
CORP 06a,2016-17,6.06,310780.0,51269.0,Ascending,,Cash_Annual
CORP 06a,2017-18,5.93,313918.0,52906.0,Ascending,,Cash_Annual
CORP 06a,2018-19,6.21,328747.0,52956.0,Ascending,,Cash_Annual
CORP 06a,2019-20,6.35,346464.0,54562.0,Ascending,,Cash_Annual
CORP 06a,2020-21,4.1101,224632.0,54653.0,Ascending,,Cash_Annual
CORP 06a,2021-22,5.8163,326350.0,56109.0,Ascending,,Cash_Annual
CORP 06a,2022-23,6.7793,380411.0,56113.0,Ascending,,Cash_Annual
CORP 06a,2023-24,7.6273,430102.0,56390.0,Ascending,,Cash_Annual
CORP 06a,2024-25,7.7833,433410.0,55685.0,Ascending,,Cash_Annual
CORP 06b,2010-11,10.79,1731251.0,160403.0,Ascending,,Cash_Annual
CORP 06b,2011-12,10.38,1542024.0,148549.0,Ascending,,Cash_Annual
CORP 06b,2012-13,10.9,1483040.0,136067.0,Ascending,,Cash_Annual
CORP 06b,2013-14,10.34,1509872.0,146092.0,Ascending,,Cash_Annual
CORP 06b,2014-15,10.8,1570110.0,145398.0,Ascending,,Cash_Annual
CORP 06b,2015-16,10.63,1529113.0,143794.0,Ascending,,Cash_Annual
CORP 06b,2016-17,10.92,1564271.0,143295.0,Ascending,,Cash_Annual
CORP 06b,2017-18,11.41,1641333.0,143890.0,Ascending,,Cash_Annual
CORP 06b,2018-19,11.49,1714874.0,149272.0,Ascending,,Cash_Annual
CORP 06b,2019-20,11.9,1826070.0,153472.0,Ascending,,Cash_Annual
CORP 06b,2020-21,9.5833,1459147.0,152259.0,Ascending,,Cash_Annual
CORP 06b,2021-22,12.1651,1915168.0,157431.0,Ascending,,Cash_Annual
CORP 06b,2022-23,13.2777,2127716.0,160248.0,Ascending,,Cash_Annual
CORP 06b,2023-24,13.8878,2227627.0,160402.0,Ascending,,Cash_Annual
CORP 06b,2024-25,14.5423,2320641.0,159579.0,Ascending,,Cash_Annual
CORP 07,2010-11,0.9474,1863816875.0,1967344533.0,Descending,,Cash_Annual
CORP 07,2011-12,0.9508,1884670229.0,1982122013.0,Descending,,Cash_Annual
CORP 07,2012-13,0.9516,1906078197.0,2002938151.0,Descending,,Cash_Annual
CORP 07,2013-14,0.9523,1937036691.0,2034032741.0,Descending,,Cash_Annual
CORP 07,2014-15,0.9546,1978556558.0,2072666239.0,Descending,,Cash_Annual
CORP 07,2015-16,0.9566,2016326702.0,2107849905.0,Descending,,Cash_Annual
CORP 07,2016-17,0.9583,2050790951.0,2140088939.0,Descending,,Cash_Annual
CORP 07,2017-18,0.96,2273457197.0,2368170340.0,Descending,,Cash_Annual
CORP 07,2018-19,0.9601,2331640577.0,2428451613.0,Descending,,Cash_Annual
CORP 07,2019-20,0.9576,2445680934.0,2553893324.0,Descending,,Cash_Annual
CORP 07,2020-21,0.9477,2530099489.0,2669709385.0,Descending,,Cash_Annual
CORP 07,2021-22,0.9573,2600910712.0,2716793469.0,Descending,,Cash_Annual
CORP 07,2022-23,0.9624,2725472770.0,2831916562.0,Descending,,Cash_Annual
CORP 07,2023-24,0.9549,2872738212.0,3008567636.0,Descending,,Cash_Annual
CORP 07,2024-25,0.9545,2932484326.0,3072230404.0,Descending,,Cash_Annual
CORP 08,2010-11,0.8954,4339672.0,4846881.0,Descending,,Cash_Annual
CORP 08,2011-12,0.9019,4134110.0,4583818.0,Descending,,Cash_Annual
CORP 08,2012-13,0.9047,4017146.0,4440209.0,Descending,,Cash_Annual
CORP 08,2013-14,0.9193,4181368.0,4548263.0,Descending,,Cash_Annual
CORP 08,2014-15,0.9252,4195649.0,4534655.0,Descending,,Cash_Annual
CORP 08,2015-16,0.9277,4112861.0,4433466.0,Descending,,Cash_Annual
CORP 08,2016-17,0.9306,4273991.0,4592738.0,Descending,,Cash_Annual
CORP 08,2017-18,0.9319,4177397.0,4482608.0,Descending,,Cash_Annual
CORP 08,2018-19,0.9268,4337611.0,4680100.0,Descending,,Cash_Annual
CORP 08,2019-20,0.9172,4189273.0,4567662.0,Descending,,Cash_Annual
CORP 08,2020-21,0.9176,3340232.0,3640220.0,Descending,,Cash_Annual
CORP 08,2021-22,0.922,3915257.0,4246612.0,Descending,,Cash_Annual
CORP 08,2022-23,0.9048,3892004.0,4301644.0,Descending,,Cash_Annual
CORP 08,2023-24,0.9288,4276352.0,4604022.0,Descending,,Cash_Annual
CORP 08,2024-25,0.9305,4319078.0,4641688.0,Descending,,Cash_Annual
CORP 09,2018-19,0.9581358,184925.0,193005.0,Descending,,Cash_Annual
CORP 09,2019-20,0.951033707,207235.0,217905.0,Descending,,Cash_Annual
CORP 09,2020-21,0.935373339,255240.0,272875.0,Descending,,Cash_Annual
CORP 09,2021-22,0.927141015,244450.0,263660.0,Descending,,Cash_Annual
CORP 09,2022-23,0.914306399,258895.0,283160.0,Descending,,Cash_Annual
CORP 09,2023-24,0.938734187,243395.0,259280.0,Descending,,Cash_Annual
CORP 09,2024-25,0.960086564,235130.0,244905.0,Descending,,Cash_Annual
CORP 10,2018-19,0.894920174,61660.0,68900.0,Descending,,Cash_Annual
CORP 10,2019-20,0.8228739,63135.0,76725.0,Descending,,Cash_Annual
CORP 10,2020-21,0.841162535,72790.0,86535.0,Descending,,Cash_Annual
CORP 10,2021-22,0.856027501,73460.0,85815.0,Descending,,Cash_Annual
CORP 10,2022-23,0.870130565,81305.0,93440.0,Descending,,Cash_Annual
CORP 10,2023-24,0.835658289,72485.0,86740.0,Descending,,Cash_Annual
CORP 10,2024-25,0.90702312,72775.0,80235.0,Descending,,Cash_Annual
CORP 11,2013-14,0.869839831,28700574.0,32995240.0,Goldilocks,1.0,Cash_Annual
CORP 11,2014-15,0.951260728,35579127.0,37402077.0,Goldilocks,1.0,Cash_Annual
CORP 11,2015-16,0.942712505,33226992.0,35246156.0,Goldilocks,1.0,Cash_Annual
CORP 11,2016-17,0.977873026,34514755.0,35295743.0,Goldilocks,1.0,Cash_Annual
CORP 11,2017-18,0.952798303,32863739.0,34491811.0,Goldilocks,1.0,Cash_Annual
CORP 11,2018-19,0.999460086,35269898.0,35288951.0,Goldilocks,1.0,Cash_Annual
CORP 11,2019-20,1.078078764,37634920.0,34909249.0,Goldilocks,1.0,Cash_Annual
CORP 11,2020-21,0.831892584,49461775.0,59456925.0,Goldilocks,1.0,Cash_Annual
CORP 11,2021-22,1.151517472,54109502.0,46989736.0,Goldilocks,1.0,Cash_Annual
CORP 11,2022-23,1.3,56027073.0,42525316.0,Goldilocks,1.0,Cash_Annual
CORP 11,2023-24,1.289492268,49947258.0,38734050.0,Goldilocks,1.0,Cash_Annual
CORP 11,2024-25,1.205926153,56148275.0,46560293.0,Goldilocks,1.0,Cash_Annual
CORP 12,2017-18,1.0124,59224705.0,58496453.0,Goldilocks,1.0,Cash_Annual
CORP 12,2018-19,1.0262,62467942.0,60874837.0,Goldilocks,1.0,Cash_Annual
CORP 12,2019-20,1.0445,66000612.0,63188075.0,Goldilocks,1.0,Cash_Annual
CORP 12,2020-21,0.9723,76466492.0,78644234.0,Goldilocks,1.0,Cash_Annual
CORP 12,2021-22,0.959880446,78866396.0,82162728.0,Goldilocks,1.0,Cash_Annual
CORP 12,2022-23,0.943911914,79382992.0,84100000.0,Goldilocks,1.0,Cash_Annual
CORP 12,2023-24,1.01,84874290.0,83729000.0,Goldilocks,1.0,Cash_Annual
CORP 12,2024-25,0.99,89327224.0,90493996.0,Goldilocks,1.0,Cash_Annual
CORP-ASSET 01,2010-11,0.7367,7728.0,10911.0,Descending,,Cash_Annual
CORP-ASSET 01,2011-12,0.7484,7945.0,10616.0,Descending,,Cash_Annual
CORP-ASSET 01,2012-13,0.759,8049.0,10605.0,Descending,,Cash_Annual
CORP-ASSET 01,2013-14,0.7821,8925.0,11412.0,Descending,,Cash_Annual
CORP-ASSET 01,2014-15,0.79,8272.0,10483.0,Descending,,Cash_Annual
CORP-ASSET 01,2015-16,0.7961,8123.0,10203.0,Descending,,Cash_Annual
CORP-ASSET 01,2016-17,0.798,7974.0,9992.0,Descending,,Cash_Annual
CORP-ASSET 01,2017-18,0.8081,8073.0,9990.0,Descending,,Cash_Annual
CORP-ASSET 01,2018-19,0.8215,8118.0,9882.0,Descending,,Cash_Annual
CORP-ASSET 01,2019-20,0.8247,8127.0,9854.0,Descending,,Cash_Annual
CORP-ASSET 01,2020-21,0.8231,8050.0,9780.0,Descending,,Cash_Annual
CORP-ASSET 01,2021-22,0.8526,7981.0,9361.0,Descending,,Cash_Annual
CORP-ASSET 01,2022-23,0.8608,7956.0,9243.0,Descending,,Cash_Annual
CORP-ASSET 01,2023-24,0.8547,7860.0,9196.0,Descending,,Cash_Annual
CORP-ASSET 01,2024-25,0.8574,7803.0,9101.0,Descending,,Cash_Annual
CORP-ASSET 02,2010-11,0.8131,10432425.0,12831127.0,Descending,,Cash_Annual
CORP-ASSET 02,2011-12,0.8268,10504635.0,12705611.0,Descending,,Cash_Annual
CORP-ASSET 02,2012-13,0.8264,10401369.0,12585822.0,Descending,,Cash_Annual
CORP-ASSET 02,2013-14,0.8092,10385319.0,12834636.0,Descending,,Cash_Annual
CORP-ASSET 02,2014-15,0.82,10795226.0,13138396.0,Descending,,Cash_Annual
CORP-ASSET 02,2015-16,0.8149,10694523.0,13123205.0,Descending,,Cash_Annual
CORP-ASSET 02,2016-17,0.8448,10995181.0,13014382.0,Descending,,Cash_Annual
CORP-ASSET 02,2017-18,0.8631,11172366.0,12944745.0,Descending,,Cash_Annual
CORP-ASSET 02,2018-19,0.8721,11460846.0,13141019.0,Descending,,Cash_Annual
CORP-ASSET 02,2019-20,0.8862,11585311.0,13073607.0,Descending,,Cash_Annual
CORP-ASSET 02,2020-21,0.892,11701706.0,13117832.0,Descending,,Cash_Annual
CORP-ASSET 02,2021-22,0.9012,11544429.0,12809671.0,Descending,,Cash_Annual
CORP-ASSET 02,2022-23,0.8971,11696443.0,13037792.0,Descending,,Cash_Annual
CORP-ASSET 02,2023-24,0.8981,11674154.0,12998091.0,Descending,,Cash_Annual
CORP-ASSET 02,2024-25,0.9029,11679669.0,12935713.0,Descending,,Cash_Annual
C&L 01,2010-11,3.55,161442000.0,45459818.0,Ascending,,Cash_Annual
C&L 01,2011-12,3.23,155520000.0,48202343.0,Ascending,,Cash_Annual
C&L 01,2012-13,3.14,162008000.0,51624697.0,Ascending,,Cash_Annual
C&L 01,2013-14,3.19,170069000.0,53320837.0,Ascending,,Cash_Annual
C&L 01,2014-15,2.96,156176000.0,52705262.0,Ascending,,Cash_Annual
C&L 01,2015-16,2.92,154934000.0,53084305.0,Ascending,,Cash_Annual
C&L 01,2016-17,2.9,156805000.0,54042338.0,Ascending,,Cash_Annual
C&L 01,2017-18,2.72,146756000.0,53992733.0,Ascending,,Cash_Annual
C&L 01,2018-19,2.61,142450000.0,54526069.0,Ascending,,Cash_Annual
C&L 01,2019-20,2.71,141256552.0,52045545.0,Ascending,,Cash_Annual
C&L 01,2020-21,40.3,183834000.0,4561548.0,Ascending,,Cash_Annual
C&L 01,2021-22,6.44,170677000.0,26512151.0,Ascending,,Cash_Annual
C&L 01,2022-23,4.89,186936000.0,38202414.0,Ascending,,Cash_Annual
C&L 01,2023-24,4.35,187595000.0,43099035.0,Ascending,,Cash_Annual
C&L 01,2024-25,3.77,174041174.20000002,46145847.0,Ascending,,Cash_Annual
C&L 02,2010-11,3.41,108363000.0,31800305.0,Ascending,,Cash_Annual
C&L 02,2011-12,3.26,104498000.0,32074635.0,Ascending,,Cash_Annual
C&L 02,2012-13,3.15,104157000.0,33066250.0,Ascending,,Cash_Annual
C&L 02,2013-14,2.57,103957000.0,40415254.0,Ascending,,Cash_Annual
C&L 02,2014-15,2.45,100317000.0,40898758.0,Ascending,,Cash_Annual
C&L 02,2015-16,2.45,100980000.0,41281169.0,Ascending,,Cash_Annual
C&L 02,2016-17,1.98,92761000.0,46773860.0,Ascending,,Cash_Annual
C&L 02,2017-18,2.07,89568000.0,43252956.0,Ascending,,Cash_Annual
C&L 02,2018-19,2.05,90328000.0,44030770.0,Ascending,,Cash_Annual
C&L 02,2019-20,1.99,89908256.7,45152917.0,Ascending,,Cash_Annual
C&L 02,2020-21,2.88,86023000.0,29888610.0,Ascending,,Cash_Annual
C&L 02,2021-22,2.91,89241000.0,30702692.0,Ascending,,Cash_Annual
C&L 02,2022-23,2.81,99275000.0,35310302.0,Ascending,,Cash_Annual
C&L 02,2023-24,2.39,104429000.0,43636399.0,Ascending,,Cash_Annual
C&L 02,2024-25,2.71,103906798.0,38408183.0,Ascending,,Cash_Annual
C&L 03,2010-11,4.2,38949000.0,9270129.0,Ascending,,Cash_Annual
C&L 03,2011-12,3.47,40650000.0,11707609.0,Ascending,,Cash_Annual
C&L 03,2012-13,3.58,39790000.0,11102498.0,Ascending,,Cash_Annual
C&L 03,2013-14,3.34,39021000.0,11670085.0,Ascending,,Cash_Annual
C&L 03,2014-15,3.33,39695000.0,11917948.0,Ascending,,Cash_Annual
C&L 03,2015-16,3.04,38558000.0,12663109.0,Ascending,,Cash_Annual
C&L 03,2016-17,3.31,41323000.0,12466473.0,Ascending,,Cash_Annual
C&L 03,2017-18,3.5,41291000.0,11809426.0,Ascending,,Cash_Annual
C&L 03,2018-19,3.47,41922000.0,12070238.0,Ascending,,Cash_Annual
C&L 03,2019-20,3.27,41025418.2,12546007.0,Ascending,,Cash_Annual
C&L 03,2020-21,10.22,40427000.0,3954745.0,Ascending,,Cash_Annual
C&L 03,2021-22,4.74,41624000.0,8788925.0,Ascending,,Cash_Annual
C&L 03,2022-23,3.07,46726000.0,15225328.0,Ascending,,Cash_Annual
C&L 03,2023-24,3.51,52664000.0,14997982.0,Ascending,,Cash_Annual
C&L 03,2024-25,4.2,57322315.199999996,13655228.0,Ascending,,Cash_Annual
C&L 04,2010-11,25732.58,135410000.0,5262.2,Ascending,,Cash_Annual
C&L 04,2011-12,24074.04,127590000.0,5299.900000000001,Ascending,,Cash_Annual
C&L 04,2012-13,23685.03,125732000.0,5308.5,Ascending,,Cash_Annual
C&L 04,2013-14,23341.92,124116000.0,5317.3,Ascending,,Cash_Annual
C&L 04,2014-15,23473.24,125164000.0,5332.2,Ascending,,Cash_Annual
C&L 04,2015-16,21880.9,117100000.0,5351.7,Ascending,,Cash_Annual
C&L 04,2016-17,20949.04,112599000.0,5374.900000000001,Ascending,,Cash_Annual
C&L 04,2017-18,19940.07,107475000.0,5389.900000000001,Ascending,,Cash_Annual
C&L 04,2018-19,20302.63,109518500.0,5394.3,Ascending,,Cash_Annual
C&L 04,2019-20,20293.94,109879517.5,5414.400000000001,Ascending,,Cash_Annual
C&L 04,2020-21,19298.55,104465000.0,5413.1,Ascending,,Cash_Annual
C&L 04,2021-22,20567.51,111443000.0,5418.400000000001,Ascending,,Cash_Annual
C&L 04,2022-23,23558.84,128325000.0,5447.0,Ascending,,Cash_Annual
C&L 04,2023-24,23376.26,128338000.0,5490.1,Ascending,,Cash_Annual
C&L 04,2024-25,22388.0,124184000.0,5546.900000000001,Ascending,,Cash_Annual
C&L 05a,2013-14,0.825,,,Descending,,Cash_Annual
C&L 05a,2014-15,0.803,,,Descending,,Cash_Annual
C&L 05a,2015-16,0.773,,,Descending,,Cash_Annual
C&L 05a,2016-17,0.747,,,Descending,,Cash_Annual
C&L 05a,2017-18,0.73,,,Descending,,Cash_Annual
C&L 05a,2018-19,0.724,,,Descending,,Cash_Annual
C&L 05a,2019-20,0.724,,,Descending,,Cash_Annual
C&L 05a,2020-21,0.744,,,Descending,,Cash_Annual
C&L 05a,2021-22,0.74,,,Descending,,Cash_Annual
C&L 05a,2022-23,0.71,,,Descending,,Cash_Annual
C&L 05a,2023-24,0.67,,,Descending,,Cash_Annual
C&L 05a,2024-25,0.653,,,Descending,,Cash_Annual
C&L 05b,2013-14,0.85,,,Descending,,Cash_Annual
C&L 05b,2014-15,0.86,,,Descending,,Cash_Annual
C&L 05b,2015-16,0.857,,,Descending,,Cash_Annual
C&L 05b,2016-17,0.86,,,Descending,,Cash_Annual
C&L 05b,2017-18,0.857,,,Descending,,Cash_Annual
C&L 05b,2018-19,0.848,,,Descending,,Cash_Annual
C&L 05b,2019-20,0.85,,,Descending,,Cash_Annual
C&L 05b,2020-21,0.855,,,Descending,,Cash_Annual
C&L 05b,2021-22,0.873,,,Descending,,Cash_Annual
C&L 05b,2022-23,0.873,,,Descending,,Cash_Annual
C&L 05b,2023-24,0.85,,,Descending,,Cash_Annual
C&L 05b,2024-25,0.837,,,Descending,,Cash_Annual
C&L 05c,2013-14,0.765,,,Descending,,Cash_Annual
C&L 05c,2014-15,0.763,,,Descending,,Cash_Annual
C&L 05c,2015-16,0.74,,,Descending,,Cash_Annual
C&L 05c,2016-17,0.72,,,Descending,,Cash_Annual
C&L 05c,2017-18,0.7,,,Descending,,Cash_Annual
C&L 05c,2018-19,0.693,,,Descending,,Cash_Annual
C&L 05c,2019-20,0.693,,,Descending,,Cash_Annual
C&L 05c,2020-21,0.713,,,Descending,,Cash_Annual
C&L 05c,2021-22,0.73,,,Descending,,Cash_Annual
C&L 05c,2022-23,0.713,,,Descending,,Cash_Annual
C&L 05c,2023-24,0.693,,,Descending,,Cash_Annual
C&L 05c,2024-25,0.67,,,Descending,,Cash_Annual
C&L 05d,2013-14,0.775,,,Descending,,Cash_Annual
C&L 05d,2014-15,0.78,,,Descending,,Cash_Annual
C&L 05d,2015-16,0.757,,,Descending,,Cash_Annual
C&L 05d,2016-17,0.74,,,Descending,,Cash_Annual
C&L 05d,2017-18,0.727,,,Descending,,Cash_Annual
C&L 05d,2018-19,0.714,,,Descending,,Cash_Annual
C&L 05d,2019-20,0.701,,,Descending,,Cash_Annual
C&L 05d,2020-21,0.718,,,Descending,,Cash_Annual
C&L 05d,2021-22,0.723,,,Descending,,Cash_Annual
C&L 05d,2022-23,0.71,,,Descending,,Cash_Annual
C&L 05d,2023-24,0.67,,,Descending,,Cash_Annual
C&L 05d,2024-25,0.65,,,Descending,,Cash_Annual
ECON 01,2013-14,0.1246,24893.0,199800.0,Descending,,Cash_Annual
ECON 01,2014-15,0.1412,24054.0,170400.0,Descending,,Cash_Annual
ECON 01,2015-16,0.1412,21830.0,154600.0,Descending,,Cash_Annual
ECON 01,2016-17,0.1402,17061.0,121700.0,Descending,,Cash_Annual
ECON 01,2017-18,0.1427,16469.0,115400.0,Descending,,Cash_Annual
ECON 01,2018-19,0.1259,14441.0,114700.0,Descending,,Cash_Annual
ECON 01,2019-20,0.1266,11270.0,89000.0,Descending,,Cash_Annual
ECON 01,2020-21,0.0598,7539.0,127100.0,Descending,,Cash_Annual
ECON 01,2021-22,0.174174757,16146.0,92700.0,Descending,,Cash_Annual
ECON 01,2022-23,0.125929019,12064.0,95800.0,Descending,,Cash_Annual
ECON 01,2023-24,0.150440252,14352.0,95400.0,Descending,,Cash_Annual
ECON 01,2024-25,0.206425743,20849.0,101000.0,Descending,,Cash_Annual
ECON 01,2012-13,0.0913,19318.0,211600.0,Descending,,Cash_Annual
ECON 02,2010-11,3560.7,123250000.0,34614.0,Ascending,,Cash_Annual
ECON 02,2011-12,3714.26,121954000.0,32834.0,Ascending,,Cash_Annual
ECON 02,2012-13,4969.95,144362000.0,29047.0,Ascending,,Cash_Annual
ECON 02,2013-14,3410.96,101575000.0,29779.0,Ascending,,Cash_Annual
ECON 02,2014-15,3385.14,99892000.0,29509.0,Ascending,,Cash_Annual
ECON 02,2015-16,4009.43,114409000.0,28535.0,Ascending,,Cash_Annual
ECON 02,2016-17,3830.4,102448000.0,26746.0,Ascending,,Cash_Annual
ECON 02,2017-18,4044.97,105141000.0,25993.0,Ascending,,Cash_Annual
ECON 02,2018-19,4449.99,111370000.0,25027.0,Ascending,,Cash_Annual
ECON 02,2019-20,4441.02,108383080.0,24405.0,Ascending,,Cash_Annual
ECON 02,2020-21,4986.15,108344000.0,21729.0,Ascending,,Cash_Annual
ECON 02,2021-22,4332.28,108554000.0,25057.0,Ascending,,Cash_Annual
ECON 02,2022-23,5573.06,118840000.0,21324.0,Ascending,,Cash_Annual
ECON 02,2023-24,6679.13,128747000.0,19276.0,Ascending,,Cash_Annual
ECON 02,2024-25,7353.38,128618000.0,17491.0,Ascending,,Cash_Annual
ECON 03,2012-13,12.82,,,Ascending,,Cash_Annual
ECON 03,2013-14,10.8,,,Ascending,,Cash_Annual
ECON 03,2014-15,10.52,,,Ascending,,Cash_Annual
ECON 03,2015-16,9.91,,,Ascending,,Cash_Annual
ECON 03,2016-17,9.59,,,Ascending,,Cash_Annual
ECON 03,2017-18,9.34,,,Ascending,,Cash_Annual
ECON 03,2018-19,9.09,,,Ascending,,Cash_Annual
ECON 03,2019-20,10.54,,,Ascending,,Cash_Annual
ECON 03,2020-21,11.08137111,,,Ascending,,Cash_Annual
ECON 03,2023-24,10.67,,,Ascending,,Cash_Annual
ECON 03,2024-25,14.32,,,Ascending,,Cash_Annual
ECON 03,2021-22,11.71388051,,,Ascending,,Cash_Annual
ECON 03,2022-23,12.04,,,Ascending,,Cash_Annual
ECON 04,2010-11,0.272334594,,,Descending,,Cash_Annual
ECON 04,2011-12,0.261506826,,,Descending,,Cash_Annual
ECON 04,2012-13,0.272438951,,,Descending,,Cash_Annual
ECON 04,2013-14,0.269457162,,,Descending,,Cash_Annual
ECON 04,2014-15,0.275349462,,,Descending,,Cash_Annual
ECON 04,2015-16,0.254382423,,,Descending,,Cash_Annual
ECON 04,2016-17,0.264760425,,,Descending,,Cash_Annual
ECON 04,2017-18,0.2739747,,,Descending,,Cash_Annual
ECON 04,2018-19,0.287148443,,,Descending,,Cash_Annual
ECON 04,2019-20,0.285136637,,,Descending,,Cash_Annual
ECON 04,2020-21,0.29113044,,,Descending,,Cash_Annual
ECON 04,2021-22,0.2988,,,Descending,,Cash_Annual
ECON 04,2022-23,0.296191423,,,Descending,,Cash_Annual
ECON 04,2023-24,0.2998,,,Descending,,Cash_Annual
ECON 04,2024-25,0.308476035,,,Descending,,Cash_Annual
ECON 05,2014-15,18.89258733,10103.0,534.76,Descending,,Cash_Annual
ECON 05,2015-16,18.85911037,10133.0,537.3000000000001,Descending,,Cash_Annual
ECON 05,2016-17,16.620719,8983.0,540.47,Descending,,Cash_Annual
ECON 05,2017-18,16.82827017,9129.0,542.48,Descending,,Cash_Annual
ECON 05,2018-19,16.77563534,9083.0,541.44,Descending,,Cash_Annual
ECON 05,2019-20,16.48369835,8964.0,543.8100000000001,Descending,,Cash_Annual
ECON 05,2020-21,11.30036393,6117.0,541.3100000000001,Descending,,Cash_Annual
ECON 05,2021-22,14.38222875,7834.0,544.7,Descending,,Cash_Annual
ECON 05,2022-23,14.49320833,7853.0,541.84,Descending,,Cash_Annual
ECON 05,2023-24,13.57170179,7451.0,549.01,Descending,,Cash_Annual
ECON 05,2024-25,12.25729687,6799.0,554.69,Descending,,Cash_Annual
ECON 06,2010-11,82635.21,434843000.0,5262.2,Ascending,,Cash_Annual
ECON 06,2011-12,74975.0,397360000.0,5299.900000000001,Ascending,,Cash_Annual
ECON 06,2012-13,72519.54,384970000.0,5308.5,Ascending,,Cash_Annual
ECON 06,2013-14,72187.58,383843000.0,5317.3,Ascending,,Cash_Annual
ECON 06,2014-15,69305.67,369551703.0,5332.2,Ascending,,Cash_Annual
ECON 06,2015-16,64101.13,343050000.0,5351.7,Ascending,,Cash_Annual
ECON 06,2016-17,81383.65,437429000.0,5374.900000000001,Ascending,,Cash_Annual
ECON 06,2017-18,93356.65,503183000.0,5389.900000000001,Ascending,,Cash_Annual
ECON 06,2018-19,108409.99,584796000.0,5394.3,Ascending,,Cash_Annual
ECON 06,2019-20,104366.27,565080729.1,5414.400000000001,Ascending,,Cash_Annual
ECON 06,2020-21,89447.45,484188000.0,5413.1,Ascending,,Cash_Annual
ECON 06,2021-22,120594.83,653431000.0,5418.400000000001,Ascending,,Cash_Annual
ECON 06,2022-23,114849.83,625587000.0,5447.0,Ascending,,Cash_Annual
ECON 06,2023-24,118765.41,652034000.0,5490.1,Ascending,,Cash_Annual
ECON 06,2024-25,134080.84,743733010.4,5546.900000000001,Ascending,,Cash_Annual
ECON 07,2012-13,0.188,,,Ascending,,Cash_Annual
ECON 07,2013-14,0.186,,,Ascending,,Cash_Annual
ECON 07,2014-15,0.193,,,Ascending,,Cash_Annual
ECON 07,2015-16,0.196,,,Ascending,,Cash_Annual
ECON 07,2016-17,0.201,,,Ascending,,Cash_Annual
ECON 07,2017-18,0.184,,,Ascending,,Cash_Annual
ECON 07,2018-19,0.194,,,Ascending,,Cash_Annual
ECON 07,2019-20,0.169,,,Ascending,,Cash_Annual
ECON 07,2020-21,0.152,,,Ascending,,Cash_Annual
ECON 07,2021-22,0.144,,,Ascending,,Cash_Annual
ECON 07,2022-23,0.094,,,Ascending,,Cash_Annual
ECON 07,2023-24,0.102,,,Ascending,,Cash_Annual
ECON 07,2024-25,0.113,,,Ascending,,Cash_Annual
ECON 08,2013-14,0.56079284,,,Descending,,Cash_Annual
ECON 08,2014-15,0.674970924,,,Descending,,Cash_Annual
ECON 08,2015-16,0.786156843,,,Descending,,Cash_Annual
ECON 08,2016-17,0.858627723,,,Descending,,Cash_Annual
ECON 08,2017-18,0.911307472,,,Descending,,Cash_Annual
ECON 08,2018-19,0.920130019,,,Descending,,Cash_Annual
ECON 08,2019-20,0.932949566,,,Descending,,Cash_Annual
ECON 08,2020-21,0.937888787,,,Descending,,Cash_Annual
ECON 08,2021-22,0.941,,,Descending,,Cash_Annual
ECON 08,2022-23,0.955215506,,,Descending,,Cash_Annual
ECON 08,2023-24,0.959,,,Descending,,Cash_Annual
ECON 08,2024-25,0.971,,,Descending,,Cash_Annual
ECON 09,2014-15,0.101,,,Ascending,,Cash_Annual
ECON 09,2015-16,0.1189,,,Ascending,,Cash_Annual
ECON 09,2016-17,0.1019,,,Ascending,,Cash_Annual
ECON 09,2017-18,0.1149,,,Ascending,,Cash_Annual
ECON 09,2018-19,0.1,,,Ascending,,Cash_Annual
ECON 09,2019-20,0.1171,,,Ascending,,Cash_Annual
ECON 09,2020-21,0.124117566,,,Ascending,,Cash_Annual
ECON 09,2021-22,0.114019905,,,Ascending,,Cash_Annual
ECON 09,2022-23,0.118818,,,Ascending,,Cash_Annual
ECON 09,2023-24,0.123219733,,,Ascending,,Cash_Annual
ECON 09,2024-25,0.113959,,,Ascending,,Cash_Annual
ECON 10,2014-15,0.1293969,,,Descending,,Cash_Annual
ECON 10,2015-16,0.271933402,,,Descending,,Cash_Annual
ECON 10,2016-17,0.384337419,,,Descending,,Cash_Annual
ECON 10,2017-18,0.407797174,,,Descending,,Cash_Annual
ECON 10,2018-19,0.375514549,,,Descending,,Cash_Annual
ECON 10,2019-20,0.362326005,,,Descending,,Cash_Annual
ECON 10,2020-21,0.389143906,,,Descending,,Cash_Annual
ECON 10,2021-22,0.271872443,,,Descending,,Cash_Annual
ECON 10,2022-23,0.227673328,,,Descending,,Cash_Annual
ECON 10,2023-24,0.245443674,,,Descending,,Cash_Annual
ECON 10,2024-25,0.213329281,,,Descending,,Cash_Annual
ECON 11,2010-11,27353.76839,,,Descending,,Cash_Annual
ECON 11,2011-12,27445.61218,,,Descending,,Cash_Annual
ECON 11,2012-13,27738.34417,,,Descending,,Cash_Annual
ECON 11,2013-14,28364.77159,,,Descending,,Cash_Annual
ECON 11,2014-15,29168.4483,,,Descending,,Cash_Annual
ECON 11,2015-16,29379.26266,,,Descending,,Cash_Annual
ECON 11,2016-17,29411.52394,,,Descending,,Cash_Annual
ECON 11,2017-18,30294.81066,,,Descending,,Cash_Annual
ECON 11,2018-19,30229.87227,,,Descending,,Cash_Annual
ECON 11,2019-20,30573.10136,,,Descending,,Cash_Annual
ECON 11,2020-21,27175.5556,,,Descending,,Cash_Annual
ECON 11,2021-22,29658.20168,,,Descending,,Cash_Annual
ECON 11,2022-23,30633.92693,,,Descending,,Cash_Annual
ECON 11,2023-24,30669.20457,,,Descending,,Cash_Annual
ECON 12a,2010-11,0.042,145580.0,3466190.0,Ascending,,Cash_Annual
ECON 12a,2011-12,0.043,150375.0,3497093.0,Ascending,,Cash_Annual
ECON 12a,2012-13,0.041,142965.0,3486951.0,Ascending,,Cash_Annual
ECON 12a,2013-14,0.032,110945.0,3467031.0,Ascending,,Cash_Annual
ECON 12a,2014-15,0.024,84965.0,3540208.0,Ascending,,Cash_Annual
ECON 12a,2015-16,0.023,80645.0,3506304.0,Ascending,,Cash_Annual
ECON 12a,2016-17,0.024,83590.0,3482917.0,Ascending,,Cash_Annual
ECON 12a,2017-18,0.025,88915.0,3556600.0,Ascending,,Cash_Annual
ECON 12a,2018-19,0.031,107760.0,3476129.0,Ascending,,Cash_Annual
ECON 12a,2019-20,0.033,114650.0,3474242.0,Ascending,,Cash_Annual
ECON 12a,2020-21,0.061,211930.0,3474262.3,Ascending,,Cash_Annual
ECON 12a,2021-22,0.037,129185.0,3491486.486,Ascending,,Cash_Annual
ECON 12a,2022-23,0.032639704,114060.0,3494517.0,Ascending,,Cash_Annual
ECON 12a,2023-24,0.030743319,109135.0,3549877.0,Ascending,,Cash_Annual
ECON 12a,2024-25,0.030292805,108540.0,3583029.0,Ascending,,Cash_Annual
ECON 12b,2010-11,0.07,42610.0,623948.0,Ascending,,Cash_Annual
ECON 12b,2011-12,0.0711,44885.0,631060.0,Ascending,,Cash_Annual
ECON 12b,2012-13,0.062,38945.0,628612.0,Ascending,,Cash_Annual
ECON 12b,2013-14,0.0456,28455.0,624069.0,Ascending,,Cash_Annual
ECON 12b,2014-15,0.032,19765.0,618248.0,Ascending,,Cash_Annual
ECON 12b,2015-16,0.0297,18240.0,615063.0,Ascending,,Cash_Annual
ECON 12b,2016-17,0.0301,18295.0,607188.0,Ascending,,Cash_Annual
ECON 12b,2017-18,0.0307,18200.0,593361.0,Ascending,,Cash_Annual
ECON 12b,2018-19,0.036,20940.0,581427.0,Ascending,,Cash_Annual
ECON 12b,2019-20,0.0388,22235.0,573722.0,Ascending,,Cash_Annual
ECON 12b,2020-21,0.0717,40665.0,566882.0,Ascending,,Cash_Annual
ECON 12b,2021-22,0.036849069,20555.0,557816.0,Ascending,,Cash_Annual
ECON 12b,2022-23,0.035382694,20255.0,572455.0,Ascending,,Cash_Annual
ECON 12b,2023-24,0.034067194,19785.0,580764.0,Ascending,,Cash_Annual
ECON 12b,2024-25,0.033807687,19830.0,586553.0,Ascending,,Cash_Annual
ENV 01a,2012-13,59.12,152202000.0,2574425.0,Ascending,,Cash_Annual
ENV 01a,2013-14,61.32,159924000.0,2608182.0,Ascending,,Cash_Annual
ENV 01a,2014-15,64.84,169023000.0,2606930.0,Ascending,,Cash_Annual
ENV 01a,2015-16,64.24,168546000.0,2623801.0,Ascending,,Cash_Annual
ENV 01a,2016-17,64.54,170357000.0,2639525.0,Ascending,,Cash_Annual
ENV 01a,2017-18,65.97,175081000.0,2653856.0,Ascending,,Cash_Annual
ENV 01a,2018-19,67.21,180047000.0,2678935.0,Ascending,,Cash_Annual
ENV 01a,2019-20,68.87,186006674.5,2700904.0,Ascending,,Cash_Annual
ENV 01a,2020-21,72.35,196885000.0,2721266.0,Ascending,,Cash_Annual
ENV 01a,2021-22,70.15,192194000.0,2739709.0,Ascending,,Cash_Annual
ENV 01a,2022-23,75.57,208762000.0,2762469.0,Ascending,,Cash_Annual
ENV 01a,2023-24,78.72,219319000.0,2786197.0,Ascending,,Cash_Annual
ENV 01a,2024-25,77.81,218426000.0,2807047.0,Ascending,,Cash_Annual
ENV 02a,2012-13,92.29,237603000.0,2574425.0,Ascending,,Cash_Annual
ENV 02a,2013-14,92.17,240395000.0,2608182.0,Ascending,,Cash_Annual
ENV 02a,2014-15,91.21,237777000.0,2606930.0,Ascending,,Cash_Annual
ENV 02a,2015-16,97.44,255652000.0,2623801.0,Ascending,,Cash_Annual
ENV 02a,2016-17,98.77,260698000.0,2639525.0,Ascending,,Cash_Annual
ENV 02a,2017-18,101.39,269085000.0,2653856.0,Ascending,,Cash_Annual
ENV 02a,2018-19,97.37,260860000.0,2678935.0,Ascending,,Cash_Annual
ENV 02a,2019-20,98.78,266805712.89999998,2700904.0,Ascending,,Cash_Annual
ENV 02a,2020-21,105.88,288141000.0,2721266.0,Ascending,,Cash_Annual
ENV 02a,2021-22,100.37,274973000.0,2739709.0,Ascending,,Cash_Annual
ENV 02a,2022-23,95.29,263236000.0,2762469.0,Ascending,,Cash_Annual
ENV 02a,2023-24,104.38,290824000.0,2786197.0,Ascending,,Cash_Annual
ENV 02a,2024-25,105.19,295271000.0,2807047.0,Ascending,,Cash_Annual
ENV 03a,2010-11,19700.51,103668000.0,5262.2,Ascending,,Cash_Annual
ENV 03a,2011-12,19214.85,101836779.0,5299.900000000001,Ascending,,Cash_Annual
ENV 03a,2012-13,17550.91,93169000.0,5308.5,Ascending,,Cash_Annual
ENV 03a,2013-14,16273.67,86532000.0,5317.3,Ascending,,Cash_Annual
ENV 03a,2014-15,15862.12,84580000.0,5332.2,Ascending,,Cash_Annual
ENV 03a,2015-16,15505.35,82980000.0,5351.7,Ascending,,Cash_Annual
ENV 03a,2016-17,14569.76,78311000.0,5374.900000000001,Ascending,,Cash_Annual
ENV 03a,2017-18,15551.87,83823000.0,5389.900000000001,Ascending,,Cash_Annual
ENV 03a,2018-19,14960.98,80704000.0,5394.3,Ascending,,Cash_Annual
ENV 03a,2019-20,15341.1,83062875.4,5414.400000000001,Ascending,,Cash_Annual
ENV 03a,2020-21,14633.94,79215000.0,5413.1,Ascending,,Cash_Annual
ENV 03a,2021-22,14914.55,80813000.0,5418.400000000001,Ascending,,Cash_Annual
ENV 03a,2022-23,15530.93,84597000.0,5447.0,Ascending,,Cash_Annual
ENV 03a,2023-24,17055.24,93635000.0,5490.1,Ascending,,Cash_Annual
ENV 03a,2024-25,17616.33,97716000.0,5546.900000000001,Ascending,,Cash_Annual
ENV 03c,2010-11,0.954,,,Descending,,Cash_Annual
ENV 03c,2011-12,0.961,,,Descending,,Cash_Annual
ENV 03c,2012-13,0.958,,,Descending,,Cash_Annual
ENV 03c,2013-14,0.9608,,,Descending,,Cash_Annual
ENV 03c,2014-15,0.939,,,Descending,,Cash_Annual
ENV 03c,2015-16,0.934,,,Descending,,Cash_Annual
ENV 03c,2016-17,0.939,,,Descending,,Cash_Annual
ENV 03c,2017-18,0.922,,,Descending,,Cash_Annual
ENV 03c,2018-19,0.928,,,Descending,,Cash_Annual
ENV 03c,2019-20,0.922494213,,,Descending,,Cash_Annual
ENV 03c,2020-21,0.901002852,,,Descending,,Cash_Annual
ENV 03c,2021-22,0.897,,,Descending,,Cash_Annual
ENV 03c,2022-23,0.906,,,Descending,,Cash_Annual
ENV 03c,2023-24,0.921143036,,,Descending,,Cash_Annual
ENV 03c,2024-25,0.917104495,,,Descending,,Cash_Annual
ENV 04a,2010-11,11092.53,578043000.0,52111.0,Ascending,,Cash_Annual
ENV 04a,2011-12,10254.12,535652000.0,52237.724,Ascending,,Cash_Annual
ENV 04a,2012-13,9942.17,520429000.0,52345.59,Ascending,,Cash_Annual
ENV 04a,2013-14,9813.83,515817000.0,52560.2,Ascending,,Cash_Annual
ENV 04a,2014-15,9847.7,518067461.0,52607.989,Ascending,,Cash_Annual
ENV 04a,2015-16,10222.01,540748000.0,52900.336,Ascending,,Cash_Annual
ENV 04a,2016-17,10338.35,547812000.0,52988.34,Ascending,,Cash_Annual
ENV 04a,2017-18,10094.28,534732000.0,52973.75,Ascending,,Cash_Annual
ENV 04a,2018-19,9919.31,530897000.0,53521.55,Ascending,,Cash_Annual
ENV 04a,2019-20,9761.78,524082094.5,53687.14,Ascending,,Cash_Annual
ENV 04a,2020-21,9378.69,503835000.0,53721.28,Ascending,,Cash_Annual
ENV 04a,2021-22,11086.9,596640000.0,53814.842,Ascending,,Cash_Annual
ENV 04a,2022-23,12940.14,690071000.0,53327.92,Ascending,,Cash_Annual
ENV 04a,2023-24,13788.33,744031000.0,53960.927,Ascending,,Cash_Annual
ENV 04a,2024-25,13226.02,715473062.0,54095.876,Ascending,,Cash_Annual
ENV 04b,2010-11,0.303,,,Ascending,,Cash_Annual
ENV 04b,2011-12,0.305,,,Ascending,,Cash_Annual
ENV 04b,2012-13,0.294,,,Ascending,,Cash_Annual
ENV 04b,2013-14,0.287,,,Ascending,,Cash_Annual
ENV 04b,2014-15,0.2903,,,Ascending,,Cash_Annual
ENV 04b,2015-16,0.2895,,,Ascending,,Cash_Annual
ENV 04b,2016-17,0.295360469,,,Ascending,,Cash_Annual
ENV 04b,2017-18,0.301582834,,,Ascending,,Cash_Annual
ENV 04b,2018-19,0.30026555,,,Ascending,,Cash_Annual
ENV 04b,2019-20,0.305720104,,,Ascending,,Cash_Annual
ENV 04b,2020-21,0.298,,,Ascending,,Cash_Annual
ENV 04b,2021-22,0.275982195,,,Ascending,,Cash_Annual
ENV 04b,2022-23,0.274254026,,,Ascending,,Cash_Annual
ENV 04b,2023-24,0.289002634,,,Ascending,,Cash_Annual
ENV 04b,2024-25,0.31,,,Ascending,,Cash_Annual
ENV 04c,2010-11,0.358,,,Ascending,,Cash_Annual
ENV 04c,2011-12,0.363,,,Ascending,,Cash_Annual
ENV 04c,2012-13,0.35,,,Ascending,,Cash_Annual
ENV 04c,2013-14,0.352,,,Ascending,,Cash_Annual
ENV 04c,2014-15,0.361,,,Ascending,,Cash_Annual
ENV 04c,2015-16,0.348,,,Ascending,,Cash_Annual
ENV 04c,2016-17,0.347600513,,,Ascending,,Cash_Annual
ENV 04c,2017-18,0.35895545,,,Ascending,,Cash_Annual
ENV 04c,2018-19,0.357072157,,,Ascending,,Cash_Annual
ENV 04c,2019-20,0.34956385,,,Ascending,,Cash_Annual
ENV 04c,2020-21,0.34,,,Ascending,,Cash_Annual
ENV 04c,2021-22,0.336062479,,,Ascending,,Cash_Annual
ENV 04c,2022-23,0.314854915,,,Ascending,,Cash_Annual
ENV 04c,2023-24,0.324626186,,,Ascending,,Cash_Annual
ENV 04c,2024-25,0.35,,,Ascending,,Cash_Annual
ENV 04d,2010-11,0.35,,,Ascending,,Cash_Annual
ENV 04d,2011-12,0.36,,,Ascending,,Cash_Annual
ENV 04d,2012-13,0.348,,,Ascending,,Cash_Annual
ENV 04d,2013-14,0.366,,,Ascending,,Cash_Annual
ENV 04d,2014-15,0.3735,,,Ascending,,Cash_Annual
ENV 04d,2015-16,0.3474,,,Ascending,,Cash_Annual
ENV 04d,2016-17,0.3457,,,Ascending,,Cash_Annual
ENV 04d,2017-18,0.361599466,,,Ascending,,Cash_Annual
ENV 04d,2018-19,0.362534816,,,Ascending,,Cash_Annual
ENV 04d,2019-20,0.35139268,,,Ascending,,Cash_Annual
ENV 04d,2020-21,0.336,,,Ascending,,Cash_Annual
ENV 04d,2021-22,0.332432727,,,Ascending,,Cash_Annual
ENV 04d,2022-23,0.327070961,,,Ascending,,Cash_Annual
ENV 04d,2023-24,0.333584931,,,Ascending,,Cash_Annual
ENV 04d,2024-25,0.34,,,Ascending,,Cash_Annual
ENV 04e,2010-11,0.419,,,Ascending,,Cash_Annual
ENV 04e,2011-12,0.383416073,,,Ascending,,Cash_Annual
ENV 04e,2012-13,0.401,,,Ascending,,Cash_Annual
ENV 04e,2013-14,0.394,,,Ascending,,Cash_Annual
ENV 04e,2014-15,0.393141015,,,Ascending,,Cash_Annual
ENV 04e,2015-16,0.401361598,,,Ascending,,Cash_Annual
ENV 04e,2016-17,0.395043418,,,Ascending,,Cash_Annual
ENV 04e,2017-18,0.389887904,,,Ascending,,Cash_Annual
ENV 04e,2018-19,0.382482549,,,Ascending,,Cash_Annual
ENV 04e,2019-20,0.378305997,,,Ascending,,Cash_Annual
ENV 04e,2020-21,0.383,,,Ascending,,Cash_Annual
ENV 04e,2021-22,0.3665008,,,Ascending,,Cash_Annual
ENV 04e,2022-23,0.363577494,,,Ascending,,Cash_Annual
ENV 04e,2023-24,0.362398427,,,Ascending,,Cash_Annual
ENV 04e,2024-25,0.36,,,Ascending,,Cash_Annual
ENV 05,2010-11,24149.96,127081923.0,5262.2,Ascending,,Cash_Annual
ENV 05,2011-12,21723.81,115134000.0,5299.900000000001,Ascending,,Cash_Annual
ENV 05,2012-13,21378.36,113487000.0,5308.5,Ascending,,Cash_Annual
ENV 05,2013-14,22928.93,121920000.0,5317.3,Ascending,,Cash_Annual
ENV 05,2014-15,22336.37,119102000.0,5332.2,Ascending,,Cash_Annual
ENV 05,2015-16,22430.44,120041000.0,5351.7,Ascending,,Cash_Annual
ENV 05,2016-17,21495.84,115538000.0,5374.900000000001,Ascending,,Cash_Annual
ENV 05,2017-18,21526.56,116026000.0,5389.900000000001,Ascending,,Cash_Annual
ENV 05,2018-19,20928.02,112892000.0,5394.3,Ascending,,Cash_Annual
ENV 05,2019-20,20123.49,108956632.7,5414.400000000001,Ascending,,Cash_Annual
ENV 05,2020-21,19183.83,103844000.0,5413.1,Ascending,,Cash_Annual
ENV 05,2021-22,22421.75,121490000.0,5418.400000000001,Ascending,,Cash_Annual
ENV 05,2022-23,22818.98,124295000.0,5447.0,Ascending,,Cash_Annual
ENV 05,2023-24,22803.96,125196000.0,5490.1,Ascending,,Cash_Annual
ENV 05,2024-25,20999.12,116480000.0,5546.900000000001,Ascending,,Cash_Annual
ENV 05a,2012-13,5124.61,27204000.0,5308.5,Ascending,,Cash_Annual
ENV 05a,2013-14,5616.01,29862000.0,5317.3,Ascending,,Cash_Annual
ENV 05a,2014-15,5609.5,29911000.0,5332.2,Ascending,,Cash_Annual
ENV 05a,2015-16,5758.54,30818000.0,5351.7,Ascending,,Cash_Annual
ENV 05a,2016-17,5524.75,29695000.0,5374.900000000001,Ascending,,Cash_Annual
ENV 05a,2017-18,5928.87,31956000.0,5389.900000000001,Ascending,,Cash_Annual
ENV 05a,2018-19,5937.93,32031000.0,5394.3,Ascending,,Cash_Annual
ENV 05a,2019-20,6219.4,33674345.6,5414.400000000001,Ascending,,Cash_Annual
ENV 05a,2020-21,5985.66,32401000.0,5413.1,Ascending,,Cash_Annual
ENV 05a,2021-22,5998.27,32501000.0,5418.400000000001,Ascending,,Cash_Annual
ENV 05a,2022-23,7385.9,40231000.0,5447.0,Ascending,,Cash_Annual
ENV 05a,2023-24,7265.99,39891000.0,5490.1,Ascending,,Cash_Annual
ENV 05a,2024-25,7220.07,40049000.0,5546.900000000001,Ascending,,Cash_Annual
ENV 05b,2012-13,16253.74,86283000.0,5308.5,Ascending,,Cash_Annual
ENV 05b,2013-14,17312.92,92058000.0,5317.3,Ascending,,Cash_Annual
ENV 05b,2014-15,16726.87,89191000.0,5332.2,Ascending,,Cash_Annual
ENV 05b,2015-16,16671.9,89223000.0,5351.7,Ascending,,Cash_Annual
ENV 05b,2016-17,15971.09,85843000.0,5374.900000000001,Ascending,,Cash_Annual
ENV 05b,2017-18,15597.69,84070000.0,5389.900000000001,Ascending,,Cash_Annual
ENV 05b,2018-19,14990.08,80861000.0,5394.3,Ascending,,Cash_Annual
ENV 05b,2019-20,13904.09,75282287.1,5414.400000000001,Ascending,,Cash_Annual
ENV 05b,2020-21,13198.17,71443000.0,5413.1,Ascending,,Cash_Annual
ENV 05b,2021-22,16423.48,88989000.0,5418.400000000001,Ascending,,Cash_Annual
ENV 05b,2022-23,15433.08,84064000.0,5447.0,Ascending,,Cash_Annual
ENV 05b,2023-24,15537.97,85305000.0,5490.1,Ascending,,Cash_Annual
ENV 05b,2024-25,13779.05,76431000.0,5546.900000000001,Ascending,,Cash_Annual
ENV 06,2010-11,0.382,,,Descending,,Cash_Annual
ENV 06,2011-12,0.396,,,Descending,,Cash_Annual
ENV 06,2012-13,0.406,,,Descending,,Cash_Annual
ENV 06,2013-14,0.416,,,Descending,,Cash_Annual
ENV 06,2014-15,0.429,,,Descending,,Cash_Annual
ENV 06,2015-16,0.441,,,Descending,,Cash_Annual
ENV 06,2016-17,0.451,,,Descending,,Cash_Annual
ENV 06,2017-18,0.456,,,Descending,,Cash_Annual
ENV 06,2018-19,0.447,,,Descending,,Cash_Annual
ENV 06,2019-20,0.449,,,Descending,,Cash_Annual
ENV 06,2020-21,0.421,,,Descending,,Cash_Annual
ENV 06,2021-22,0.43,,,Descending,,Cash_Annual
ENV 06,2022-23,0.433,,,Descending,,Cash_Annual
ENV 06,2023-24,0.435,,,Descending,,Cash_Annual
ENV 06,2024-25,0.443,,,Descending,,Cash_Annual
ENV 07a,2013-14,0.823,,,Descending,,Cash_Annual
ENV 07a,2014-15,0.833333333,,,Descending,,Cash_Annual
ENV 07a,2015-16,0.83,,,Descending,,Cash_Annual
ENV 07a,2016-17,0.816666667,,,Descending,,Cash_Annual
ENV 07a,2017-18,0.786666667,,,Descending,,Cash_Annual
ENV 07a,2018-19,0.763,,,Descending,,Cash_Annual
ENV 07a,2019-20,0.743,,,Descending,,Cash_Annual
ENV 07a,2020-21,0.753,,,Descending,,Cash_Annual
ENV 07a,2021-22,0.76,,,Descending,,Cash_Annual
ENV 07a,2022-23,0.78,,,Descending,,Cash_Annual
ENV 07a,2023-24,0.783333333,,,Descending,,Cash_Annual
ENV 07a,2024-25,0.783333333,,,Descending,,Cash_Annual
ENV 07b,2013-14,0.741,,,Descending,,Cash_Annual
ENV 07b,2014-15,0.743333333,,,Descending,,Cash_Annual
ENV 07b,2015-16,0.736666667,,,Descending,,Cash_Annual
ENV 07b,2016-17,0.723333333,,,Descending,,Cash_Annual
ENV 07b,2017-18,0.696666667,,,Descending,,Cash_Annual
ENV 07b,2018-19,0.663,,,Descending,,Cash_Annual
ENV 07b,2019-20,0.626333333,,,Descending,,Cash_Annual
ENV 07b,2020-21,0.599666667,,,Descending,,Cash_Annual
ENV 07b,2021-22,0.586666667,,,Descending,,Cash_Annual
ENV 07b,2022-23,0.583333333,,,Descending,,Cash_Annual
ENV 07b,2023-24,0.58,,,Descending,,Cash_Annual
ENV 07b,2024-25,0.57,,,Descending,,Cash_Annual
FINSUS 01,2013-14,0.1596,,,Descending,,Cash_Annual
FINSUS 01,2014-15,0.1668,,,Descending,,Cash_Annual
FINSUS 01,2015-16,0.1801,,,Descending,,Cash_Annual
FINSUS 01,2016-17,0.1727,,,Descending,,Cash_Annual
FINSUS 01,2017-18,0.1701,,,Descending,,Cash_Annual
FINSUS 01,2018-19,0.1657,,,Descending,,Cash_Annual
FINSUS 01,2019-20,0.1695,,,Descending,,Cash_Annual
FINSUS 01,2020-21,0.2366,,,Descending,,Cash_Annual
FINSUS 01,2021-22,0.2444,,,Descending,,Cash_Annual
FINSUS 01,2022-23,0.245,,,Descending,,Cash_Annual
FINSUS 01,2023-24,0.2371,,,Descending,,Cash_Annual
FINSUS 01,2024-25,0.1933,,,Descending,,Cash_Annual
FINSUS 02,2013-14,0.0369,,,Descending,0.03,Cash_Annual
FINSUS 02,2014-15,0.0395,,,Descending,0.03,Cash_Annual
FINSUS 02,2015-16,0.0406,,,Descending,0.03,Cash_Annual
FINSUS 02,2016-17,0.0394,,,Descending,0.03,Cash_Annual
FINSUS 02,2017-18,0.0367,,,Descending,0.03,Cash_Annual
FINSUS 02,2018-19,0.0281,,,Descending,0.03,Cash_Annual
FINSUS 02,2019-20,0.0278,,,Descending,0.03,Cash_Annual
FINSUS 02,2020-21,0.0311,,,Descending,0.03,Cash_Annual
FINSUS 02,2021-22,0.0294,,,Descending,0.03,Cash_Annual
FINSUS 02,2022-23,0.0292,,,Descending,0.03,Cash_Annual
FINSUS 02,2023-24,0.0226,,,Descending,0.03,Cash_Annual
FINSUS 02,2024-25,0.0188,,,Descending,0.03,Cash_Annual
FINSUS 03,2013-14,0.0842,,,Ascending,,Cash_Annual
FINSUS 03,2014-15,0.0836,,,Ascending,,Cash_Annual
FINSUS 03,2015-16,0.0782,,,Ascending,,Cash_Annual
FINSUS 03,2016-17,0.0795,,,Ascending,,Cash_Annual
FINSUS 03,2017-18,0.0803,,,Ascending,,Cash_Annual
FINSUS 03,2018-19,0.0789,,,Ascending,,Cash_Annual
FINSUS 03,2019-20,0.0719,,,Ascending,,Cash_Annual
FINSUS 03,2020-21,0.0624,,,Ascending,,Cash_Annual
FINSUS 03,2021-22,0.0589,,,Ascending,,Cash_Annual
FINSUS 03,2022-23,0.0539,,,Ascending,,Cash_Annual
FINSUS 03,2023-24,0.0564,,,Ascending,,Cash_Annual
FINSUS 03,2024-25,0.0604,,,Ascending,,Cash_Annual
FINSUS 04,2013-14,0.2587,,,Ascending,,Cash_Annual
FINSUS 04,2014-15,0.2413,,,Ascending,,Cash_Annual
FINSUS 04,2015-16,0.2475,,,Ascending,,Cash_Annual
FINSUS 04,2016-17,0.2436,,,Ascending,,Cash_Annual
FINSUS 04,2017-18,0.2359,,,Ascending,,Cash_Annual
FINSUS 04,2018-19,0.2283,,,Ascending,,Cash_Annual
FINSUS 04,2019-20,0.2256,,,Ascending,,Cash_Annual
FINSUS 04,2020-21,0.2291,,,Ascending,,Cash_Annual
FINSUS 04,2021-22,0.2255,,,Ascending,,Cash_Annual
FINSUS 04,2022-23,0.2179,,,Ascending,,Cash_Annual
FINSUS 04,2023-24,0.1995,,,Ascending,,Cash_Annual
FINSUS 04,2024-25,0.2068,,,Ascending,,Cash_Annual
FINSUS 05,2013-14,0.9908,11664782000.0,11773637000.0,Ascending,1.0,Cash_Annual
FINSUS 05,2014-15,0.99,11728142950.0,11846333040.0,Ascending,1.0,Cash_Annual
FINSUS 05,2015-16,0.9896,11946960910.0,12072520050.0,Ascending,1.0,Cash_Annual
FINSUS 05,2016-17,0.9935,11829193000.0,11906720000.0,Ascending,1.0,Cash_Annual
FINSUS 05,2017-18,0.9926,11925676700.0,12014538000.0,Ascending,1.0,Cash_Annual
FINSUS 05,2018-19,0.9939,12125603550.0,12200185380.0,Ascending,1.0,Cash_Annual
FINSUS 05,2019-20,0.9935,12612014570.0,12694498430.0,Ascending,1.0,Cash_Annual
FINSUS 05,2020-21,0.9744,13450592000.0,13804571000.0,Ascending,1.0,Cash_Annual
FINSUS 05,2021-22,0.9825,14108177000.0,14358973000.0,Ascending,1.0,Cash_Annual
FINSUS 05,2022-23,0.984,14991089000.0,15234528000.0,Ascending,1.0,Cash_Annual
FINSUS 05,2023-24,0.9955,15767057300.0,15837564990.0,Ascending,1.0,Cash_Annual
FINSUS 05,2024-25,1.0011,16128100000.0,16110287000.0,Ascending,1.0,Cash_Annual
FINSUS 06,2022-23,0.0092,122780.0,13276928.0,Ascending,,Cash_Annual
FINSUS 06,2023-24,0.0101,147049.0,14533845.0,Ascending,,Cash_Annual
FINSUS 06,2024-25,0.006,92789.0,15412713.0,Ascending,,Cash_Annual
HSN 01b,2013-14,0.055815672,57319118.0,1026935914.0,Ascending,,Cash_Annual
HSN 01b,2014-15,0.059489804,62768083.0,1055106567.0,Ascending,,Cash_Annual
HSN 01b,2015-16,0.062485767,68047638.0,1089010210.0,Ascending,,Cash_Annual
HSN 01b,2016-17,0.064878716,72058742.0,1110668433.0,Ascending,,Cash_Annual
HSN 01b,2017-18,0.067474647,76007085.0,1126453979.0,Ascending,,Cash_Annual
HSN 01b,2018-19,0.073263897,85064829.0,1161074317.0,Ascending,,Cash_Annual
HSN 01b,2019-20,0.073135629,88013149.0,1203423696.0,Ascending,,Cash_Annual
HSN 01b,2020-21,0.081886479,101774964.0,1242878747.0,Ascending,,Cash_Annual
HSN 01b,2021-22,0.086710008,110052636.0,1269203387.0,Ascending,,Cash_Annual
HSN 01b,2022-23,0.095925088,124362377.0,1296453092.0,Ascending,,Cash_Annual
HSN 01b,2023-24,0.094950165,129184057.0,1360545888.0,Ascending,,Cash_Annual
HSN 01b,2024-25,0.086,125650568.0,1460461985.0,Ascending,,Cash_Annual
HSN 02,2013-14,0.012872804,13219545.0,1026935914.0,Ascending,,Cash_Annual
HSN 02,2014-15,0.011561642,12198764.0,1055106567.0,Ascending,,Cash_Annual
HSN 02,2015-16,0.010529306,11466522.0,1089010210.0,Ascending,,Cash_Annual
HSN 02,2016-17,0.009290929,10319141.0,1110668433.0,Ascending,,Cash_Annual
HSN 02,2017-18,0.008936339,10066375.0,1126453979.0,Ascending,,Cash_Annual
HSN 02,2018-19,0.009527453,11062081.0,1161074317.0,Ascending,,Cash_Annual
HSN 02,2019-20,0.010658114,12826227.0,1203423696.0,Ascending,,Cash_Annual
HSN 02,2020-21,0.013790819,17140316.0,1242878747.0,Ascending,,Cash_Annual
HSN 02,2021-22,0.016299412,20687269.0,1269203387.0,Ascending,,Cash_Annual
HSN 02,2022-23,0.017087332,22152924.0,1300000000.0,Ascending,,Cash_Annual
HSN 02,2023-24,0.017897949,24350981.0,1360545888.0,Ascending,,Cash_Annual
HSN 02,2024-25,0.0168,24511513.0,1460461985.0,Ascending,,Cash_Annual
HSN 03,2013-14,0.836904591,262583.0,313755.0,Descending,,Cash_Annual
HSN 03,2014-15,0.903758506,286336.0,316828.0,Descending,,Cash_Annual
HSN 03,2015-16,0.924963907,292789.0,316541.0,Descending,,Cash_Annual
HSN 03,2016-17,0.936319803,294584.0,314619.0,Descending,,Cash_Annual
HSN 03,2017-18,0.938909329,295256.0,314467.0,Descending,,Cash_Annual
HSN 03,2018-19,0.943216506,297565.0,315479.0,Descending,,Cash_Annual
HSN 03,2019-20,0.948621546,300252.0,316514.0,Descending,,Cash_Annual
HSN 03,2020-21,0.852272298,270951.0,317916.0,Descending,,Cash_Annual
HSN 03,2021-22,0.684538024,219582.0,320774.0,Descending,,Cash_Annual
HSN 03,2022-23,0.7091358,228853.0,322721.0,Descending,,Cash_Annual
HSN 03,2023-24,0.777874463,252985.0,325226.0,Descending,,Cash_Annual
HSN 03,2024-25,0.828955821,270984.0,326898.0,Descending,,Cash_Annual
HSN 04b,2013-14,10.16764276,8425346.0,828643.0,Ascending,,Cash_Annual
HSN 04b,2014-15,9.875812318,7648629.0,774481.0,Ascending,,Cash_Annual
HSN 04b,2015-16,9.384331366,7263998.0,774056.0,Ascending,,Cash_Annual
HSN 04b,2016-17,8.724794103,6202587.0,710915.0,Ascending,,Cash_Annual
HSN 04b,2017-18,7.500988933,5157755.0,687610.0,Ascending,,Cash_Annual
HSN 04b,2018-19,7.79709406,5153809.0,660991.0,Ascending,,Cash_Annual
HSN 04b,2019-20,7.333695305,4565350.0,622517.0,Ascending,,Cash_Annual
HSN 04b,2020-21,7.279224385,3041522.0,417836.0,Ascending,,Cash_Annual
HSN 04b,2021-22,9.1860436,5282416.0,575048.0,Ascending,,Cash_Annual
HSN 04b,2022-23,9.680170949,5701127.0,588949.0,Ascending,,Cash_Annual
HSN 04b,2023-24,10.03403498,6144542.0,612370.0,Ascending,,Cash_Annual
HSN 04b,2024-25,10.09820566,6365616.0,630371.0,Ascending,,Cash_Annual
HSN 05a,2015-16,0.651651025,206228.0,316470.0,Descending,,Cash_Annual
HSN 05a,2016-17,0.711917072,222929.0,313139.0,Descending,,Cash_Annual
HSN 05a,2017-18,0.753439736,236837.0,314341.0,Descending,,Cash_Annual
HSN 05a,2018-19,0.809339262,255196.0,315314.0,Descending,,Cash_Annual
HSN 05a,2019-20,0.840972227,265796.0,316058.0,Descending,,Cash_Annual
HSN 05a,2020-21,0.863548533,273953.0,317241.0,Descending,,Cash_Annual
HSN 05a,2021-22,0.876337667,280393.0,319960.0,Descending,,Cash_Annual
CLIM 01,2010-11,7.840511208,,,Ascending,,Cash_Annual
CLIM 01,2011-12,7.106867795,,,Ascending,,Cash_Annual
CLIM 01,2012-13,7.275594871,,,Ascending,,Cash_Annual
CLIM 01,2013-14,7.064108287,,,Ascending,,Cash_Annual
CLIM 01,2014-15,6.202947181,,,Ascending,,Cash_Annual
CLIM 01,2015-16,6.080736901,,,Ascending,,Cash_Annual
CLIM 01,2016-17,5.673313384,,,Ascending,,Cash_Annual
CLIM 01,2017-18,5.527321994,,,Ascending,,Cash_Annual
CLIM 01,2018-19,5.477336973,,,Ascending,,Cash_Annual
CLIM 01,2019-20,5.176428475,,,Ascending,,Cash_Annual
CLIM 01,2020-21,4.586496746,,,Ascending,,Cash_Annual
CLIM 01,2021-22,4.986560143,,,Ascending,,Cash_Annual
CLIM 01,2022-23,4.684066362,,,Ascending,,Cash_Annual
CLIM 01,2023-24,4.59023637,,,Ascending,,Cash_Annual
CLIM 02,2010-11,7.241849485,,,Ascending,,Cash_Annual
CLIM 02,2011-12,6.523039409,,,Ascending,,Cash_Annual
CLIM 02,2012-13,6.751329394,,,Ascending,,Cash_Annual
CLIM 02,2013-14,6.527289137,,,Ascending,,Cash_Annual
CLIM 02,2014-15,5.766105252,,,Ascending,,Cash_Annual
CLIM 02,2015-16,5.616227278,,,Ascending,,Cash_Annual
CLIM 02,2016-17,5.209658673,,,Ascending,,Cash_Annual
CLIM 02,2017-18,5.04674362,,,Ascending,,Cash_Annual
CLIM 02,2018-19,4.883539521,,,Ascending,,Cash_Annual
CLIM 02,2019-20,4.651205,,,Ascending,,Cash_Annual
CLIM 02,2020-21,4.16852416,,,Ascending,,Cash_Annual
CLIM 02,2021-22,4.558594037,,,Ascending,,Cash_Annual
CLIM 02,2022-23,4.212904506,,,Ascending,,Cash_Annual
CLIM 02,2023-24,4.041124815,,,Ascending,,Cash_Annual
CLIM 03,2017-18,26.67926863,143798590.0,5389900.0,Ascending,,Cash_Annual
CLIM 03,2018-19,30.56730067,164889190.0,5394300.0,Ascending,,Cash_Annual
CLIM 03,2019-20,29.4043778,159207063.20000002,5414400.0,Ascending,,Cash_Annual
CLIM 03,2020-21,21.63119458,117091819.39999999,5413100.0,Ascending,,Cash_Annual
CLIM 03,2021-22,27.27959706,147811768.7,5418400.0,Ascending,,Cash_Annual
CLIM 03,2022-23,27.83392608,151611395.4,5447000.0,Ascending,,Cash_Annual
CLIM 03,2023-24,28.66733805,157386552.6,5490100.0,Ascending,,Cash_Annual
CLIM 04,2017-18,91.49237092,493134730.0,5389900.0,Ascending,,Cash_Annual
CLIM 04,2018-19,70.66947519,381212350.0,5394300.0,Ascending,,Cash_Annual
CLIM 04,2019-20,55.97817844,303088249.4,5414400.0,Ascending,,Cash_Annual
CLIM 04,2020-21,44.02034943,238286553.5,5413100.0,Ascending,,Cash_Annual
CLIM 04,2021-22,46.57683418,252371918.29999998,5418400.0,Ascending,,Cash_Annual
CLIM 04,2022-23,43.71852137,238134785.89999998,5447000.0,Ascending,,Cash_Annual
CLIM 04,2023-24,46.74402016,256629345.1,5490100.0,Ascending,,Cash_Annual
CLIM 05,2017-18,64.87302733,349659130.0,5389900.0,Ascending,,Cash_Annual
CLIM 05,2018-19,60.77972953,327864095.0,5394300.0,Ascending,,Cash_Annual
CLIM 05,2019-20,56.44917788,305638428.7,5414400.0,Ascending,,Cash_Annual
CLIM 05,2020-21,59.69105783,323113665.2,5413100.0,Ascending,,Cash_Annual
CLIM 05,2021-22,61.58227427,333677394.90000004,5418400.0,Ascending,,Cash_Annual
CLIM 05,2022-23,57.57156014,313592288.1,5447000.0,Ascending,,Cash_Annual
CLIM 05,2023-24,56.17123153,308385678.20000005,5490100.0,Ascending,,Cash_Annual
