Key_CodePeriodDType,Code,Period,DataType,Value_Scot_Mean,Numerator_Scot_Mean,Denominator_Scot_Mean,Value_Scot_Median,Numerator_Scot_Median,Denominator_Scot_Median,Scot_NumDenAv
C&L 012010-11Cash_Annual,C&L 01,2010-11,Cash_Annual,3.2978125,5045062.5,1420619.3125,3.44,3626500.0,1080558.5,3.5513120620060556
C&L 012010-11Real_Annual,C&L 01,2010-11,Real_Annual,4.608396875,7050042.915625,1420619.3125,4.8071,5067723.25,1080558.5,4.962654564521134
C&L 012011-12Cash_Annual,C&L 01,2011-12,Cash_Annual,3.1346875,4860000.0,1506323.21875,2.8899999999999997,3356500.0,1099975.5,3.226399181467175
C&L 012011-12Real_Annual,C&L 01,2011-12,Real_Annual,4.30435625,6673445.89375,1506323.21875,3.96835,4608934.4,1099975.5,4.430288141802567
C&L 012012-13Cash_Annual,C&L 01,2012-13,Cash_Annual,3.06875,5062750.0,1613271.78125,2.685,3774500.0,1180585.0,3.138187910332917
C&L 012012-13Real_Annual,C&L 01,2012-13,Real_Annual,4.137440625,6825847.818750001,1613271.78125,3.62005,5088966.0,1180585.0,4.231058832170967
C&L 012013-14Cash_Annual,C&L 01,2013-14,Cash_Annual,3.075625,5314656.25,1666276.15625,2.735,3781000.0,1187107.5,3.1895410794095373
C&L 012013-14Real_Annual,C&L 01,2013-14,Real_Annual,4.068909375,7031052.921875,1666276.15625,3.6183,5002094.199999999,1187107.5,4.219620436565915
C&L 012014-15Cash_Annual,C&L 01,2014-15,Cash_Annual,3.0103125,4880500.0,1647039.4375,2.53,3950000.0,1104013.0,2.9631955913623957
C&L 012014-15Real_Annual,C&L 01,2014-15,Real_Annual,3.934434375,6378741.059375,1647039.4375,3.3067,5162591.35,1104013.0,3.8728526555849396
C&L 012015-16Cash_Annual,C&L 01,2015-16,Cash_Annual,2.9109375,4841687.5,1658884.53125,2.585,3835500.0,1128810.0,2.918640453143354
C&L 012015-16Real_Annual,C&L 01,2015-16,Real_Annual,3.7774375,6282911.040625,1658884.53125,3.3545,4977212.05,1128810.0,3.787431205890329
C&L 012016-17Cash_Annual,C&L 01,2016-17,Cash_Annual,2.8565625,4900156.25,1688823.0625,2.7300000000000004,3973000.0,1205073.0,2.9015213960580315
C&L 012016-17Real_Annual,C&L 01,2016-17,Real_Annual,3.6250125,6218343.21875,1688823.0625,3.4644000000000004,5041773.449999999,1205073.0,3.682057260365012
C&L 012017-18Cash_Annual,C&L 01,2017-18,Cash_Annual,2.6625,4586125.0,1687272.90625,2.465,3957500.0,1208634.0,2.7180694853879688
C&L 012017-18Real_Annual,C&L 01,2017-18,Real_Annual,3.326403125,5729695.615625,1687272.90625,3.07965,4944320.2,1208634.0,3.3958321705996988
C&L 012018-19Cash_Annual,C&L 01,2018-19,Cash_Annual,2.513125,4451562.5,1703939.65625,2.455,3539500.0,1215428.0,2.612511824389908
C&L 012018-19Real_Annual,C&L 01,2018-19,Real_Annual,3.0595656250000003,5419485.403125,1703939.65625,2.9888000000000003,4309109.1,1215428.0,3.1805618134694433
C&L 012019-20Cash_Annual,C&L 01,2019-20,Cash_Annual,2.60375,4452486.0,1626423.28125,2.6100000000000003,3593500.0,1155246.0,2.7375936211254968
C&L 012019-20Real_Annual,C&L 01,2019-20,Real_Annual,3.09644375,5295019.978124999,1626423.28125,3.1039,4273489.95,1155246.0,3.2556223457742632
C&L 012020-21Cash_Annual,C&L 01,2020-21,Cash_Annual,53.2371875,5744812.5,142548.375,29.67,3782000.0,103006.5,40.30079262566129
C&L 012020-21Real_Annual,C&L 01,2020-21,Real_Annual,61.870771875,6676459.759374999,142548.375,34.48165,4395334.2,103006.5,46.836449446547526
C&L 012021-22Cash_Annual,C&L 01,2021-22,Cash_Annual,6.6009375,5333656.25,828504.71875,5.775,3581000.0,615244.5,6.437689646532264
C&L 012021-22Real_Annual,C&L 01,2021-22,Real_Annual,7.291046875,5891273.684375,828504.71875,6.37875,3955382.55,615244.5,7.110730393018658
C&L 012022-23Cash_Annual,C&L 01,2022-23,Cash_Annual,4.8475,5841750.0,1193825.4375,4.37,4081500.0,843264.0,4.893303339417242
C&L 012022-23Real_Annual,C&L 01,2022-23,Real_Annual,5.116615625,6166067.584375001,1193825.4375,4.6126,4308093.45,843264.0,5.1649658238874645
C&L 012023-24Cash_Annual,C&L 01,2023-24,Cash_Annual,4.2325,5827625.0,1346969.84375,3.87,4507000.0,920131.5,4.326470282197065
C&L 012023-24Real_Annual,C&L 01,2023-24,Real_Annual,4.2325,5827625.0,1346969.84375,3.87,4507000.0,920131.5,4.326470282197065
C&L 022010-11Cash_Annual,C&L 02,2010-11,Cash_Annual,3.7696875,3386343.75,993759.53125,3.55,2328500.0,691783.0,3.4076088263933317
C&L 022010-11Real_Annual,C&L 02,2010-11,Real_Annual,5.267815625,4732125.465625,993759.53125,4.960850000000001,3253879.4,691783.0,4.761841589255198
C&L 022011-12Cash_Annual,C&L 02,2011-12,Cash_Annual,3.570625,3265562.5,1002332.34375,3.45,2288000.0,720985.5,3.2579638084735802
C&L 022011-12Real_Annual,C&L 02,2011-12,Real_Annual,4.90295625,4484064.740625,1002332.34375,4.73735,3141737.5,720985.5,4.473630696031303
C&L 022012-13Cash_Annual,C&L 02,2012-13,Cash_Annual,3.4971875,3254906.25,1033320.3125,3.5250000000000004,2205000.0,685620.0,3.1499489660908027
C&L 022012-13Real_Annual,C&L 02,2012-13,Real_Annual,4.71508125,4388424.23125,1033320.3125,4.752549999999999,2972889.1500000004,685620.0,4.246915673836616
C&L 022013-14Cash_Annual,C&L 02,2013-14,Cash_Annual,3.25625,3248656.25,1262976.6875,3.1,2299000.0,778507.5,2.5722218645464903
C&L 022013-14Real_Annual,C&L 02,2013-14,Real_Annual,4.307871875,4297827.1625,1262976.6875,4.1011500000000005,3041474.35,778507.5,3.4029346741208157
C&L 022014-15Cash_Annual,C&L 02,2014-15,Cash_Annual,3.179375,3134906.25,1278086.1875,2.9850000000000003,2241500.0,785349.0,2.4528128702587986
C&L 022014-15Real_Annual,C&L 02,2014-15,Real_Annual,4.155390625,4097275.940625,1278086.1875,3.90135,2929607.25,785349.0,3.2057900168997797
C&L 022015-16Cash_Annual,C&L 02,2015-16,Cash_Annual,3.0425,3155625.0,1290036.53125,2.875,2359500.0,878179.5,2.4461516581567735
C&L 022015-16Real_Annual,C&L 02,2015-16,Real_Annual,3.948159375,4094958.865625,1290036.53125,3.7308000000000003,3061851.6,878179.5,3.1742968252667456
C&L 022016-17Cash_Annual,C&L 02,2016-17,Cash_Annual,2.6703125,2898781.25,1461683.125,2.71,1992000.0,929455.5,1.983180349024006
C&L 022016-17Real_Annual,C&L 02,2016-17,Real_Annual,3.388646875,3678579.9875000003,1461683.125,3.439,2527866.25,929455.5,2.516674048282524
C&L 022017-18Cash_Annual,C&L 02,2017-18,Cash_Annual,2.718125,2799000.0,1351654.875,2.735,2033000.0,1002980.0,2.070794883938106
C&L 022017-18Real_Annual,C&L 02,2017-18,Real_Annual,3.39590625,3496943.08125,1351654.875,3.417,2539937.6,1002980.0,2.587156785307344
C&L 022018-19Cash_Annual,C&L 02,2018-19,Cash_Annual,2.6965625,2822750.0,1375961.5625,2.42,1946000.0,1000388.5,2.0514744575214108
C&L 022018-19Real_Annual,C&L 02,2018-19,Real_Annual,3.282884375,3436513.003125,1375961.5625,2.9461500000000003,2369127.3999999994,1000388.5,2.4975356120276797
C&L 022019-20Cash_Annual,C&L 02,2019-20,Cash_Annual,2.6178125,2809633.021875,1411028.65625,2.17,1833500.0,892493.5,1.99119487009001
C&L 022019-20Real_Annual,C&L 02,2019-20,Real_Annual,3.11316875,3341293.615625,1411028.65625,2.5806,2180449.15,892493.5,2.3679842367659214
C&L 022020-21Cash_Annual,C&L 02,2020-21,Cash_Annual,8.0221875,2688218.75,934019.0625,4.785,1897500.0,461645.0,2.8781197921214803
C&L 022020-21Real_Annual,C&L 02,2020-21,Real_Annual,9.3231625,3124172.3312500003,934019.0625,5.561,2205221.2,461645.0,3.3448699889355846
C&L 022021-22Cash_Annual,C&L 02,2021-22,Cash_Annual,5.2471875,2788781.25,959459.125,3.59,2014000.0,426139.0,2.9066180906872923
C&L 022021-22Real_Annual,C&L 02,2021-22,Real_Annual,5.795765625,3080339.7875,959459.125,3.96535,2224557.55,426139.0,3.210496108940545
C&L 022022-23Cash_Annual,C&L 02,2022-23,Cash_Annual,3.86875,3102343.75,1103446.9375,3.3449999999999998,2195500.0,605636.0,2.8115024334824437
C&L 022022-23Real_Annual,C&L 02,2022-23,Real_Annual,4.08353125,3274577.1843749997,1103446.9375,3.5307,2317388.05,605636.0,2.96758917270093
C&L 022023-24Cash_Annual,C&L 02,2023-24,Cash_Annual,3.48,3262843.75,1373405.03125,3.33,2164500.0,712653.0,2.3757330690934877
C&L 022023-24Real_Annual,C&L 02,2023-24,Real_Annual,3.48,3262843.75,1373405.03125,3.33,2164500.0,712653.0,2.3757330690934877
C&L 032010-11Cash_Annual,C&L 03,2010-11,Cash_Annual,5.823666666666667,1298300.0,309004.3,4.369999999999999,861500.0,175034.0,4.201559654671472
C&L 032010-11Real_Annual,C&L 03,2010-11,Real_Annual,8.138076666666667,1814263.1,309004.3,6.1067,1203872.5,175034.0,5.871319913671104
C&L 032011-12Cash_Annual,C&L 03,2011-12,Cash_Annual,4.661333333333333,1355000.0,390253.63333333336,4.3,832000.0,176264.5,3.4721009217168084
C&L 032011-12Real_Annual,C&L 03,2011-12,Real_Annual,6.40065,1860600.6533333333,390253.63333333336,5.9045000000000005,1142450.0,176264.5,4.7676702903214485
C&L 032012-13Cash_Annual,C&L 03,2012-13,Cash_Annual,4.787,1326333.3333333333,370083.26666666666,4.24,786500.0,164737.0,3.5838781506648325
C&L 032012-13Real_Annual,C&L 03,2012-13,Real_Annual,6.454063333333334,1788227.65,370083.26666666666,5.71655,1060397.85,164737.0,4.831960293980688
C&L 032013-14Cash_Annual,C&L 03,2013-14,Cash_Annual,4.300666666666667,1300700.0,389002.8333333333,3.67,761500.0,177878.5,3.3436774453656506
C&L 032013-14Real_Annual,C&L 03,2013-14,Real_Annual,5.68959,1720768.0266666666,389002.8333333333,4.85525,1007430.5,177878.5,4.423535972531477
C&L 032014-15Cash_Annual,C&L 03,2014-15,Cash_Annual,4.40448275862069,1368793.103448276,410963.724137931,3.52,821000.0,220982.0,3.330690820265368
C&L 032014-15Real_Annual,C&L 03,2014-15,Real_Annual,5.7566,1788992.2758620689,410963.724137931,4.6006,1073034.7999999998,220982.0,4.353163480827404
C&L 032015-16Cash_Annual,C&L 03,2015-16,Cash_Annual,3.9913793103448274,1329586.2068965517,436658.9310344828,3.58,832000.0,202484.0,3.0449078500390385
C&L 032015-16Real_Annual,C&L 03,2015-16,Real_Annual,5.179489655172413,1725363.7000000002,436658.9310344828,4.6457,1079661.2,202484.0,3.951284577902631
C&L 032016-17Cash_Annual,C&L 03,2016-17,Cash_Annual,6.233793103448276,1420655.1724137932,429878.3793103448,3.63,690000.0,187783.0,3.304783959344395
C&L 032016-17Real_Annual,C&L 03,2016-17,Real_Annual,7.910737931034483,1802824.4413793106,429878.3793103448,4.6065,875616.3,187783.0,4.193801149691657
C&L 032017-18Cash_Annual,C&L 03,2017-18,Cash_Annual,5.3003448275862075,1417724.1379310344,407221.5862068966,3.85,704000.0,185741.0,3.481456253673972
C&L 032017-18Real_Annual,C&L 03,2017-18,Real_Annual,6.6220103448275855,1771239.9310344828,407221.5862068966,4.81,879545.5,185741.0,4.349572790413353
C&L 032018-19Cash_Annual,C&L 03,2018-19,Cash_Annual,6.217586206896552,1442103.448275862,416215.1034482759,3.5,728000.0,189477.0,3.4648032623714626
C&L 032018-19Real_Annual,C&L 03,2018-19,Real_Annual,7.569493103448275,1755666.3793103448,416215.1034482759,4.261,886292.2999999999,189477.0,4.21817076017888
C&L 032019-20Cash_Annual,C&L 03,2019-20,Cash_Annual,4.0442857142857145,1364764.9357142858,448071.6785714286,3.185,598500.0,169581.0,3.0458629745703156
C&L 032019-20Real_Annual,C&L 03,2019-20,Real_Annual,4.809571428571429,1623016.3464285713,448071.6785714286,3.78765,711752.7999999999,169581.0,3.6222248002890476
C&L 032020-21Cash_Annual,C&L 03,2020-21,Cash_Annual,105.04074074074073,1439925.9259259258,146886.74074074073,13.14,453000.0,53463.0,9.802967365634697
C&L 032020-21Real_Annual,C&L 03,2020-21,Real_Annual,122.07539629629629,1673441.4814814816,146886.74074074073,15.2709,526463.9,53463.0,11.392733428779342
C&L 032021-22Cash_Annual,C&L 03,2021-22,Cash_Annual,11.08076923076923,1502730.7692307692,337023.03846153844,3.995,579000.0,119696.0,4.458836927263247
C&L 032021-22Real_Annual,C&L 03,2021-22,Real_Annual,12.239226923076924,1659836.6692307694,337023.03846153844,4.4127,639532.65,119696.0,4.924994673384004
C&L 032022-23Cash_Annual,C&L 03,2022-23,Cash_Annual,6.774814814814814,1673259.2592592593,564149.5185185185,3.98,795000.0,136703.0,2.965985442393555
C&L 032022-23Real_Annual,C&L 03,2022-23,Real_Annual,7.1509481481481485,1766153.9259259258,564149.5185185185,4.201,839136.2000000001,136703.0,3.130648645351899
C&L 032023-24Cash_Annual,C&L 03,2023-24,Cash_Annual,6.232692307692308,1925576.923076923,574452.1538461539,3.95,910500.0,258105.5,3.3520231583858227
C&L 032023-24Real_Annual,C&L 03,2023-24,Real_Annual,6.232692307692308,1925576.923076923,574452.1538461539,3.95,910500.0,258105.5,3.3520231583858227
C&L 042010-11Cash_Annual,C&L 04,2010-11,Cash_Annual,24414.3071875,4231562.5,164.44375,22097.309999999998,3192000.0,118.91,25732.58333016609
C&L 042010-11Real_Annual,C&L 04,2010-11,Real_Annual,34116.904071875,5913246.309375,164.44375,30879.098850000002,4460546.699999999,118.91,35959.08211394474
C&L 042011-12Cash_Annual,C&L 04,2011-12,Cash_Annual,23525.091875,3987187.5,165.62187500000002,24165.14,3308500.0,119.445,24074.039132813825
C&L 042011-12Real_Annual,C&L 04,2011-12,Real_Annual,32303.174434375,5474954.75,165.62187500000002,33182.04825,4543023.85,119.445,33056.954282156265
C&L 042012-13Cash_Annual,C&L 04,2012-13,Cash_Annual,22666.05625,3929125.0,165.890625,22990.89,3127500.0,119.36500000000001,23685.033436940754
C&L 042012-13Real_Annual,C&L 04,2012-13,Real_Annual,30559.48855,5297439.0125,165.890625,30997.44535,4216648.85,119.36500000000001,31933.323613073375
C&L 042013-14Cash_Annual,C&L 04,2013-14,Cash_Annual,22518.6353125,3878625.0,166.165625,22300.57,3061000.0,119.21000000000001,23341.921651966222
C&L 042013-14Real_Annual,C&L 04,2013-14,Real_Annual,29791.149078125,5131247.690625,166.165625,29502.6584,4049566.3,119.21000000000001,30880.320106068866
C&L 042014-15Cash_Annual,C&L 04,2014-15,Cash_Annual,21907.4978125,3911375.0,166.63125,20843.28,3076000.0,119.205,23473.238063088407
C&L 042014-15Real_Annual,C&L 04,2014-15,Real_Annual,28632.774490625,5112109.071875,166.63125,27241.8576,4020286.3499999996,119.205,30679.173755673084
C&L 042015-16Cash_Annual,C&L 04,2015-16,Cash_Annual,20528.7021875,3659375.0,167.240625,18919.324999999997,2859000.0,119.245,21880.897658687893
C&L 042015-16Real_Annual,C&L 04,2015-16,Real_Annual,26639.474259374998,4748659.965625,167.240625,24551.0343,3710037.6,119.245,28394.17734551638
C&L 042016-17Cash_Annual,C&L 04,2016-17,Cash_Annual,20224.1078125,3518718.75,167.965625,20375.824999999997,2765000.0,119.0,20949.040912389068
C&L 042016-17Real_Annual,C&L 04,2016-17,Real_Annual,25664.578259375,4465286.3625,167.965625,25857.10875,3508810.35,119.0,26584.52503302387
C&L 042017-18Cash_Annual,C&L 04,2017-18,Cash_Annual,19336.4340625,3358593.75,168.434375,20713.614999999998,2806000.0,118.6,19940.07309968645
C&L 042017-18Real_Annual,C&L 04,2017-18,Real_Annual,24158.059684375,4196074.009375,168.434375,25878.6468,3505688.55,118.6,24912.218835228858
C&L 042018-19Cash_Annual,C&L 04,2018-19,Cash_Annual,19638.1778125,3422453.125,168.571875,20333.705,2707000.0,118.475,20302.634262091466
C&L 042018-19Real_Annual,C&L 04,2018-19,Real_Annual,23908.193578125,4166612.225,168.571875,24754.95235,3295594.95,118.475,24717.12570676455
C&L 042019-20Cash_Annual,C&L 04,2019-20,Cash_Annual,19253.5465625,3433734.921875,169.20000000000002,18907.855000000003,2726500.0,118.655,20293.94161864657
C&L 042019-20Real_Annual,C&L 04,2019-20,Real_Annual,22896.8521875,4083492.915625,169.20000000000002,22485.74615,3242429.5,118.655,24134.118886672575
C&L 042020-21Cash_Annual,C&L 04,2020-21,Cash_Annual,18712.7546875,3264531.25,169.159375,18710.095,2744500.0,118.36,19298.553509079822
C&L 042020-21Real_Annual,C&L 04,2020-21,Real_Annual,21747.438003125,3793946.54375,169.159375,21744.347,3189580.85,118.36,22428.236943710628
C&L 042021-22Cash_Annual,C&L 04,2021-22,Cash_Annual,20636.7271875,3482593.75,169.32500000000002,19491.559999999998,2977000.0,118.795,20567.51070426694
C&L 042021-22Real_Annual,C&L 04,2021-22,Real_Annual,22794.233821875,3846688.26875,169.32500000000002,21529.34295,3288236.2,118.795,22717.781005462864
C&L 042022-23Cash_Annual,C&L 04,2022-23,Cash_Annual,23879.4296875,4010156.25,170.21875,24383.519999999997,3117500.0,118.61000000000001,23558.8397282908
C&L 042022-23Real_Annual,C&L 04,2022-23,Real_Annual,25205.148684375,4232788.871875,170.21875,25737.22465,3290574.85,118.61000000000001,24866.760400220304
C&L 042023-24Cash_Annual,C&L 04,2023-24,Cash_Annual,23430.888750000002,4008125.0,171.565625,24128.114999999998,3289000.0,118.69,23362.051693047484
C&L 042023-24Real_Annual,C&L 04,2023-24,Real_Annual,23430.888750000002,4008125.0,171.565625,24128.114999999998,3289000.0,118.69,23362.051693047484
C&L 05a2010-14Cash_Annual,C&L 05a,2010-14,Cash_Annual,0.83521875,,,0.8465,,,
C&L 05a2010-14Real_Annual,C&L 05a,2010-14,Real_Annual,0.83521875,,,0.8465,,,
C&L 05a2012-15Cash_Annual,C&L 05a,2012-15,Cash_Annual,0.819125,,,0.8285,,,
C&L 05a2012-15Real_Annual,C&L 05a,2012-15,Real_Annual,0.819125,,,0.8285,,,
C&L 05a2013-16Cash_Annual,C&L 05a,2013-16,Cash_Annual,0.79390625,,,0.79,,,
C&L 05a2013-16Real_Annual,C&L 05a,2013-16,Real_Annual,0.79390625,,,0.79,,,
C&L 05a2014-17Cash_Annual,C&L 05a,2014-17,Cash_Annual,0.77303125,,,0.765,,,
C&L 05a2014-17Real_Annual,C&L 05a,2014-17,Real_Annual,0.77303125,,,0.765,,,
C&L 05a2015-18Cash_Annual,C&L 05a,2015-18,Cash_Annual,0.7526875,,,0.7435,,,
C&L 05a2015-18Real_Annual,C&L 05a,2015-18,Real_Annual,0.7526875,,,0.7435,,,
C&L 05a2016-19Cash_Annual,C&L 05a,2016-19,Cash_Annual,0.7413125,,,0.736,,,
C&L 05a2016-19Real_Annual,C&L 05a,2016-19,Real_Annual,0.7413125,,,0.736,,,
C&L 05a2017-20Cash_Annual,C&L 05a,2017-20,Cash_Annual,0.73215625,,,0.743,,,
C&L 05a2017-20Real_Annual,C&L 05a,2017-20,Real_Annual,0.73215625,,,0.743,,,
C&L 05a2018-21Cash_Annual,C&L 05a,2018-21,Cash_Annual,0.7470625,,,0.7565,,,
C&L 05a2018-21Real_Annual,C&L 05a,2018-21,Real_Annual,0.7470625,,,0.7565,,,
C&L 05a2019-22Cash_Annual,C&L 05a,2019-22,Cash_Annual,0.7509375,,,0.75,,,
C&L 05a2019-22Real_Annual,C&L 05a,2019-22,Real_Annual,0.7509375,,,0.75,,,
C&L 05a2020-23Cash_Annual,C&L 05a,2020-23,Cash_Annual,0.72421875,,,0.74,,,
C&L 05a2020-23Real_Annual,C&L 05a,2020-23,Real_Annual,0.72421875,,,0.74,,,
C&L 05a2021-24Cash_Annual,C&L 05a,2021-24,Cash_Annual,0.68846875,,,0.6984999999999999,,,
C&L 05a2021-24Real_Annual,C&L 05a,2021-24,Real_Annual,0.68846875,,,0.6984999999999999,,,
C&L 05b2010-14Cash_Annual,C&L 05b,2010-14,Cash_Annual,0.85096875,,,0.85,,,
C&L 05b2010-14Real_Annual,C&L 05b,2010-14,Real_Annual,0.85096875,,,0.85,,,
C&L 05b2012-15Cash_Annual,C&L 05b,2012-15,Cash_Annual,0.8625625,,,0.86,,,
C&L 05b2012-15Real_Annual,C&L 05b,2012-15,Real_Annual,0.8625625,,,0.86,,,
C&L 05b2013-16Cash_Annual,C&L 05b,2013-16,Cash_Annual,0.861375,,,0.875,,,
C&L 05b2013-16Real_Annual,C&L 05b,2013-16,Real_Annual,0.861375,,,0.875,,,
C&L 05b2014-17Cash_Annual,C&L 05b,2014-17,Cash_Annual,0.86171875,,,0.8734999999999999,,,
C&L 05b2014-17Real_Annual,C&L 05b,2014-17,Real_Annual,0.86171875,,,0.8734999999999999,,,
C&L 05b2015-18Cash_Annual,C&L 05b,2015-18,Cash_Annual,0.851875,,,0.8734999999999999,,,
C&L 05b2015-18Real_Annual,C&L 05b,2015-18,Real_Annual,0.851875,,,0.8734999999999999,,,
C&L 05b2016-19Cash_Annual,C&L 05b,2016-19,Cash_Annual,0.83525,,,0.8525,,,
C&L 05b2016-19Real_Annual,C&L 05b,2016-19,Real_Annual,0.83525,,,0.8525,,,
C&L 05b2017-20Cash_Annual,C&L 05b,2017-20,Cash_Annual,0.82040625,,,0.8394999999999999,,,
C&L 05b2017-20Real_Annual,C&L 05b,2017-20,Real_Annual,0.82040625,,,0.8394999999999999,,,
C&L 05b2018-21Cash_Annual,C&L 05b,2018-21,Cash_Annual,0.844625,,,0.8634999999999999,,,
C&L 05b2018-21Real_Annual,C&L 05b,2018-21,Real_Annual,0.844625,,,0.8634999999999999,,,
C&L 05b2019-22Cash_Annual,C&L 05b,2019-22,Cash_Annual,0.87015625,,,0.875,,,
C&L 05b2019-22Real_Annual,C&L 05b,2019-22,Real_Annual,0.87015625,,,0.875,,,
C&L 05b2020-23Cash_Annual,C&L 05b,2020-23,Cash_Annual,0.87365625,,,0.8714999999999999,,,
C&L 05b2020-23Real_Annual,C&L 05b,2020-23,Real_Annual,0.87365625,,,0.8714999999999999,,,
C&L 05b2021-24Cash_Annual,C&L 05b,2021-24,Cash_Annual,0.8518125,,,0.853,,,
C&L 05b2021-24Real_Annual,C&L 05b,2021-24,Real_Annual,0.8518125,,,0.853,,,
C&L 05c2010-14Cash_Annual,C&L 05c,2010-14,Cash_Annual,0.72965625,,,0.7415,,,
C&L 05c2010-14Real_Annual,C&L 05c,2010-14,Real_Annual,0.72965625,,,0.7415,,,
C&L 05c2012-15Cash_Annual,C&L 05c,2012-15,Cash_Annual,0.7383125,,,0.74,,,
C&L 05c2012-15Real_Annual,C&L 05c,2012-15,Real_Annual,0.7383125,,,0.74,,,
C&L 05c2013-16Cash_Annual,C&L 05c,2013-16,Cash_Annual,0.7175625,,,0.708,,,
C&L 05c2013-16Real_Annual,C&L 05c,2013-16,Real_Annual,0.7175625,,,0.708,,,
C&L 05c2014-17Cash_Annual,C&L 05c,2014-17,Cash_Annual,0.6959375,,,0.6915,,,
C&L 05c2014-17Real_Annual,C&L 05c,2014-17,Real_Annual,0.6959375,,,0.6915,,,
C&L 05c2015-18Cash_Annual,C&L 05c,2015-18,Cash_Annual,0.66965625,,,0.6785000000000001,,,
C&L 05c2015-18Real_Annual,C&L 05c,2015-18,Real_Annual,0.66965625,,,0.6785000000000001,,,
C&L 05c2016-19Cash_Annual,C&L 05c,2016-19,Cash_Annual,0.65378125,,,0.6585000000000001,,,
C&L 05c2016-19Real_Annual,C&L 05c,2016-19,Real_Annual,0.65378125,,,0.6585000000000001,,,
C&L 05c2017-20Cash_Annual,C&L 05c,2017-20,Cash_Annual,0.6471875,,,0.638,,,
C&L 05c2017-20Real_Annual,C&L 05c,2017-20,Real_Annual,0.6471875,,,0.638,,,
C&L 05c2018-21Cash_Annual,C&L 05c,2018-21,Cash_Annual,0.664875,,,0.644,,,
C&L 05c2018-21Real_Annual,C&L 05c,2018-21,Real_Annual,0.664875,,,0.644,,,
C&L 05c2019-22Cash_Annual,C&L 05c,2019-22,Cash_Annual,0.68796875,,,0.665,,,
C&L 05c2019-22Real_Annual,C&L 05c,2019-22,Real_Annual,0.68796875,,,0.665,,,
C&L 05c2020-23Cash_Annual,C&L 05c,2020-23,Cash_Annual,0.678875,,,0.6799999999999999,,,
C&L 05c2020-23Real_Annual,C&L 05c,2020-23,Real_Annual,0.678875,,,0.6799999999999999,,,
C&L 05c2021-24Cash_Annual,C&L 05c,2021-24,Cash_Annual,0.6650625,,,0.675,,,
C&L 05c2021-24Real_Annual,C&L 05c,2021-24,Real_Annual,0.6650625,,,0.675,,,
C&L 05d2010-14Cash_Annual,C&L 05d,2010-14,Cash_Annual,0.78178125,,,0.79,,,
C&L 05d2010-14Real_Annual,C&L 05d,2010-14,Real_Annual,0.78178125,,,0.79,,,
C&L 05d2012-15Cash_Annual,C&L 05d,2012-15,Cash_Annual,0.7878125,,,0.79,,,
C&L 05d2012-15Real_Annual,C&L 05d,2012-15,Real_Annual,0.7878125,,,0.79,,,
C&L 05d2013-16Cash_Annual,C&L 05d,2013-16,Cash_Annual,0.77115625,,,0.7615000000000001,,,
C&L 05d2013-16Real_Annual,C&L 05d,2013-16,Real_Annual,0.77115625,,,0.7615000000000001,,,
C&L 05d2014-17Cash_Annual,C&L 05d,2014-17,Cash_Annual,0.75746875,,,0.7615000000000001,,,
C&L 05d2014-17Real_Annual,C&L 05d,2014-17,Real_Annual,0.75746875,,,0.7615000000000001,,,
C&L 05d2015-18Cash_Annual,C&L 05d,2015-18,Cash_Annual,0.7404375,,,0.74,,,
C&L 05d2015-18Real_Annual,C&L 05d,2015-18,Real_Annual,0.7404375,,,0.74,,,
C&L 05d2016-19Cash_Annual,C&L 05d,2016-19,Cash_Annual,0.720625,,,0.722,,,
C&L 05d2016-19Real_Annual,C&L 05d,2016-19,Real_Annual,0.720625,,,0.722,,,
C&L 05d2017-20Cash_Annual,C&L 05d,2017-20,Cash_Annual,0.7046250000000001,,,0.7135,,,
C&L 05d2017-20Real_Annual,C&L 05d,2017-20,Real_Annual,0.7046250000000001,,,0.7135,,,
C&L 05d2018-21Cash_Annual,C&L 05d,2018-21,Cash_Annual,0.71965625,,,0.7295,,,
C&L 05d2018-21Real_Annual,C&L 05d,2018-21,Real_Annual,0.71965625,,,0.7295,,,
C&L 05d2019-22Cash_Annual,C&L 05d,2019-22,Cash_Annual,0.72940625,,,0.737,,,
C&L 05d2019-22Real_Annual,C&L 05d,2019-22,Real_Annual,0.72940625,,,0.737,,,
C&L 05d2020-23Cash_Annual,C&L 05d,2020-23,Cash_Annual,0.717375,,,0.715,,,
C&L 05d2020-23Real_Annual,C&L 05d,2020-23,Real_Annual,0.717375,,,0.715,,,
C&L 05d2021-24Cash_Annual,C&L 05d,2021-24,Cash_Annual,0.67878125,,,0.6715,,,
C&L 05d2021-24Real_Annual,C&L 05d,2021-24,Real_Annual,0.67878125,,,0.6715,,,
CHN 012010-11Cash_Annual,CHN 01,2010-11,Cash_Annual,5144.813125,55122921.834375,11402.0,4750.200000000001,40326500.0,8618.0,4834.495863390195
CHN 012010-11Real_Annual,CHN 01,2010-11,Real_Annual,7189.435875,77029563.91250001,11402.0,6637.99785,56352831.199999996,8618.0,6755.794063541484
CHN 012011-12Cash_Annual,CHN 01,2011-12,Cash_Annual,5091.5659375000005,54568275.86875,11436.5625,4765.66,39196000.0,8606.5,4771.387894636172
CHN 012011-12Real_Annual,CHN 01,2011-12,Real_Annual,6991.417646875,74929719.440625,11436.5625,6543.90415,53821478.45,8606.5,6551.7693310927125
CHN 012012-13Cash_Annual,CHN 01,2012-13,Cash_Annual,5049.4234375,54773371.55625,11569.3125,4683.025,39469000.0,8621.5,4734.367021052461
CHN 012012-13Real_Annual,CHN 01,2012-13,Real_Annual,6807.8803,73848145.559375,11569.3125,6313.8839499999995,53214041.3,8621.5,6383.1057860503815
CHN 012013-14Cash_Annual,CHN 01,2013-14,Cash_Annual,5044.9712500000005,55551781.43125,11778.78125,4700.02,39563000.0,8692.5,4716.258860079433
CHN 012013-14Real_Annual,CHN 01,2013-14,Real_Annual,6674.271709375,73492526.50625,11778.78125,6217.9166000000005,52340082.55,8692.5,6239.399895999426
CHN 012014-15Cash_Annual,CHN 01,2014-15,Cash_Annual,4956.4128125,55851094.96875,12023.46875,4654.885,40651500.0,8795.0,4645.173213324982
CHN 012014-15Real_Annual,CHN 01,2014-15,Real_Annual,6477.957978125,72996552.184375,12023.46875,6083.86565,53130907.150000006,8795.0,6071.172446335422
CHN 012015-16Cash_Annual,CHN 01,2015-16,Cash_Annual,4996.151875,57506796.225,12208.96875,4747.76,42277500.0,8898.5,4710.209142356925
CHN 012015-16Real_Annual,CHN 01,2015-16,Real_Annual,6483.354765625,74624825.453125,12208.96875,6161.024149999999,54862229.599999994,8898.5,6112.295557569103
CHN 012016-17Cash_Annual,CHN 01,2016-17,Cash_Annual,5144.1265625,59506039.33125,12382.40625,4883.27,44929000.0,8974.0,4805.692700580713
CHN 012016-17Real_Annual,CHN 01,2016-17,Real_Annual,6527.943775,75513709.59375,12382.40625,6196.91445,57015313.0,8974.0,6098.468106209163
CHN 012017-18Cash_Annual,CHN 01,2017-18,Cash_Annual,5315.8496875,62336976.665625,12495.3125,5079.995,45828500.0,9131.5,4988.828944104039
CHN 012017-18Real_Annual,CHN 01,2017-18,Real_Annual,6641.380384375,77880978.38125,12495.3125,6346.71425,57256039.8,9131.5,6232.815576341128
CHN 012018-19Cash_Annual,CHN 01,2018-19,Cash_Annual,5534.08,65426718.75,12494.21875,5269.82,47961500.0,9231.0,5236.559408726536
CHN 012018-19Real_Annual,CHN 01,2018-19,Real_Annual,6737.3794625,79652739.259375,12494.21875,6415.6602,58389980.8,9231.0,6375.167655790804
CHN 012019-20Cash_Annual,CHN 01,2019-20,Cash_Annual,5925.3065625,69905145.034375,12447.9375,5567.924999999999,50221500.0,9252.5,5615.801415646166
CHN 012019-20Real_Annual,CHN 01,2019-20,Real_Annual,7046.539096875,83133139.525,12447.9375,6621.53105,59724802.3,9252.5,6678.466976959035
CHN 012020-21Cash_Annual,CHN 01,2020-21,Cash_Annual,6262.6496875,72831468.75,12296.78125,5985.5599999999995,53282500.0,9243.5,5922.807543640739
CHN 012020-21Real_Annual,CHN 01,2020-21,Real_Annual,7278.275603125,84642687.728125,12296.78125,6956.24975,61923425.2,9243.5,6883.320602952501
CHN 012021-22Cash_Annual,CHN 01,2021-22,Cash_Annual,6705.1146875,77288375.0,12182.90625,6372.1849999999995,57177500.0,9226.0,6344.001456959418
CHN 012021-22Real_Annual,CHN 01,2021-22,Real_Annual,7406.1139,85368637.94375001,12182.90625,7038.37745,63155232.55,9226.0,7007.247383500961
CHN 012022-23Cash_Annual,CHN 01,2022-23,Cash_Annual,7280.31,83141625.0,12139.3125,6907.25,60866500.0,9250.5,6848.956643961509
CHN 012022-23Real_Annual,CHN 01,2022-23,Real_Annual,7684.49240625,87757414.96875,12139.3125,7290.721149999999,64245637.45,9250.5,7229.191518774231
CHN 012023-24Cash_Annual,CHN 01,2023-24,Cash_Annual,7728.1078125,86464343.75,12008.21875,7236.62,63671000.0,9107.5,7200.430434363964
CHN 012023-24Real_Annual,CHN 01,2023-24,Real_Annual,7728.1078125,86464343.75,12008.21875,7236.62,63671000.0,9107.5,7200.430434363964
CHN 022010-11Cash_Annual,CHN 02,2010-11,Cash_Annual,6735.1809375,59937859.334375,9388.3125,6488.635,49706500.0,7612.5,6384.305947887334
CHN 022010-11Real_Annual,CHN 02,2010-11,Real_Annual,9411.838734375,83758026.834375,9388.3125,9067.3119,69460578.15,7612.5,8921.520969223702
CHN 022011-12Cash_Annual,CHN 02,2011-12,Cash_Annual,6657.1878125,58283932.11875,9266.09375,6331.844999999999,48389000.0,7548.0,6290.021846449589
CHN 022011-12Real_Annual,CHN 02,2011-12,Real_Annual,9141.23100625,80031824.5625,9266.09375,8694.49075,66444727.0,7548.0,8637.061821493011
CHN 022012-13Cash_Annual,CHN 02,2012-13,Cash_Annual,6834.8240625,58602902.80625,9155.375,6459.25,49097000.0,7518.5,6400.928722881367
CHN 022012-13Real_Annual,CHN 02,2012-13,Real_Annual,9215.044978125,79011307.3875,9155.375,8708.677650000001,66194983.05,7518.5,8630.045998935053
CHN 022013-14Cash_Annual,CHN 02,2013-14,Cash_Annual,6947.03625,58703437.68125,9018.0625,6522.96,49683000.0,7442.5,6509.539901863621
CHN 022013-14Real_Annual,CHN 02,2013-14,Real_Annual,9190.61878125,77662027.0,9018.0625,8629.58485,65728390.699999996,7442.5,8611.830645440747
CHN 022014-15Cash_Annual,CHN 02,2014-15,Cash_Annual,6975.915,58298688.71875,8880.5625,6655.415,50194500.0,7326.0,6564.751806966056
CHN 022014-15Real_Annual,CHN 02,2014-15,Real_Annual,9117.417359375,76195520.9,8880.5625,8698.52865,65603466.55,7326.0,8580.033179204584
CHN 022015-16Cash_Annual,CHN 02,2015-16,Cash_Annual,7102.638125,58861983.725,8792.34375,6710.365,50001000.0,7343.5,6694.686354249969
CHN 022015-16Real_Annual,CHN 02,2015-16,Real_Annual,9216.878090625,76383411.171875,8792.34375,8707.83715,64884781.3,7343.5,8687.491452080112
CHN 022016-17Cash_Annual,CHN 02,2016-17,Cash_Annual,7260.6925,59712851.83125,8762.75,6854.895,51621500.0,7260.0,6814.396374568486
CHN 022016-17Real_Annual,CHN 02,2016-17,Real_Annual,9213.88536875,75776156.5375,8762.75,8698.92465,65508156.9,7260.0,8647.53148697612
CHN 022017-18Cash_Annual,CHN 02,2017-18,Cash_Annual,7341.5287499999995,60576164.165625,8793.90625,6912.860000000001,51360500.0,7312.0,6888.425057479433
CHN 022017-18Real_Annual,CHN 02,2017-18,Real_Annual,9172.171512500001,75681099.471875,8793.90625,8636.6123,64167468.55,7312.0,8606.084408947958
CHN 022018-19Cash_Annual,CHN 02,2018-19,Cash_Annual,7561.8921875,63998843.75,8923.90625,7097.37,53556500.0,7396.0,7171.617670232697
CHN 022018-19Real_Annual,CHN 02,2018-19,Real_Annual,9206.107815625,77914395.1,8923.90625,8640.5825,65201526.4,7396.0,8730.974185211773
CHN 022019-20Cash_Annual,CHN 02,2019-20,Cash_Annual,7889.9365625,68735181.81875,9108.46875,7457.395,56163500.0,7490.0,7546.293861825018
CHN 022019-20Real_Annual,CHN 02,2019-20,Real_Annual,9382.931634375,81741786.784375,9108.46875,8868.5412,66791193.65,7490.0,8974.262197954513
CHN 022020-21Cash_Annual,CHN 02,2020-21,Cash_Annual,8062.23875,72010062.5,9386.34375,7610.615,58126500.0,7770.0,7671.790466868422
CHN 022020-21Real_Annual,CHN 02,2020-21,Real_Annual,9369.707471875,83688072.44375001,9386.34375,8844.84305,67552986.0,7770.0,8915.939440610196
CHN 022021-22Cash_Annual,CHN 02,2021-22,Cash_Annual,8362.3071875,75770218.75,9569.59375,7891.0599999999995,61772000.0,7890.5,7917.809337517593
CHN 022021-22Real_Annual,CHN 02,2021-22,Real_Annual,9236.5608,83691763.109375,9569.59375,8716.0462,68230073.45,7890.5,8745.59205915873
CHN 022022-23Cash_Annual,CHN 02,2022-23,Cash_Annual,8978.3234375,82062156.25,9642.21875,8488.395,66740500.0,7936.5,8510.712977757325
CHN 022022-23Real_Annual,CHN 02,2022-23,Real_Annual,9476.774778125,86618017.140625,9642.21875,8959.6469,70445745.5,7936.5,8983.203906323428
CHN 022023-24Cash_Annual,CHN 02,2023-24,Cash_Annual,9556.1115625,87464843.75,9764.90625,8957.945,71400000.0,8058.5,8957.059239560032
CHN 022023-24Real_Annual,CHN 02,2023-24,Real_Annual,9556.1115625,87464843.75,9764.90625,8957.945,71400000.0,8058.5,8957.059239560032
CHN 032010-11Cash_Annual,CHN 03,2010-11,Cash_Annual,3482.4625,9618062.5,2876.5625,3312.4700000000003,7544500.0,2055.0,3343.5958718087995
CHN 032010-11Real_Annual,CHN 03,2010-11,Real_Annual,4866.443184375,13440418.890625,2876.5625,4628.8932,10542792.850000001,2055.0,4672.3889679522
CHN 032011-12Cash_Annual,CHN 03,2011-12,Cash_Annual,3118.878125,9138781.25,2964.6875,2953.705,6574000.0,2050.0,3082.544534626331
CHN 032011-12Real_Annual,CHN 03,2011-12,Real_Annual,4282.647,12548798.80625,2964.6875,4055.8417,9027002.75,2050.0,4232.756000843259
CHN 032012-13Cash_Annual,CHN 03,2012-13,Cash_Annual,3156.87375,9483656.25,3062.03125,2950.855,7174000.0,2244.0,3097.1781395111498
CHN 032012-13Real_Annual,CHN 03,2012-13,Real_Annual,4256.25199375,12786330.43125,3062.03125,3978.48745,9672338.600000001,2244.0,4175.767452161045
CHN 032013-14Cash_Annual,CHN 03,2013-14,Cash_Annual,3091.26875,9648156.25,3214.71875,2873.325,7343000.0,2220.0,3001.244276812707
CHN 032013-14Real_Annual,CHN 03,2013-14,Real_Annual,4089.6105281249997,12764079.9375,3214.71875,3801.2807000000003,9714461.15,2220.0,3970.5121754430306
CHN 032014-15Cash_Annual,CHN 03,2014-15,Cash_Annual,3428.488125,10474156.25,3170.71875,3270.9049999999997,8010500.0,2215.5,3303.401239860836
CHN 032014-15Real_Annual,CHN 03,2014-15,Real_Annual,4480.98309375,13689566.768749999,3170.71875,4275.0243,10469604.600000001,2215.5,4317.496393759301
CHN 032015-16Cash_Annual,CHN 03,2015-16,Cash_Annual,3971.880625,11674875.0,3039.4375,3882.76,8368500.0,2144.0,3841.130143324217
CHN 032015-16Real_Annual,CHN 03,2015-16,Real_Annual,5154.1890406249995,15150131.21875,3039.4375,5038.5399,10859548.649999999,2144.0,4984.518095453517
CHN 032016-17Cash_Annual,CHN 03,2016-17,Cash_Annual,4256.1140625,12726718.75,3030.03125,4086.65,9364000.0,2193.0,4200.193892389723
CHN 032016-17Real_Annual,CHN 03,2016-17,Real_Annual,5401.047778125,16150322.7875,3030.03125,5185.996349999999,11883001.850000001,2193.0,5330.084561834139
CHN 032017-18Cash_Annual,CHN 03,2017-18,Cash_Annual,4524.1225,13275875.0,2996.65625,4477.1,9688500.0,2172.5,4430.229526659923
CHN 032017-18Real_Annual,CHN 03,2017-18,Real_Annual,5652.232509375,16586273.34375,2996.65625,5593.48475,12104370.5,2172.5,5534.926918544628
CHN 032018-19Cash_Annual,CHN 03,2018-19,Cash_Annual,5171.1359375,15141156.25,3017.15625,4774.945,11296000.0,2204.5,5018.353374970222
CHN 032018-19Real_Annual,CHN 03,2018-19,Real_Annual,6295.518865625,18433364.740625,3017.15625,5813.1824,13752139.2,2204.5,6109.516118240479
CHN 032019-20Cash_Annual,CHN 03,2019-20,Cash_Annual,6842.700625,20327192.6125,3011.71875,6465.925,15306000.0,2157.0,6749.366159273671
CHN 032019-20Real_Annual,CHN 03,2019-20,Real_Annual,8137.529584375,24173661.875,3011.71875,7689.457549999999,18202320.2,2157.0,8026.53364461738
CHN 032020-21Cash_Annual,CHN 03,2020-21,Cash_Annual,9503.6271875,26117812.5,2816.4375,9565.970000000001,19579000.0,2067.0,9273.350642433927
CHN 032020-21Real_Annual,CHN 03,2020-21,Real_Annual,11044.848634375,30353388.246875,2816.4375,11117.3017,22754164.0,2067.0,10777.227702327851
CHN 032021-22Cash_Annual,CHN 03,2021-22,Cash_Annual,10603.3228125,29507156.25,2862.59375,10273.265,21078500.0,2112.0,10307.839262906236
CHN 032021-22Real_Annual,CHN 03,2021-22,Real_Annual,11711.86775,32592039.084375,2862.59375,11347.3034,23282192.650000002,2112.0,11385.492295012173
CHN 032022-23Cash_Annual,CHN 03,2022-23,Cash_Annual,11467.2321875,31841906.25,2894.21875,11282.869999999999,22950000.0,2134.5,11001.900340117692
CHN 032022-23Real_Annual,CHN 03,2022-23,Real_Annual,12103.86076875,33609679.63125,2894.21875,11909.263299999999,24224119.65,2134.5,11612.695008367975
CHN 032023-24Cash_Annual,CHN 03,2023-24,Cash_Annual,12052.6653125,33495062.5,2880.6875,11849.95,23426000.0,2148.5,11627.454383719165
CHN 032023-24Real_Annual,CHN 03,2023-24,Real_Annual,12052.6653125,33495062.5,2880.6875,11849.95,23426000.0,2148.5,11627.454383719165
CHN 042011-12Cash_Annual,CHN 04,2011-12,Cash_Annual,0.5765625,,,0.575,,,
CHN 042011-12Real_Annual,CHN 04,2011-12,Real_Annual,0.5765625,,,0.575,,,
CHN 042012-13Cash_Annual,CHN 04,2012-13,Cash_Annual,0.5821875,,,0.575,,,
CHN 042012-13Real_Annual,CHN 04,2012-13,Real_Annual,0.5821875,,,0.575,,,
CHN 042013-14Cash_Annual,CHN 04,2013-14,Cash_Annual,0.6018749999999999,,,0.59,,,
CHN 042013-14Real_Annual,CHN 04,2013-14,Real_Annual,0.6018749999999999,,,0.59,,,
CHN 042014-15Cash_Annual,CHN 04,2014-15,Cash_Annual,0.6096874999999999,,,0.6,,,
CHN 042014-15Real_Annual,CHN 04,2014-15,Real_Annual,0.6096874999999999,,,0.6,,,
CHN 042015-16Cash_Annual,CHN 04,2015-16,Cash_Annual,0.6228125,,,0.61,,,
CHN 042015-16Real_Annual,CHN 04,2015-16,Real_Annual,0.6228125,,,0.61,,,
CHN 042016-17Cash_Annual,CHN 04,2016-17,Cash_Annual,0.639375,,,0.625,,,
CHN 042016-17Real_Annual,CHN 04,2016-17,Real_Annual,0.639375,,,0.625,,,
CHN 042017-18Cash_Annual,CHN 04,2017-18,Cash_Annual,0.65125,,,0.635,,,
CHN 042017-18Real_Annual,CHN 04,2017-18,Real_Annual,0.65125,,,0.635,,,
CHN 042018-19Cash_Annual,CHN 04,2018-19,Cash_Annual,0.651875,,,0.64,,,
CHN 042018-19Real_Annual,CHN 04,2018-19,Real_Annual,0.651875,,,0.64,,,
CHN 042019-20Cash_Annual,CHN 04,2019-20,Cash_Annual,0.6809375,,,0.685,,,
CHN 042019-20Real_Annual,CHN 04,2019-20,Real_Annual,0.6809375,,,0.685,,,
CHN 042020-21Cash_Annual,CHN 04,2020-21,Cash_Annual,0.7109375,,,0.7,,,
CHN 042020-21Real_Annual,CHN 04,2020-21,Real_Annual,0.7109375,,,0.7,,,
CHN 042021-22Cash_Annual,CHN 04,2021-22,Cash_Annual,0.683125,,,0.67,,,
CHN 042021-22Real_Annual,CHN 04,2021-22,Real_Annual,0.683125,,,0.67,,,
CHN 042022-23Cash_Annual,CHN 04,2022-23,Cash_Annual,0.665,,,0.65,,,
CHN 042022-23Real_Annual,CHN 04,2022-23,Real_Annual,0.665,,,0.65,,,
CHN 052011-12Cash_Annual,CHN 05,2011-12,Cash_Annual,0.299375,,,0.295,,,
CHN 052011-12Real_Annual,CHN 05,2011-12,Real_Annual,0.299375,,,0.295,,,
CHN 052012-13Cash_Annual,CHN 05,2012-13,Cash_Annual,0.29812500000000003,,,0.29,,,
CHN 052012-13Real_Annual,CHN 05,2012-13,Real_Annual,0.29812500000000003,,,0.29,,,
CHN 052013-14Cash_Annual,CHN 05,2013-14,Cash_Annual,0.3253125,,,0.31,,,
CHN 052013-14Real_Annual,CHN 05,2013-14,Real_Annual,0.3253125,,,0.31,,,
CHN 052014-15Cash_Annual,CHN 05,2014-15,Cash_Annual,0.33125,,,0.315,,,
CHN 052014-15Real_Annual,CHN 05,2014-15,Real_Annual,0.33125,,,0.315,,,
CHN 052015-16Cash_Annual,CHN 05,2015-16,Cash_Annual,0.34625,,,0.34,,,
CHN 052015-16Real_Annual,CHN 05,2015-16,Real_Annual,0.34625,,,0.34,,,
CHN 052016-17Cash_Annual,CHN 05,2016-17,Cash_Annual,0.3575,,,0.335,,,
CHN 052016-17Real_Annual,CHN 05,2016-17,Real_Annual,0.3575,,,0.335,,,
CHN 052017-18Cash_Annual,CHN 05,2017-18,Cash_Annual,0.355625,,,0.34,,,
CHN 052017-18Real_Annual,CHN 05,2017-18,Real_Annual,0.355625,,,0.34,,,
CHN 052018-19Cash_Annual,CHN 05,2018-19,Cash_Annual,0.36125,,,0.34,,,
CHN 052018-19Real_Annual,CHN 05,2018-19,Real_Annual,0.36125,,,0.34,,,
CHN 052019-20Cash_Annual,CHN 05,2019-20,Cash_Annual,0.40125,,,0.385,,,
CHN 052019-20Real_Annual,CHN 05,2019-20,Real_Annual,0.40125,,,0.385,,,
CHN 052020-21Cash_Annual,CHN 05,2020-21,Cash_Annual,0.4184375,,,0.39,,,
CHN 052020-21Real_Annual,CHN 05,2020-21,Real_Annual,0.4184375,,,0.39,,,
CHN 052021-22Cash_Annual,CHN 05,2021-22,Cash_Annual,0.3834375,,,0.355,,,
CHN 052021-22Real_Annual,CHN 05,2021-22,Real_Annual,0.3834375,,,0.355,,,
CHN 052022-23Cash_Annual,CHN 05,2022-23,Cash_Annual,0.3725,,,0.35,,,
CHN 052022-23Real_Annual,CHN 05,2022-23,Real_Annual,0.3725,,,0.35,,,
CHN 062011-12Cash_Annual,CHN 06,2011-12,Cash_Annual,0.3335714285714286,,,0.345,,,
CHN 062011-12Real_Annual,CHN 06,2011-12,Real_Annual,0.3335714285714286,,,0.345,,,
CHN 062012-13Cash_Annual,CHN 06,2012-13,Cash_Annual,0.34214285714285714,,,0.34,,,
CHN 062012-13Real_Annual,CHN 06,2012-13,Real_Annual,0.34214285714285714,,,0.34,,,
CHN 062013-14Cash_Annual,CHN 06,2013-14,Cash_Annual,0.37214285714285716,,,0.37,,,
CHN 062013-14Real_Annual,CHN 06,2013-14,Real_Annual,0.37214285714285716,,,0.37,,,
CHN 062014-15Cash_Annual,CHN 06,2014-15,Cash_Annual,0.3828571428571429,,,0.39,,,
CHN 062014-15Real_Annual,CHN 06,2014-15,Real_Annual,0.3828571428571429,,,0.39,,,
CHN 062015-16Cash_Annual,CHN 06,2015-16,Cash_Annual,0.40714285714285714,,,0.4,,,
CHN 062015-16Real_Annual,CHN 06,2015-16,Real_Annual,0.40714285714285714,,,0.4,,,
CHN 062016-17Cash_Annual,CHN 06,2016-17,Cash_Annual,0.4017241379310345,,,0.43,,,
CHN 062016-17Real_Annual,CHN 06,2016-17,Real_Annual,0.4017241379310345,,,0.43,,,
CHN 062017-18Cash_Annual,CHN 06,2017-18,Cash_Annual,0.45285714285714285,,,0.46499999999999997,,,
CHN 062017-18Real_Annual,CHN 06,2017-18,Real_Annual,0.45285714285714285,,,0.46499999999999997,,,
CHN 062018-19Cash_Annual,CHN 06,2018-19,Cash_Annual,0.45,,,0.445,,,
CHN 062018-19Real_Annual,CHN 06,2018-19,Real_Annual,0.45,,,0.445,,,
CHN 062019-20Cash_Annual,CHN 06,2019-20,Cash_Annual,0.4864285714285715,,,0.475,,,
CHN 062019-20Real_Annual,CHN 06,2019-20,Real_Annual,0.4864285714285715,,,0.475,,,
CHN 062020-21Cash_Annual,CHN 06,2020-21,Cash_Annual,0.525,,,0.5,,,
CHN 062020-21Real_Annual,CHN 06,2020-21,Real_Annual,0.525,,,0.5,,,
CHN 062021-22Cash_Annual,CHN 06,2021-22,Cash_Annual,0.49392857142857144,,,0.47,,,
CHN 062021-22Real_Annual,CHN 06,2021-22,Real_Annual,0.49392857142857144,,,0.47,,,
CHN 062022-23Cash_Annual,CHN 06,2022-23,Cash_Annual,0.4757142857142857,,,0.475,,,
CHN 062022-23Real_Annual,CHN 06,2022-23,Real_Annual,0.4757142857142857,,,0.475,,,
CHN 072011-12Cash_Annual,CHN 07,2011-12,Cash_Annual,0.125,,,0.12,,,
CHN 072011-12Real_Annual,CHN 07,2011-12,Real_Annual,0.125,,,0.12,,,
CHN 072012-13Cash_Annual,CHN 07,2012-13,Cash_Annual,0.11923076923076924,,,0.12,,,
CHN 072012-13Real_Annual,CHN 07,2012-13,Real_Annual,0.11923076923076924,,,0.12,,,
CHN 072013-14Cash_Annual,CHN 07,2013-14,Cash_Annual,0.1503846153846154,,,0.14,,,
CHN 072013-14Real_Annual,CHN 07,2013-14,Real_Annual,0.1503846153846154,,,0.14,,,
CHN 072014-15Cash_Annual,CHN 07,2014-15,Cash_Annual,0.1362962962962963,,,0.14,,,
CHN 072014-15Real_Annual,CHN 07,2014-15,Real_Annual,0.1362962962962963,,,0.14,,,
CHN 072015-16Cash_Annual,CHN 07,2015-16,Cash_Annual,0.16107142857142856,,,0.155,,,
CHN 072015-16Real_Annual,CHN 07,2015-16,Real_Annual,0.16107142857142856,,,0.155,,,
CHN 072016-17Cash_Annual,CHN 07,2016-17,Cash_Annual,0.15233333333333335,,,0.14,,,
CHN 072016-17Real_Annual,CHN 07,2016-17,Real_Annual,0.15233333333333335,,,0.14,,,
CHN 072017-18Cash_Annual,CHN 07,2017-18,Cash_Annual,0.18333333333333335,,,0.18,,,
CHN 072017-18Real_Annual,CHN 07,2017-18,Real_Annual,0.18333333333333335,,,0.18,,,
CHN 072018-19Cash_Annual,CHN 07,2018-19,Cash_Annual,0.18307692307692308,,,0.17,,,
CHN 072018-19Real_Annual,CHN 07,2018-19,Real_Annual,0.18307692307692308,,,0.17,,,
CHN 072019-20Cash_Annual,CHN 07,2019-20,Cash_Annual,0.21642857142857144,,,0.195,,,
CHN 072019-20Real_Annual,CHN 07,2019-20,Real_Annual,0.21642857142857144,,,0.195,,,
CHN 072020-21Cash_Annual,CHN 07,2020-21,Cash_Annual,0.22172413793103446,,,0.22,,,
CHN 072020-21Real_Annual,CHN 07,2020-21,Real_Annual,0.22172413793103446,,,0.22,,,
CHN 072021-22Cash_Annual,CHN 07,2021-22,Cash_Annual,0.21137931034482757,,,0.19,,,
CHN 072021-22Real_Annual,CHN 07,2021-22,Real_Annual,0.21137931034482757,,,0.19,,,
CHN 072022-23Cash_Annual,CHN 07,2022-23,Cash_Annual,0.20517241379310344,,,0.21,,,
CHN 072022-23Real_Annual,CHN 07,2022-23,Real_Annual,0.20517241379310344,,,0.21,,,
CHN 08a2010-11Cash_Annual,CHN 08a,2010-11,Cash_Annual,3104.119109375,128316.70672563656,45.65625,2776.4423,96278.84614999499,34.5,2810.495972087864
CHN 08a2010-11Real_Annual,CHN 08a,2010-11,Real_Annual,4337.7407,179311.61183176984,45.65625,3879.8404,134541.44518692605,34.5,3927.427500764295
CHN 08a2011-12Cash_Annual,CHN 08a,2011-12,Cash_Annual,3137.955834375,134980.76922537,44.78125,2883.69825,95124.999996195,33.5,3014.225132736804
CHN 08a2011-12Real_Annual,CHN 08a,2011-12,Real_Annual,4308.843296875,185347.09055748995,44.78125,3959.7128000000002,130619.6576870829,33.5,4138.944101772281
CHN 08a2012-13Cash_Annual,CHN 08a,2012-13,Cash_Annual,2984.260925,134237.3798023228,45.8125,2845.9748,95115.38461158,33.5,2930.1474445254635
CHN 08a2012-13Real_Annual,CHN 08a,2012-13,Real_Annual,4023.5269281250003,180985.41826199135,45.8125,3837.0828,128239.22595640889,33.5,3950.5684750230034
CHN 08a2013-14Cash_Annual,CHN 08a,2013-14,Cash_Annual,3302.110225,142328.72595584532,45.84375,2977.2574999999997,103480.76922663,32.0,3104.6484189414114
CHN 08a2013-14Real_Annual,CHN 08a,2013-14,Real_Annual,4368.5443875,188294.5496318913,45.84375,3938.77875,136900.437494524,32.0,4107.311239414125
CHN 08a2014-15Cash_Annual,CHN 08a,2014-15,Cash_Annual,3417.43296875,151512.6201862472,47.78125,3116.5501,107490.384611085,32.5,3170.9639280313345
CHN 08a2014-15Real_Annual,CHN 08a,2014-15,Real_Annual,4466.5341625,198024.74602573286,47.78125,4073.2847,140488.33749438048,32.5,4144.402794521551
CHN 08a2015-16Cash_Annual,CHN 08a,2015-16,Cash_Annual,3707.056384375,157201.32210909657,46.15625,3130.50885,107211.53845724999,36.0,3405.8512576107582
CHN 08a2015-16Real_Annual,CHN 08a,2015-16,Real_Annual,4810.534628125,203995.38821299403,46.15625,4062.3664,139125.16153289654,36.0,4419.669886808266
CHN 08a2016-17Cash_Annual,CHN 08a,2016-17,Cash_Annual,3437.741271875,159703.72595515032,47.15625,3096.22675,99038.4615345,35.0,3386.692664390199
CHN 08a2016-17Real_Annual,CHN 08a,2016-17,Real_Annual,4362.5252,202665.49278035492,47.15625,3929.14015,125680.71537958816,35.0,4297.744048357427
CHN 08a2017-18Cash_Annual,CHN 08a,2017-18,Cash_Annual,3620.879534375,165434.49518569032,47.25,3530.48145,103163.461534335,35.0,3501.2591573691075
CHN 08a2017-18Real_Annual,CHN 08a,2017-18,Real_Annual,4523.761909375,206686.32066480946,47.25,4410.82265,128887.72787945988,35.0,4374.313664863693
CHN 08a2018-19Cash_Annual,CHN 08a,2018-19,Cash_Annual,4259.7446625,173341.3461469125,45.25,4054.2200999999995,119596.15384137,37.0,3830.747981147237
CHN 08a2018-19Real_Annual,CHN 08a,2018-19,Real_Annual,5185.959775,211031.7208449241,45.25,4935.74705,145600.4740326375,37.0,4663.684438561859
CHN 08a2019-20Cash_Annual,CHN 08a,2019-20,Cash_Annual,4075.921203125,172540.2644161753,44.875,3817.12215,134451.923071545,35.0,3844.9083992462465
CHN 08a2019-20Real_Annual,CHN 08a,2019-20,Real_Annual,4847.19868125,205189.67342929242,44.875,4539.4276,159893.95960898884,35.0,4572.471831293425
CHN 08a2020-21Cash_Annual,CHN 08a,2020-21,Cash_Annual,4443.306778125,176016.22595449782,39.59375,4312.544449999999,138586.538455995,29.0,4445.555825212257
CHN 08a2020-21Real_Annual,CHN 08a,2020-21,Real_Annual,5163.88635,204561.11495575987,39.59375,5011.91805,161061.3836474037,29.0,5166.500140950526
CHN 08a2021-22Cash_Annual,CHN 08a,2021-22,Cash_Annual,4935.19590625,188671.87499245311,39.4375,4527.64825,142384.61537892,34.5,4784.0728999671155
CHN 08a2021-22Real_Annual,CHN 08a,2021-22,Real_Annual,5451.155515625,208396.94175849104,39.4375,5001.0,157270.49037832455,34.5,5284.233071530676
CHN 08a2022-23Cash_Annual,CHN 08a,2022-23,Cash_Annual,4826.328559375,198183.89422284186,41.25,4605.67205,162490.38460888498,40.0,4804.4580417658635
CHN 08a2022-23Real_Annual,CHN 08a,2022-23,Real_Annual,5094.2727968750005,209186.50840509406,41.25,4861.366,171511.39518544724,40.0,5071.188082547735
CHN 08b2010-11Cash_Annual,CHN 08b,2010-11,Cash_Annual,218.860103125,94512.01922698875,461.5625,211.18,68413.461535725,328.0,204.76537679510088
CHN 08b2010-11Real_Annual,CHN 08b,2010-11,Real_Annual,305.83825,132072.45528317863,461.5625,295.106,95601.95480386823,328.0,286.14208321338634
CHN 08b2011-12Cash_Annual,CHN 08b,2011-12,Cash_Annual,227.512140625,102416.98497186486,462.96875,219.88305,68115.38461266,329.5,221.21792231519916
CHN 08b2011-12Real_Annual,CHN 08b,2011-12,Real_Annual,312.40535,140632.55305927855,462.96875,301.9296,93531.7557654895,329.5,303.76251757657195
CHN 08b2012-13Cash_Annual,CHN 08b,2012-13,Cash_Annual,245.469359375,113724.75961083562,455.1875,236.31709999999998,71605.769227905,312.5,249.84156992631745
CHN 08b2012-13Real_Annual,CHN 08b,2012-13,Real_Annual,330.953825,153329.2978304053,455.1875,318.61429999999996,96542.40961152292,312.5,336.848656499586
CHN 08b2013-14Cash_Annual,CHN 08b,2013-14,Cash_Annual,252.119759375,116731.37018763844,441.65625,240.74635,73153.84615092,307.0,264.30367551152835
CHN 08b2013-14Real_Annual,CHN 08b,2013-14,Real_Annual,333.543175,154430.3907390151,441.65625,318.49665000000005,96779.27211151345,307.0,349.66196162516684
CHN 08b2014-15Cash_Annual,CHN 08b,2014-15,Cash_Annual,264.786596875,120670.67307209625,433.46875,258.40595,74596.15384317,304.0,278.3837890784428
CHN 08b2014-15Real_Annual,CHN 08b,2014-15,Real_Annual,346.07214375,157714.7788999414,433.46875,337.73275,97496.06538071555,304.0,363.84348098897874
CHN 08b2015-16Cash_Annual,CHN 08b,2015-16,Cash_Annual,288.8899125,126103.96634110968,432.5,276.0349,77749.99999689,325.5,291.56986437250794
CHN 08b2015-16Real_Annual,CHN 08b,2015-16,Real_Annual,374.883690625,163641.2927819159,432.5,358.20214999999996,100893.81730365656,325.5,378.3613705940252
CHN 08b2016-17Cash_Annual,CHN 08b,2016-17,Cash_Annual,294.578053125,132307.09134086157,418.375,304.21360000000004,78490.384612245,330.5,316.24043344095986
CHN 08b2016-17Real_Annual,CHN 08b,2016-17,Real_Annual,373.82225,167898.91219280328,418.375,386.0498,99605.01826524656,330.5,401.31201002163914
CHN 08b2017-18Cash_Annual,CHN 08b,2017-18,Cash_Annual,321.70153125,135466.94710996593,407.5625,317.3551,85240.384611975,313.0,332.383247011111
CHN 08b2017-18Real_Annual,CHN 08b,2017-18,Real_Annual,401.919246875,169246.23154371092,407.5625,396.48900000000003,106495.45288035557,313.0,415.264484695503
CHN 08b2018-19Cash_Annual,CHN 08b,2018-19,Cash_Annual,336.20440625,137391.82691758126,400.4375,324.9806,91961.53845786,296.5,343.10429696914315
CHN 08b2018-19Real_Annual,CHN 08b,2018-19,Real_Annual,409.306815625,167265.5387553286,400.4375,395.64250000000004,111957.14230321403,296.5,417.70697987907874
CHN 08b2019-20Cash_Annual,CHN 08b,2019-20,Cash_Annual,342.66913125,141621.39422510436,406.9375,322.395,97451.923073025,287.5,348.0175560745922
CHN 08b2019-20Real_Annual,CHN 08b,2019-20,Real_Annual,407.5116375,168420.0945245132,406.9375,383.40105,115892.53268767199,287.5,413.8721413595778
CHN 08b2020-21Cash_Annual,CHN 08b,2020-21,Cash_Annual,378.604675,142948.31730197437,372.90625,361.78430000000003,100182.692303685,281.5,383.3358043797184
CHN 08b2020-21Real_Annual,CHN 08b,2020-21,Real_Annual,440.0037125,166130.520005374,372.90625,420.4556,116429.51153380435,281.5,445.5021067771699
CHN 08b2021-22Cash_Annual,CHN 08b,2021-22,Cash_Annual,407.753421875,142295.67307123126,349.53125,408.94780000000003,97163.461534575,270.0,407.10429488416634
CHN 08b2021-22Real_Annual,CHN 08b,2021-22,Real_Annual,450.382775,157172.24993361696,349.53125,451.702,107321.60384186098,270.0,449.66580222402706
CHN 08b2022-23Cash_Annual,CHN 08b,2022-23,Cash_Annual,426.971353125,143659.85576348437,340.1875,424.92575,105355.769226555,261.0,422.29610365896565
CHN 08b2022-23Real_Annual,CHN 08b,2022-23,Real_Annual,450.675603125,151635.44819104997,340.1875,448.51644999999996,111204.82595709027,261.0,445.74079938577984
CHN 092010-11Cash_Annual,CHN 09,2010-11,Cash_Annual,0.8919722899375,,,0.896728958,,,
CHN 092010-11Real_Annual,CHN 09,2010-11,Real_Annual,0.8919722899198661,,,0.8967289579007556,,,
CHN 092011-12Cash_Annual,CHN 09,2011-12,Cash_Annual,0.8940365981875,,,0.8990995180000001,,,
CHN 092011-12Real_Annual,CHN 09,2011-12,Real_Annual,0.8940365982562856,,,0.899099518440621,,,
CHN 092012-13Cash_Annual,CHN 09,2012-13,Cash_Annual,0.890019940625,,,0.9023064685,,,
CHN 092012-13Real_Annual,CHN 09,2012-13,Real_Annual,0.8900199407030326,,,0.902306468716861,,,
CHN 092013-14Cash_Annual,CHN 09,2013-14,Cash_Annual,0.88389015953125,,,0.897886733,,,
CHN 092013-14Real_Annual,CHN 09,2013-14,Real_Annual,0.8838901594951549,,,0.8978867333817855,,,
CHN 092014-15Cash_Annual,CHN 09,2014-15,Cash_Annual,0.880286408875,,,0.8909510465,,,
CHN 092014-15Real_Annual,CHN 09,2014-15,Real_Annual,0.8802864088670145,,,0.8909510461791105,,,
CHN 092015-16Cash_Annual,CHN 09,2015-16,Cash_Annual,0.88781981390625,,,0.8989244540000001,,,
CHN 092015-16Real_Annual,CHN 09,2015-16,Real_Annual,0.8878198138797131,,,0.8989244540975665,,,
CHN 092016-17Cash_Annual,CHN 09,2016-17,Cash_Annual,0.88603457515625,,,0.888027501,,,
CHN 092016-17Real_Annual,CHN 09,2016-17,Real_Annual,0.8860345752023349,,,0.888027501185396,,,
CHN 092017-18Cash_Annual,CHN 09,2017-18,Cash_Annual,0.88070340478125,,,0.8866953315,,,
CHN 092017-18Real_Annual,CHN 09,2017-18,Real_Annual,0.8807034047704954,,,0.8866953317350781,,,
CHN 092018-19Cash_Annual,CHN 09,2018-19,Cash_Annual,0.88514651715625,,,0.8980458545000001,,,
CHN 092018-19Real_Annual,CHN 09,2018-19,Real_Annual,0.8851465171104712,,,0.898045854122119,,,
CHN 092019-20Cash_Annual,CHN 09,2019-20,Cash_Annual,0.88787600646875,,,0.899945593,,,
CHN 092019-20Real_Annual,CHN 09,2019-20,Real_Annual,0.8878760065054109,,,0.8999455930359085,,,
CHN 092020-21Cash_Annual,CHN 09,2020-21,Cash_Annual,0.881976303875,,,0.8942901025000001,,,
CHN 092020-21Real_Annual,CHN 09,2020-21,Real_Annual,0.8819763038813591,,,0.894290102785294,,,
CHN 092021-22Cash_Annual,CHN 09,2021-22,Cash_Annual,0.87686034384375,,,0.8898179545,,,
CHN 092021-22Real_Annual,CHN 09,2021-22,Real_Annual,0.8768603439148736,,,0.889817954814226,,,
CHN 092022-23Cash_Annual,CHN 09,2022-23,Cash_Annual,0.866022845625,,,0.878117577,,,
CHN 092022-23Real_Annual,CHN 09,2022-23,Real_Annual,0.8660228456470557,,,0.8781175771971494,,,
CHN 102010-14Cash_Annual,CHN 10,2010-14,Cash_Annual,0.83955208334375,,,0.8401666670000001,,,
CHN 102010-14Real_Annual,CHN 10,2010-14,Real_Annual,0.8395520833333334,,,0.840166666666667,,,
CHN 102012-15Cash_Annual,CHN 10,2012-15,Cash_Annual,0.829375,,,0.8416666665,,,
CHN 102012-15Real_Annual,CHN 10,2012-15,Real_Annual,0.829375,,,0.8416666666666666,,,
CHN 102013-16Cash_Annual,CHN 10,2013-16,Cash_Annual,0.8053125,,,0.8183333335,,,
CHN 102013-16Real_Annual,CHN 10,2013-16,Real_Annual,0.8053125,,,0.8183333333333335,,,
CHN 102014-17Cash_Annual,CHN 10,2014-17,Cash_Annual,0.7876041666875,,,0.7983333335,,,
CHN 102014-17Real_Annual,CHN 10,2014-17,Real_Annual,0.7876041666666667,,,0.7983333333333336,,,
CHN 102015-18Cash_Annual,CHN 10,2015-18,Cash_Annual,0.7569791666875,,,0.7716666665,,,
CHN 102015-18Real_Annual,CHN 10,2015-18,Real_Annual,0.7569791666666666,,,0.7716666666666665,,,
CHN 102016-19Cash_Annual,CHN 10,2016-19,Cash_Annual,0.7473958333125,,,0.7566666665,,,
CHN 102016-19Real_Annual,CHN 10,2016-19,Real_Annual,0.7473958333333333,,,0.7566666666666665,,,
CHN 102017-20Cash_Annual,CHN 10,2017-20,Cash_Annual,0.7373958334375,,,0.7448333334999999,,,
CHN 102017-20Real_Annual,CHN 10,2017-20,Real_Annual,0.7373958333333335,,,0.7448333333333335,,,
CHN 102018-21Cash_Annual,CHN 10,2018-21,Cash_Annual,0.762395833375,,,0.768666667,,,
CHN 102018-21Real_Annual,CHN 10,2018-21,Real_Annual,0.7623958333333334,,,0.768666666666667,,,
CHN 102019-22Cash_Annual,CHN 10,2019-22,Cash_Annual,0.76697916665625,,,0.766666667,,,
CHN 102019-22Real_Annual,CHN 10,2019-22,Real_Annual,0.7669791666666667,,,0.766666666666667,,,
CHN 102020-23Cash_Annual,CHN 10,2020-23,Cash_Annual,0.7572916666875,,,0.7649999999999999,,,
CHN 102020-23Real_Annual,CHN 10,2020-23,Real_Annual,0.7572916666666667,,,0.765,,,
CHN 102021-24Cash_Annual,CHN 10,2021-24,Cash_Annual,0.72791666671875,,,0.726666667,,,
CHN 102021-24Real_Annual,CHN 10,2021-24,Real_Annual,0.7279166666666668,,,0.726666666666667,,,
CHN 112011-12Cash_Annual,CHN 11,2011-12,Cash_Annual,0.90834375,,,0.9035,,,
CHN 112011-12Real_Annual,CHN 11,2011-12,Real_Annual,0.90834375,,,0.9035,,,
CHN 112012-13Cash_Annual,CHN 11,2012-13,Cash_Annual,0.9251875,,,0.9225000000000001,,,
CHN 112012-13Real_Annual,CHN 11,2012-13,Real_Annual,0.9251875,,,0.9225000000000001,,,
CHN 112013-14Cash_Annual,CHN 11,2013-14,Cash_Annual,0.930125,,,0.928,,,
CHN 112013-14Real_Annual,CHN 11,2013-14,Real_Annual,0.930125,,,0.928,,,
CHN 112014-15Cash_Annual,CHN 11,2014-15,Cash_Annual,0.9355625,,,0.936,,,
CHN 112014-15Real_Annual,CHN 11,2014-15,Real_Annual,0.9355625,,,0.936,,,
CHN 112015-16Cash_Annual,CHN 11,2015-16,Cash_Annual,0.9378124999999999,,,0.942,,,
CHN 112015-16Real_Annual,CHN 11,2015-16,Real_Annual,0.9378124999999999,,,0.942,,,
CHN 112016-17Cash_Annual,CHN 11,2016-17,Cash_Annual,0.94125,,,0.9424999999999999,,,
CHN 112016-17Real_Annual,CHN 11,2016-17,Real_Annual,0.94125,,,0.9424999999999999,,,
CHN 112017-18Cash_Annual,CHN 11,2017-18,Cash_Annual,0.9485625,,,0.9475,,,
CHN 112017-18Real_Annual,CHN 11,2017-18,Real_Annual,0.9485625,,,0.9475,,,
CHN 112018-19Cash_Annual,CHN 11,2018-19,Cash_Annual,0.9514374999999999,,,0.948,,,
CHN 112018-19Real_Annual,CHN 11,2018-19,Real_Annual,0.9514374999999999,,,0.948,,,
CHN 112019-20Cash_Annual,CHN 11,2019-20,Cash_Annual,0.93540625,,,0.9295,,,
CHN 112019-20Real_Annual,CHN 11,2019-20,Real_Annual,0.93540625,,,0.9295,,,
CHN 112020-21Cash_Annual,CHN 11,2020-21,Cash_Annual,0.9558749999999999,,,0.956,,,
CHN 112020-21Real_Annual,CHN 11,2020-21,Real_Annual,0.9558749999999999,,,0.956,,,
CHN 112021-22Cash_Annual,CHN 11,2021-22,Cash_Annual,0.95775,,,0.9595,,,
CHN 112021-22Real_Annual,CHN 11,2021-22,Real_Annual,0.95775,,,0.9595,,,
CHN 112022-23Cash_Annual,CHN 11,2022-23,Cash_Annual,0.95828125,,,0.9535,,,
CHN 112022-23Real_Annual,CHN 11,2022-23,Real_Annual,0.95828125,,,0.9535,,,
CHN 12a2011-12Cash_Annual,CHN 12a,2011-12,Cash_Annual,790.7596875,,,778.29,,,
CHN 12a2011-12Real_Annual,CHN 12a,2011-12,Real_Annual,790.7596875,,,778.29,,,
CHN 12a2012-13Cash_Annual,CHN 12a,2012-13,Cash_Annual,814.655625,,,791.55,,,
CHN 12a2012-13Real_Annual,CHN 12a,2012-13,Real_Annual,814.655625,,,791.55,,,
CHN 12a2013-14Cash_Annual,CHN 12a,2013-14,Cash_Annual,843.605625,,,829.3399999999999,,,
CHN 12a2013-14Real_Annual,CHN 12a,2013-14,Real_Annual,843.605625,,,829.3399999999999,,,
CHN 12a2014-15Cash_Annual,CHN 12a,2014-15,Cash_Annual,874.1456666666667,,,851.9300000000001,,,
CHN 12a2014-15Real_Annual,CHN 12a,2014-15,Real_Annual,874.1456666666667,,,851.9300000000001,,,
CHN 12a2015-16Cash_Annual,CHN 12a,2015-16,Cash_Annual,893.8659375,,,875.98,,,
CHN 12a2015-16Real_Annual,CHN 12a,2015-16,Real_Annual,893.8659375,,,875.98,,,
CHN 12a2016-17Cash_Annual,CHN 12a,2016-17,Cash_Annual,906.594375,,,890.55,,,
CHN 12a2016-17Real_Annual,CHN 12a,2016-17,Real_Annual,906.594375,,,890.55,,,
CHN 12a2017-18Cash_Annual,CHN 12a,2017-18,Cash_Annual,906.5684375,,,900.545,,,
CHN 12a2017-18Real_Annual,CHN 12a,2017-18,Real_Annual,906.5684375,,,900.545,,,
CHN 12a2018-19Cash_Annual,CHN 12a,2018-19,Cash_Annual,892.6925,,,870.96,,,
CHN 12a2018-19Real_Annual,CHN 12a,2018-19,Real_Annual,892.6925,,,870.96,,,
CHN 12a2019-20Cash_Annual,CHN 12a,2019-20,Cash_Annual,906.1203125,,,879.4,,,
CHN 12a2019-20Real_Annual,CHN 12a,2019-20,Real_Annual,906.1203125,,,879.4,,,
CHN 12a2020-21Cash_Annual,CHN 12a,2020-21,Cash_Annual,966.1115625,,,943.7049999999999,,,
CHN 12a2020-21Real_Annual,CHN 12a,2020-21,Real_Annual,966.1115625,,,943.7049999999999,,,
CHN 12a2021-22Cash_Annual,CHN 12a,2021-22,Cash_Annual,976.3362500000001,,,955.665,,,
CHN 12a2021-22Real_Annual,CHN 12a,2021-22,Real_Annual,976.3362500000001,,,955.665,,,
CHN 12a2022-23Cash_Annual,CHN 12a,2022-23,Cash_Annual,935.9959375,,,900.2950000000001,,,
CHN 12a2022-23Real_Annual,CHN 12a,2022-23,Real_Annual,935.9959375,,,900.2950000000001,,,
CHN 12a2023-24Cash_Annual,CHN 12a,2023-24,Cash_Annual,917.8515625,,,891.0450000000001,,,
CHN 12a2023-24Real_Annual,CHN 12a,2023-24,Real_Annual,917.8515625,,,891.0450000000001,,,
CHN 12b2011-12Cash_Annual,CHN 12b,2011-12,Cash_Annual,482.13793103448273,,,465.0,,,
CHN 12b2011-12Real_Annual,CHN 12b,2011-12,Real_Annual,482.13793103448273,,,465.0,,,
CHN 12b2012-13Cash_Annual,CHN 12b,2012-13,Cash_Annual,508.6551724137931,,,504.0,,,
CHN 12b2012-13Real_Annual,CHN 12b,2012-13,Real_Annual,508.6551724137931,,,504.0,,,
CHN 12b2013-14Cash_Annual,CHN 12b,2013-14,Cash_Annual,536.1724137931035,,,543.0,,,
CHN 12b2013-14Real_Annual,CHN 12b,2013-14,Real_Annual,536.1724137931035,,,543.0,,,
CHN 12b2014-15Cash_Annual,CHN 12b,2014-15,Cash_Annual,563.4827586206897,,,544.0,,,
CHN 12b2014-15Real_Annual,CHN 12b,2014-15,Real_Annual,563.4827586206897,,,544.0,,,
CHN 12b2015-16Cash_Annual,CHN 12b,2015-16,Cash_Annual,591.3103448275862,,,561.0,,,
CHN 12b2015-16Real_Annual,CHN 12b,2015-16,Real_Annual,591.3103448275862,,,561.0,,,
CHN 12b2016-17Cash_Annual,CHN 12b,2016-17,Cash_Annual,615.551724137931,,,620.0,,,
CHN 12b2016-17Real_Annual,CHN 12b,2016-17,Real_Annual,615.551724137931,,,620.0,,,
CHN 12b2017-18Cash_Annual,CHN 12b,2017-18,Cash_Annual,619.2068965517242,,,605.0,,,
CHN 12b2017-18Real_Annual,CHN 12b,2017-18,Real_Annual,619.2068965517242,,,605.0,,,
CHN 12b2018-19Cash_Annual,CHN 12b,2018-19,Cash_Annual,616.6206896551724,,,616.0,,,
CHN 12b2018-19Real_Annual,CHN 12b,2018-19,Real_Annual,616.6206896551724,,,616.0,,,
CHN 12b2019-20Cash_Annual,CHN 12b,2019-20,Cash_Annual,636.1724137931035,,,611.0,,,
CHN 12b2019-20Real_Annual,CHN 12b,2019-20,Real_Annual,636.1724137931035,,,611.0,,,
CHN 12b2020-21Cash_Annual,CHN 12b,2020-21,Cash_Annual,672.7241379310345,,,659.0,,,
CHN 12b2020-21Real_Annual,CHN 12b,2020-21,Real_Annual,672.7241379310345,,,659.0,,,
CHN 12b2021-22Cash_Annual,CHN 12b,2021-22,Cash_Annual,673.2068965517242,,,645.0,,,
CHN 12b2021-22Real_Annual,CHN 12b,2021-22,Real_Annual,673.2068965517242,,,645.0,,,
CHN 12b2022-23Cash_Annual,CHN 12b,2022-23,Cash_Annual,636.4137931034483,,,592.0,,,
CHN 12b2022-23Real_Annual,CHN 12b,2022-23,Real_Annual,636.4137931034483,,,592.0,,,
CHN 12b2023-24Cash_Annual,CHN 12b,2023-24,Cash_Annual,625.4137931034483,,,612.0,,,
CHN 12b2023-24Real_Annual,CHN 12b,2023-24,Real_Annual,625.4137931034483,,,612.0,,,
CHN 12c2011-12Cash_Annual,CHN 12c,2011-12,Cash_Annual,638.125,,,620.5,,,
CHN 12c2011-12Real_Annual,CHN 12c,2011-12,Real_Annual,638.125,,,620.5,,,
CHN 12c2012-13Cash_Annual,CHN 12c,2012-13,Cash_Annual,659.8125,,,657.0,,,
CHN 12c2012-13Real_Annual,CHN 12c,2012-13,Real_Annual,659.8125,,,657.0,,,
CHN 12c2013-14Cash_Annual,CHN 12c,2013-14,Cash_Annual,682.5,,,676.5,,,
CHN 12c2013-14Real_Annual,CHN 12c,2013-14,Real_Annual,682.5,,,676.5,,,
CHN 12c2014-15Cash_Annual,CHN 12c,2014-15,Cash_Annual,730.4333333333333,,,717.5,,,
CHN 12c2014-15Real_Annual,CHN 12c,2014-15,Real_Annual,730.4333333333333,,,717.5,,,
CHN 12c2015-16Cash_Annual,CHN 12c,2015-16,Cash_Annual,770.59375,,,738.0,,,
CHN 12c2015-16Real_Annual,CHN 12c,2015-16,Real_Annual,770.59375,,,738.0,,,
CHN 12c2016-17Cash_Annual,CHN 12c,2016-17,Cash_Annual,768.75,,,733.0,,,
CHN 12c2016-17Real_Annual,CHN 12c,2016-17,Real_Annual,768.75,,,733.0,,,
CHN 12c2017-18Cash_Annual,CHN 12c,2017-18,Cash_Annual,765.65625,,,756.0,,,
CHN 12c2017-18Real_Annual,CHN 12c,2017-18,Real_Annual,765.65625,,,756.0,,,
CHN 12c2018-19Cash_Annual,CHN 12c,2018-19,Cash_Annual,742.96875,,,748.5,,,
CHN 12c2018-19Real_Annual,CHN 12c,2018-19,Real_Annual,742.96875,,,748.5,,,
CHN 12c2019-20Cash_Annual,CHN 12c,2019-20,Cash_Annual,755.40625,,,714.5,,,
CHN 12c2019-20Real_Annual,CHN 12c,2019-20,Real_Annual,755.40625,,,714.5,,,
CHN 12c2020-21Cash_Annual,CHN 12c,2020-21,Cash_Annual,835.0,,,814.5,,,
CHN 12c2020-21Real_Annual,CHN 12c,2020-21,Real_Annual,835.0,,,814.5,,,
CHN 12c2021-22Cash_Annual,CHN 12c,2021-22,Cash_Annual,825.65625,,,821.5,,,
CHN 12c2021-22Real_Annual,CHN 12c,2021-22,Real_Annual,825.65625,,,821.5,,,
CHN 12c2022-23Cash_Annual,CHN 12c,2022-23,Cash_Annual,783.875,,,747.0,,,
CHN 12c2022-23Real_Annual,CHN 12c,2022-23,Real_Annual,783.875,,,747.0,,,
CHN 12c2023-24Cash_Annual,CHN 12c,2023-24,Cash_Annual,768.34375,,,753.0,,,
CHN 12c2023-24Real_Annual,CHN 12c,2023-24,Real_Annual,768.34375,,,753.0,,,
CHN 12d2011-12Cash_Annual,CHN 12d,2011-12,Cash_Annual,781.71875,,,765.5,,,
CHN 12d2011-12Real_Annual,CHN 12d,2011-12,Real_Annual,781.71875,,,765.5,,,
CHN 12d2012-13Cash_Annual,CHN 12d,2012-13,Cash_Annual,808.71875,,,798.0,,,
CHN 12d2012-13Real_Annual,CHN 12d,2012-13,Real_Annual,808.71875,,,798.0,,,
CHN 12d2013-14Cash_Annual,CHN 12d,2013-14,Cash_Annual,828.75,,,836.0,,,
CHN 12d2013-14Real_Annual,CHN 12d,2013-14,Real_Annual,828.75,,,836.0,,,
CHN 12d2014-15Cash_Annual,CHN 12d,2014-15,Cash_Annual,869.34375,,,867.0,,,
CHN 12d2014-15Real_Annual,CHN 12d,2014-15,Real_Annual,869.34375,,,867.0,,,
CHN 12d2015-16Cash_Annual,CHN 12d,2015-16,Cash_Annual,884.59375,,,880.5,,,
CHN 12d2015-16Real_Annual,CHN 12d,2015-16,Real_Annual,884.59375,,,880.5,,,
CHN 12d2016-17Cash_Annual,CHN 12d,2016-17,Cash_Annual,911.28125,,,888.0,,,
CHN 12d2016-17Real_Annual,CHN 12d,2016-17,Real_Annual,911.28125,,,888.0,,,
CHN 12d2017-18Cash_Annual,CHN 12d,2017-18,Cash_Annual,915.53125,,,892.0,,,
CHN 12d2017-18Real_Annual,CHN 12d,2017-18,Real_Annual,915.53125,,,892.0,,,
CHN 12d2018-19Cash_Annual,CHN 12d,2018-19,Cash_Annual,898.03125,,,900.0,,,
CHN 12d2018-19Real_Annual,CHN 12d,2018-19,Real_Annual,898.03125,,,900.0,,,
CHN 12d2019-20Cash_Annual,CHN 12d,2019-20,Cash_Annual,911.21875,,,906.5,,,
CHN 12d2019-20Real_Annual,CHN 12d,2019-20,Real_Annual,911.21875,,,906.5,,,
CHN 12d2020-21Cash_Annual,CHN 12d,2020-21,Cash_Annual,980.875,,,960.0,,,
CHN 12d2020-21Real_Annual,CHN 12d,2020-21,Real_Annual,980.875,,,960.0,,,
CHN 12d2021-22Cash_Annual,CHN 12d,2021-22,Cash_Annual,988.5625,,,986.5,,,
CHN 12d2021-22Real_Annual,CHN 12d,2021-22,Real_Annual,988.5625,,,986.5,,,
CHN 12d2022-23Cash_Annual,CHN 12d,2022-23,Cash_Annual,929.0625,,,930.0,,,
CHN 12d2022-23Real_Annual,CHN 12d,2022-23,Real_Annual,929.0625,,,930.0,,,
CHN 12d2023-24Cash_Annual,CHN 12d,2023-24,Cash_Annual,919.15625,,,912.0,,,
CHN 12d2023-24Real_Annual,CHN 12d,2023-24,Real_Annual,919.15625,,,912.0,,,
CHN 12e2011-12Cash_Annual,CHN 12e,2011-12,Cash_Annual,932.53125,,,890.5,,,
CHN 12e2011-12Real_Annual,CHN 12e,2011-12,Real_Annual,932.53125,,,890.5,,,
CHN 12e2012-13Cash_Annual,CHN 12e,2012-13,Cash_Annual,941.3125,,,922.0,,,
CHN 12e2012-13Real_Annual,CHN 12e,2012-13,Real_Annual,941.3125,,,922.0,,,
CHN 12e2013-14Cash_Annual,CHN 12e,2013-14,Cash_Annual,985.40625,,,963.0,,,
CHN 12e2013-14Real_Annual,CHN 12e,2013-14,Real_Annual,985.40625,,,963.0,,,
CHN 12e2014-15Cash_Annual,CHN 12e,2014-15,Cash_Annual,1004.7333333333333,,,984.0,,,
CHN 12e2014-15Real_Annual,CHN 12e,2014-15,Real_Annual,1004.7333333333333,,,984.0,,,
CHN 12e2015-16Cash_Annual,CHN 12e,2015-16,Cash_Annual,1013.21875,,,984.5,,,
CHN 12e2015-16Real_Annual,CHN 12e,2015-16,Real_Annual,1013.21875,,,984.5,,,
CHN 12e2016-17Cash_Annual,CHN 12e,2016-17,Cash_Annual,1030.3125,,,1002.0,,,
CHN 12e2016-17Real_Annual,CHN 12e,2016-17,Real_Annual,1030.3125,,,1002.0,,,
CHN 12e2017-18Cash_Annual,CHN 12e,2017-18,Cash_Annual,1034.34375,,,1021.0,,,
CHN 12e2017-18Real_Annual,CHN 12e,2017-18,Real_Annual,1034.34375,,,1021.0,,,
CHN 12e2018-19Cash_Annual,CHN 12e,2018-19,Cash_Annual,1029.2903225806451,,,1018.0,,,
CHN 12e2018-19Real_Annual,CHN 12e,2018-19,Real_Annual,1029.2903225806451,,,1018.0,,,
CHN 12e2019-20Cash_Annual,CHN 12e,2019-20,Cash_Annual,1030.96875,,,1021.5,,,
CHN 12e2019-20Real_Annual,CHN 12e,2019-20,Real_Annual,1030.96875,,,1021.5,,,
CHN 12e2020-21Cash_Annual,CHN 12e,2020-21,Cash_Annual,1088.0625,,,1077.0,,,
CHN 12e2020-21Real_Annual,CHN 12e,2020-21,Real_Annual,1088.0625,,,1077.0,,,
CHN 12e2021-22Cash_Annual,CHN 12e,2021-22,Cash_Annual,1120.967741935484,,,1105.0,,,
CHN 12e2021-22Real_Annual,CHN 12e,2021-22,Real_Annual,1120.967741935484,,,1105.0,,,
CHN 12e2022-23Cash_Annual,CHN 12e,2022-23,Cash_Annual,1067.3548387096773,,,1071.0,,,
CHN 12e2022-23Real_Annual,CHN 12e,2022-23,Real_Annual,1067.3548387096773,,,1071.0,,,
CHN 12e2023-24Cash_Annual,CHN 12e,2023-24,Cash_Annual,1059.3548387096773,,,1052.0,,,
CHN 12e2023-24Real_Annual,CHN 12e,2023-24,Real_Annual,1059.3548387096773,,,1052.0,,,
CHN 12f2011-12Cash_Annual,CHN 12f,2011-12,Cash_Annual,1067.2903225806451,,,1066.0,,,
CHN 12f2011-12Real_Annual,CHN 12f,2011-12,Real_Annual,1067.2903225806451,,,1066.0,,,
CHN 12f2012-13Cash_Annual,CHN 12f,2012-13,Cash_Annual,1116.6129032258063,,,1104.0,,,
CHN 12f2012-13Real_Annual,CHN 12f,2012-13,Real_Annual,1116.6129032258063,,,1104.0,,,
CHN 12f2013-14Cash_Annual,CHN 12f,2013-14,Cash_Annual,1129.3225806451612,,,1107.0,,,
CHN 12f2013-14Real_Annual,CHN 12f,2013-14,Real_Annual,1129.3225806451612,,,1107.0,,,
CHN 12f2014-15Cash_Annual,CHN 12f,2014-15,Cash_Annual,1150.3870967741937,,,1146.0,,,
CHN 12f2014-15Real_Annual,CHN 12f,2014-15,Real_Annual,1150.3870967741937,,,1146.0,,,
CHN 12f2015-16Cash_Annual,CHN 12f,2015-16,Cash_Annual,1164.1612903225807,,,1161.0,,,
CHN 12f2015-16Real_Annual,CHN 12f,2015-16,Real_Annual,1164.1612903225807,,,1161.0,,,
CHN 12f2016-17Cash_Annual,CHN 12f,2016-17,Cash_Annual,1170.3225806451612,,,1199.0,,,
CHN 12f2016-17Real_Annual,CHN 12f,2016-17,Real_Annual,1170.3225806451612,,,1199.0,,,
CHN 12f2017-18Cash_Annual,CHN 12f,2017-18,Cash_Annual,1164.3225806451612,,,1179.0,,,
CHN 12f2017-18Real_Annual,CHN 12f,2017-18,Real_Annual,1164.3225806451612,,,1179.0,,,
CHN 12f2018-19Cash_Annual,CHN 12f,2018-19,Cash_Annual,1167.7666666666667,,,1174.0,,,
CHN 12f2018-19Real_Annual,CHN 12f,2018-19,Real_Annual,1167.7666666666667,,,1174.0,,,
CHN 12f2019-20Cash_Annual,CHN 12f,2019-20,Cash_Annual,1191.2666666666667,,,1178.0,,,
CHN 12f2019-20Real_Annual,CHN 12f,2019-20,Real_Annual,1191.2666666666667,,,1178.0,,,
CHN 12f2020-21Cash_Annual,CHN 12f,2020-21,Cash_Annual,1267.5,,,1286.0,,,
CHN 12f2020-21Real_Annual,CHN 12f,2020-21,Real_Annual,1267.5,,,1286.0,,,
CHN 12f2021-22Cash_Annual,CHN 12f,2021-22,Cash_Annual,1251.8,,,1269.5,,,
CHN 12f2021-22Real_Annual,CHN 12f,2021-22,Real_Annual,1251.8,,,1269.5,,,
CHN 12f2022-23Cash_Annual,CHN 12f,2022-23,Cash_Annual,1203.2,,,1204.5,,,
CHN 12f2022-23Real_Annual,CHN 12f,2022-23,Real_Annual,1203.2,,,1204.5,,,
CHN 12f2023-24Cash_Annual,CHN 12f,2023-24,Cash_Annual,1197.4333333333334,,,1197.0,,,
CHN 12f2023-24Real_Annual,CHN 12f,2023-24,Real_Annual,1197.4333333333334,,,1197.0,,,
CHN 13a2018-19Cash_Annual,CHN 13a,2018-19,Cash_Annual,0.71954204046875,,,0.717351753,,,
CHN 13a2018-19Real_Annual,CHN 13a,2018-19,Real_Annual,0.7195420405634375,,,0.717351752965,,,
CHN 13a2020-21Cash_Annual,CHN 13a,2020-21,Cash_Annual,0.6621182320625,,,0.6600408245,,,
CHN 13a2020-21Real_Annual,CHN 13a,2020-21,Real_Annual,0.6621182320503125,,,0.66004082479,,,
CHN 13a2021-22Cash_Annual,CHN 13a,2021-22,Cash_Annual,0.70341741275,,,0.6943284925,,,
CHN 13a2021-22Real_Annual,CHN 13a,2021-22,Real_Annual,0.7034174127185882,,,0.6943284923701329,,,
CHN 13a2022-23Cash_Annual,CHN 13a,2022-23,Cash_Annual,0.72943618159375,,,0.722023383,,,
CHN 13a2022-23Real_Annual,CHN 13a,2022-23,Real_Annual,0.729436181599375,,,0.722023382825,,,
CHN 13a2023-24Cash_Annual,CHN 13a,2023-24,Cash_Annual,0.746252422375,,,0.7354267525,,,
CHN 13a2023-24Real_Annual,CHN 13a,2023-24,Real_Annual,0.7462524223875,,,0.73542675255,,,
CHN 13b2018-19Cash_Annual,CHN 13b,2018-19,Cash_Annual,0.78423367540625,,,0.7896542529999999,,,
CHN 13b2018-19Real_Annual,CHN 13b,2018-19,Real_Annual,0.7842336754715625,,,0.789654253455,,,
CHN 13b2020-21Cash_Annual,CHN 13b,2020-21,Cash_Annual,0.74033409853125,,,0.737593092,,,
CHN 13b2020-21Real_Annual,CHN 13b,2020-21,Real_Annual,0.7403340985509375,,,0.737593091825,,,
CHN 13b2021-22Cash_Annual,CHN 13b,2021-22,Cash_Annual,0.77700950271875,,,0.772393384,,,
CHN 13b2021-22Real_Annual,CHN 13b,2021-22,Real_Annual,0.7770095026643,,,0.7723933841413975,,,
CHN 13b2022-23Cash_Annual,CHN 13b,2022-23,Cash_Annual,0.79507631553125,,,0.7953998849999999,,,
CHN 13b2022-23Real_Annual,CHN 13b,2022-23,Real_Annual,0.7950763154509375,,,0.7953998850599999,,,
CHN 13b2023-24Cash_Annual,CHN 13b,2023-24,Cash_Annual,0.8056460198750001,,,0.800675064,,,
CHN 13b2023-24Real_Annual,CHN 13b,2023-24,Real_Annual,0.805646019909375,,,0.80067506395,,,
CHN 14a2018-19Cash_Annual,CHN 14a,2018-19,Cash_Annual,0.21715295812413793,,,0.2198911078,,,
CHN 14a2018-19Real_Annual,CHN 14a,2018-19,Real_Annual,0.2171529581172414,,,0.21989110781,,,
CHN 14a2020-21Cash_Annual,CHN 14a,2020-21,Cash_Annual,0.2556743322137931,,,0.2392138728,,,
CHN 14a2020-21Real_Annual,CHN 14a,2020-21,Real_Annual,0.255674332207931,,,0.23921387283,,,
CHN 14a2021-22Cash_Annual,CHN 14a,2021-22,Cash_Annual,0.2302072361962069,,,0.2224823074,,,
CHN 14a2021-22Real_Annual,CHN 14a,2021-22,Real_Annual,0.23020723619857913,,,0.222482307386896,,,
CHN 14a2022-23Cash_Annual,CHN 14a,2022-23,Cash_Annual,0.21957442748620687,,,0.22277138019999998,,,
CHN 14a2022-23Real_Annual,CHN 14a,2022-23,Real_Annual,0.21957442748586206,,,0.22277138021999998,,,
CHN 14a2023-24Cash_Annual,CHN 14a,2023-24,Cash_Annual,0.20427181915357145,,,0.2077995562,,,
CHN 14a2023-24Real_Annual,CHN 14a,2023-24,Real_Annual,0.2042718191472206,,,0.207799556222294,,,
CHN 14b2018-19Cash_Annual,CHN 14b,2018-19,Cash_Annual,0.18400972566206897,,,0.175194044,,,
CHN 14b2018-19Real_Annual,CHN 14b,2018-19,Real_Annual,0.18400972566586207,,,0.17519404404,,,
CHN 14b2020-21Cash_Annual,CHN 14b,2020-21,Cash_Annual,0.2209015058310345,,,0.2243559212,,,
CHN 14b2020-21Real_Annual,CHN 14b,2020-21,Real_Annual,0.22090150582379312,,,0.22435592119,,,
CHN 14b2021-22Cash_Annual,CHN 14b,2021-22,Cash_Annual,0.19123775485862068,,,0.1846576215,,,
CHN 14b2021-22Real_Annual,CHN 14b,2021-22,Real_Annual,0.1912377548562658,,,0.184657621453865,,,
CHN 14b2022-23Cash_Annual,CHN 14b,2022-23,Cash_Annual,0.18206901556206898,,,0.1739202593,,,
CHN 14b2022-23Real_Annual,CHN 14b,2022-23,Real_Annual,0.18206901555931035,,,0.17392025929,,,
CHN 14b2023-24Cash_Annual,CHN 14b,2023-24,Cash_Annual,0.17630927975714286,,,0.17359630525,,,
CHN 14b2023-24Real_Annual,CHN 14b,2023-24,Real_Annual,0.17630927975452557,,,0.1735963052469905,,,
CHN 172013-14Cash_Annual,CHN 17,2013-14,Cash_Annual,0.81051102034375,,,0.808370142,,,
CHN 172013-14Real_Annual,CHN 17,2013-14,Real_Annual,0.8105110203640065,,,0.808370141995979,,,
CHN 172014-15Cash_Annual,CHN 17,2014-15,Cash_Annual,0.8078345788125,,,0.800795534,,,
CHN 172014-15Real_Annual,CHN 17,2014-15,Real_Annual,0.8078345787550153,,,0.8007955340095695,,,
CHN 172015-16Cash_Annual,CHN 17,2015-16,Cash_Annual,0.8141558116875,,,0.806737823,,,
CHN 172015-16Real_Annual,CHN 17,2015-16,Real_Annual,0.8141558117242405,,,0.8067378225385551,,,
CHN 172016-17Cash_Annual,CHN 17,2016-17,Cash_Annual,0.8199533606875,,,0.8123719465,,,
CHN 172016-17Real_Annual,CHN 17,2016-17,Real_Annual,0.819953360662015,,,0.8123719464144985,,,
CHN 172017-18Cash_Annual,CHN 17,2017-18,Cash_Annual,0.84943462421875,,,0.841974512,,,
CHN 172017-18Real_Annual,CHN 17,2017-18,Real_Annual,0.8494346241036842,,,0.8419745119934575,,,
CHN 172018-19Cash_Annual,CHN 17,2018-19,Cash_Annual,0.85782153803125,,,0.855802469,,,
CHN 172018-19Real_Annual,CHN 17,2018-19,Real_Annual,0.8578215379621673,,,0.8558024686407231,,,
CHN 172019-20Cash_Annual,CHN 17,2019-20,Cash_Annual,0.8583186271875,,,0.8554956505,,,
CHN 172019-20Real_Annual,CHN 17,2019-20,Real_Annual,0.8583186271319395,,,0.855495650598042,,,
CHN 172020-21Cash_Annual,CHN 17,2020-21,Cash_Annual,0.85194294925,,,0.8479854835,,,
CHN 172020-21Real_Annual,CHN 17,2020-21,Real_Annual,0.851942949205462,,,0.847985483632054,,,
CHN 172021-22Cash_Annual,CHN 17,2021-22,Cash_Annual,0.82591455903125,,,0.823293539,,,
CHN 172021-22Real_Annual,CHN 17,2021-22,Real_Annual,0.8259145590464834,,,0.8232935390817775,,,
CHN 172022-23Cash_Annual,CHN 17,2022-23,Cash_Annual,0.82387792596875,,,0.8255816505,,,
CHN 172022-23Real_Annual,CHN 17,2022-23,Real_Annual,0.8238779259582478,,,0.8255816505706755,,,
CHN 182010-11Cash_Annual,CHN 18,2010-11,Cash_Annual,0.891488054375,,,0.91010101,,,
CHN 182010-11Real_Annual,CHN 18,2010-11,Real_Annual,0.8914880543221195,,,0.91010101010101,,,
CHN 182011-12Cash_Annual,CHN 18,2011-12,Cash_Annual,0.91845088875,,,0.934199134,,,
CHN 182011-12Real_Annual,CHN 18,2011-12,Real_Annual,0.9184508887286488,,,0.934199134199134,,,
CHN 182012-13Cash_Annual,CHN 18,2012-13,Cash_Annual,0.92641945209375,,,0.922611624,,,
CHN 182012-13Real_Annual,CHN 18,2012-13,Real_Annual,0.9264194520983811,,,0.9226116238463455,,,
CHN 182013-14Cash_Annual,CHN 18,2013-14,Cash_Annual,0.93331263390625,,,0.934057971,,,
CHN 182013-14Real_Annual,CHN 18,2013-14,Real_Annual,0.9333126339004655,,,0.9340579710144925,,,
CHN 182014-15Cash_Annual,CHN 18,2014-15,Cash_Annual,0.9345417418125,,,0.9335387325,,,
CHN 182014-15Real_Annual,CHN 18,2014-15,Real_Annual,0.9345417418788854,,,0.933538732394366,,,
CHN 182015-16Cash_Annual,CHN 18,2015-16,Cash_Annual,0.92671396940625,,,0.931034483,,,
CHN 182015-16Real_Annual,CHN 18,2015-16,Real_Annual,0.9267139693753401,,,0.931034482758621,,,
CHN 182016-17Cash_Annual,CHN 18,2016-17,Cash_Annual,0.9273252675,,,0.932181268,,,
CHN 182016-17Real_Annual,CHN 18,2016-17,Real_Annual,0.9273252674561777,,,0.9321812676203405,,,
CHN 182017-18Cash_Annual,CHN 18,2017-18,Cash_Annual,0.91406811125,,,0.9386295179999999,,,
CHN 182017-18Real_Annual,CHN 18,2017-18,Real_Annual,0.9140681112535446,,,0.938629518072289,,,
CHN 182018-19Cash_Annual,CHN 18,2018-19,Cash_Annual,0.91254609815625,,,0.9303874095,,,
CHN 182018-19Real_Annual,CHN 18,2018-19,Real_Annual,0.9125460982125202,,,0.9303874092009685,,,
CHN 182019-20Cash_Annual,CHN 18,2019-20,Cash_Annual,0.907375,,,0.9085000000000001,,,
CHN 182019-20Real_Annual,CHN 18,2019-20,Real_Annual,0.907375,,,0.9085000000000001,,,
CHN 182020-21Cash_Annual,CHN 18,2020-21,Cash_Annual,0.9121131483125,,,0.91229651,,,
CHN 182020-21Real_Annual,CHN 18,2020-21,Real_Annual,0.912113148388097,,,0.9122965098816604,,,
CHN 182021-22Cash_Annual,CHN 18,2021-22,Cash_Annual,0.897801552875,,,0.8992753625000001,,,
CHN 182021-22Real_Annual,CHN 18,2021-22,Real_Annual,0.8978015528011905,,,0.8992753623188405,,,
CHN 182022-23Cash_Annual,CHN 18,2022-23,Cash_Annual,0.90725467134375,,,0.915780142,,,
CHN 182022-23Real_Annual,CHN 18,2022-23,Real_Annual,0.9072546713820558,,,0.9157801418439719,,,
CHN 182023-24Cash_Annual,CHN 18,2023-24,Cash_Annual,0.9035118313125,,,0.91266209,,,
CHN 182023-24Real_Annual,CHN 18,2023-24,Real_Annual,0.9035118313005366,,,0.912662090007628,,,
CHN 19a2010-11Cash_Annual,CHN 19a,2010-11,Cash_Annual,0.93371875,,,0.933,,,
CHN 19a2010-11Real_Annual,CHN 19a,2010-11,Real_Annual,0.93371875,,,0.933,,,
CHN 19a2012-13Cash_Annual,CHN 19a,2012-13,Cash_Annual,0.93765625,,,0.9384999999999999,,,
CHN 19a2012-13Real_Annual,CHN 19a,2012-13,Real_Annual,0.93765625,,,0.9384999999999999,,,
CHN 19a2014-15Cash_Annual,CHN 19a,2014-15,Cash_Annual,0.93815625,,,0.939,,,
CHN 19a2014-15Real_Annual,CHN 19a,2014-15,Real_Annual,0.93815625,,,0.939,,,
CHN 19a2016-17Cash_Annual,CHN 19a,2016-17,Cash_Annual,0.9352812500000001,,,0.935,,,
CHN 19a2016-17Real_Annual,CHN 19a,2016-17,Real_Annual,0.9352812500000001,,,0.935,,,
CHN 19a2018-19Cash_Annual,CHN 19a,2018-19,Cash_Annual,0.9314764062499999,,,0.9304975,,,
CHN 19a2018-19Real_Annual,CHN 19a,2018-19,Real_Annual,0.9314764062499999,,,0.9304975,,,
CHN 19a2020-21Cash_Annual,CHN 19a,2020-21,Cash_Annual,0.92503125,,,0.923,,,
CHN 19a2020-21Real_Annual,CHN 19a,2020-21,Real_Annual,0.92503125,,,0.923,,,
CHN 19a2022-23Cash_Annual,CHN 19a,2022-23,Cash_Annual,0.90453125,,,0.9055,,,
CHN 19a2022-23Real_Annual,CHN 19a,2022-23,Real_Annual,0.90453125,,,0.9055,,,
CHN 19a2023-24Cash_Annual,CHN 19a,2023-24,Cash_Annual,0.90565625,,,0.9055,,,
CHN 19a2023-24Real_Annual,CHN 19a,2023-24,Real_Annual,0.90565625,,,0.9055,,,
CHN 19b2010-11Cash_Annual,CHN 19b,2010-11,Cash_Annual,0.86749375,,,0.87885,,,
CHN 19b2010-11Real_Annual,CHN 19b,2010-11,Real_Annual,0.86749375,,,0.87885,,,
CHN 19b2012-13Cash_Annual,CHN 19b,2012-13,Cash_Annual,0.8880375,,,0.88925,,,
CHN 19b2012-13Real_Annual,CHN 19b,2012-13,Real_Annual,0.8880375,,,0.88925,,,
CHN 19b2014-15Cash_Annual,CHN 19b,2014-15,Cash_Annual,0.88625,,,0.89,,,
CHN 19b2014-15Real_Annual,CHN 19b,2014-15,Real_Annual,0.88625,,,0.89,,,
CHN 19b2016-17Cash_Annual,CHN 19b,2016-17,Cash_Annual,0.87939375,,,0.8866499999999999,,,
CHN 19b2016-17Real_Annual,CHN 19b,2016-17,Real_Annual,0.87939375,,,0.8866499999999999,,,
CHN 19b2018-19Cash_Annual,CHN 19b,2018-19,Cash_Annual,0.867965625,,,0.8647,,,
CHN 19b2018-19Real_Annual,CHN 19b,2018-19,Real_Annual,0.867965625,,,0.8647,,,
CHN 19b2020-21Cash_Annual,CHN 19b,2020-21,Cash_Annual,0.879575,,,0.8826499999999999,,,
CHN 19b2020-21Real_Annual,CHN 19b,2020-21,Real_Annual,0.879575,,,0.8826499999999999,,,
CHN 19b2022-23Cash_Annual,CHN 19b,2022-23,Cash_Annual,0.8419676111875,,,0.844096519,,,
CHN 19b2022-23Real_Annual,CHN 19b,2022-23,Real_Annual,0.8419676111561334,,,0.8440965191560594,,,
CHN 20a2010-11Cash_Annual,CHN 20a,2010-11,Cash_Annual,37.4415625,,,36.004999999999995,,,
CHN 20a2010-11Real_Annual,CHN 20a,2010-11,Real_Annual,37.4415625,,,36.004999999999995,,,
CHN 20a2012-13Cash_Annual,CHN 20a,2012-13,Cash_Annual,30.5625,,,29.5,,,
CHN 20a2012-13Real_Annual,CHN 20a,2012-13,Real_Annual,30.5625,,,29.5,,,
CHN 20a2014-15Cash_Annual,CHN 20a,2014-15,Cash_Annual,25.446875,,,23.65,,,
CHN 20a2014-15Real_Annual,CHN 20a,2014-15,Real_Annual,25.446875,,,23.65,,,
CHN 20a2016-17Cash_Annual,CHN 20a,2016-17,Cash_Annual,24.8190625,,,22.634999999999998,,,
CHN 20a2016-17Real_Annual,CHN 20a,2016-17,Real_Annual,24.8190625,,,22.634999999999998,,,
CHN 20a2018-19Cash_Annual,CHN 20a,2018-19,Cash_Annual,20.0590625,,,19.924999999999997,,,
CHN 20a2018-19Real_Annual,CHN 20a,2018-19,Real_Annual,20.0590625,,,19.924999999999997,,,
CHN 20a2020-21Cash_Annual,CHN 20a,2020-21,Cash_Annual,11.96206896551724,,,12.64,,,
CHN 20a2020-21Real_Annual,CHN 20a,2020-21,Real_Annual,11.96206896551724,,,12.64,,,
CHN 20a2022-23Cash_Annual,CHN 20a,2022-23,Cash_Annual,16.33649375,,,16.4919,,,
CHN 20a2022-23Real_Annual,CHN 20a,2022-23,Real_Annual,16.33649375,,,16.4919,,,
CHN 20b2010-11Cash_Annual,CHN 20b,2010-11,Cash_Annual,356.96299999999997,,,333.56,,,
CHN 20b2010-11Real_Annual,CHN 20b,2010-11,Real_Annual,356.96299999999997,,,333.56,,,
CHN 20b2012-13Cash_Annual,CHN 20b,2012-13,Cash_Annual,279.4022580645161,,,260.27,,,
CHN 20b2012-13Real_Annual,CHN 20b,2012-13,Real_Annual,279.4022580645161,,,260.27,,,
CHN 20b2014-15Cash_Annual,CHN 20b,2014-15,Cash_Annual,248.20499999999998,,,252.115,,,
CHN 20b2014-15Real_Annual,CHN 20b,2014-15,Real_Annual,248.20499999999998,,,252.115,,,
CHN 20b2016-17Cash_Annual,CHN 20b,2016-17,Cash_Annual,211.26862068965517,,,229.03,,,
CHN 20b2016-17Real_Annual,CHN 20b,2016-17,Real_Annual,211.26862068965517,,,229.03,,,
CHN 20b2018-19Cash_Annual,CHN 20b,2018-19,Cash_Annual,155.817,,,158.91,,,
CHN 20b2018-19Real_Annual,CHN 20b,2018-19,Real_Annual,155.817,,,158.91,,,
CHN 20b2020-21Cash_Annual,CHN 20b,2020-21,Cash_Annual,95.56384615384614,,,76.225,,,
CHN 20b2020-21Real_Annual,CHN 20b,2020-21,Real_Annual,95.56384615384614,,,76.225,,,
CHN 20b2022-23Cash_Annual,CHN 20b,2022-23,Cash_Annual,95.97178097412903,,,73.92996109,,,
CHN 20b2022-23Real_Annual,CHN 20b,2022-23,Real_Annual,95.97178097183507,,,73.9299610894942,,,
CHN 212015-16Cash_Annual,CHN 21,2015-16,Cash_Annual,0.91196875,,,0.9065000000000001,,,
CHN 212015-16Real_Annual,CHN 21,2015-16,Real_Annual,0.91196875,,,0.9065000000000001,,,
CHN 212016-17Cash_Annual,CHN 21,2016-17,Cash_Annual,0.91815625,,,0.9165000000000001,,,
CHN 212016-17Real_Annual,CHN 21,2016-17,Real_Annual,0.91815625,,,0.9165000000000001,,,
CHN 212017-18Cash_Annual,CHN 21,2017-18,Cash_Annual,0.925125,,,0.922,,,
CHN 212017-18Real_Annual,CHN 21,2017-18,Real_Annual,0.925125,,,0.922,,,
CHN 212018-19Cash_Annual,CHN 21,2018-19,Cash_Annual,0.9220669485,,,0.9185799145,,,
CHN 212018-19Real_Annual,CHN 21,2018-19,Real_Annual,0.9220669485472396,,,0.9185799144624375,,,
CHN 212019-20Cash_Annual,CHN 21,2019-20,Cash_Annual,0.9269491575,,,0.9240181765,,,
CHN 212019-20Real_Annual,CHN 21,2019-20,Real_Annual,0.9269491575241096,,,0.9240181767014646,,,
CHN 212020-21Cash_Annual,CHN 21,2020-21,Cash_Annual,0.926634546875,,,0.9258334785,,,
CHN 212020-21Real_Annual,CHN 21,2020-21,Real_Annual,0.9266345469371938,,,0.925833478419685,,,
CHN 212021-22Cash_Annual,CHN 21,2021-22,Cash_Annual,0.92881361275,,,0.9325106919999999,,,
CHN 212021-22Real_Annual,CHN 21,2021-22,Real_Annual,0.9288136128033617,,,0.9325106917759169,,,
CHN 212022-23Cash_Annual,CHN 21,2022-23,Cash_Annual,0.93259075434375,,,0.9313338685,,,
CHN 212022-23Real_Annual,CHN 21,2022-23,Real_Annual,0.93259075440388,,,0.931333868394498,,,
CHN 212023-24Cash_Annual,CHN 21,2023-24,Cash_Annual,0.93208015303125,,,0.932775991,,,
CHN 212023-24Real_Annual,CHN 21,2023-24,Real_Annual,0.9320801530956383,,,0.932775991117059,,,
CHN 222012-13Cash_Annual,CHN 22,2012-13,Cash_Annual,0.06259836434375,,,0.0625,,,
CHN 222012-13Real_Annual,CHN 22,2012-13,Real_Annual,0.06259836435898007,,,0.0625,,,
CHN 222013-14Cash_Annual,CHN 22,2013-14,Cash_Annual,0.06527184621875,,,0.06213450300000001,,,
CHN 222013-14Real_Annual,CHN 22,2013-14,Real_Annual,0.06527184624387428,,,0.0621345029239766,,,
CHN 222014-15Cash_Annual,CHN 22,2014-15,Cash_Annual,0.06412774278125,,,0.0655637255,,,
CHN 222014-15Real_Annual,CHN 22,2014-15,Real_Annual,0.06412774274812998,,,0.0655637254901961,,,
CHN 222015-16Cash_Annual,CHN 22,2015-16,Cash_Annual,0.085561703875,,,0.052214112,,,
CHN 222015-16Real_Annual,CHN 22,2015-16,Real_Annual,0.08556170388424279,,,0.0522141119221411,,,
CHN 222016-17Cash_Annual,CHN 22,2016-17,Cash_Annual,0.07577281134375,,,0.0605356585,,,
CHN 222016-17Real_Annual,CHN 22,2016-17,Real_Annual,0.07577281136171533,,,0.06053565834812574,,,
CHN 222017-18Cash_Annual,CHN 22,2017-18,Cash_Annual,0.05664867378125,,,0.0466243315,,,
CHN 222017-18Real_Annual,CHN 22,2017-18,Real_Annual,0.05664867378285998,,,0.046624331550802145,,,
CHN 222018-19Cash_Annual,CHN 22,2018-19,Cash_Annual,0.064418284375,,,0.060409651999999994,,,
CHN 222018-19Real_Annual,CHN 22,2018-19,Real_Annual,0.0644182843547322,,,0.06040965207631875,,,
CHN 222019-20Cash_Annual,CHN 22,2019-20,Cash_Annual,0.0799819496875,,,0.0764908255,,,
CHN 222019-20Real_Annual,CHN 22,2019-20,Real_Annual,0.07998194965757752,,,0.07649082568807339,,,
CHN 222020-21Cash_Annual,CHN 22,2020-21,Cash_Annual,0.06132374471875,,,0.0600398935,,,
CHN 222020-21Real_Annual,CHN 22,2020-21,Real_Annual,0.0613237447578481,,,0.06003989361702125,,,
CHN 222021-22Cash_Annual,CHN 22,2021-22,Cash_Annual,0.079529519375,,,0.07743224700000001,,,
CHN 222021-22Real_Annual,CHN 22,2021-22,Real_Annual,0.07952951932693353,,,0.07743224678406396,,,
CHN 222022-23Cash_Annual,CHN 22,2022-23,Cash_Annual,0.051308206125,,,0.039297945,,,
CHN 222022-23Real_Annual,CHN 22,2022-23,Real_Annual,0.05130820612771774,,,0.039297945205479454,,,
CHN 232010-11Cash_Annual,CHN 23,2010-11,Cash_Annual,0.23442504771875,,,0.23786720150000001,,,
CHN 232010-11Real_Annual,CHN 23,2010-11,Real_Annual,0.23442504780237328,,,0.237867201695942,,,
CHN 232011-12Cash_Annual,CHN 23,2011-12,Cash_Annual,0.2322043405,,,0.222097714,,,
CHN 232011-12Real_Annual,CHN 23,2011-12,Real_Annual,0.23220434050076874,,,0.222097714029583,,,
CHN 232012-13Cash_Annual,CHN 23,2012-13,Cash_Annual,0.23788178196875,,,0.2286307775,,,
CHN 232012-13Real_Annual,CHN 23,2012-13,Real_Annual,0.2378817819237094,,,0.228630777313769,,,
CHN 232013-14Cash_Annual,CHN 23,2013-14,Cash_Annual,0.24280048184375,,,0.230185579,,,
CHN 232013-14Real_Annual,CHN 23,2013-14,Real_Annual,0.24280048178472105,,,0.230185578676811,,,
CHN 232014-15Cash_Annual,CHN 23,2014-15,Cash_Annual,0.24564376115625,,,0.219138756,,,
CHN 232014-15Real_Annual,CHN 23,2014-15,Real_Annual,0.24564376116264655,,,0.21913875598086102,,,
CHN 232015-16Cash_Annual,CHN 23,2015-16,Cash_Annual,0.23947666084375,,,0.2198478405,,,
CHN 232015-16Real_Annual,CHN 23,2015-16,Real_Annual,0.23947666086532082,,,0.2198478406802415,,,
CHN 232016-17Cash_Annual,CHN 23,2016-17,Cash_Annual,0.229597024375,,,0.2165717,,,
CHN 232016-17Real_Annual,CHN 23,2016-17,Real_Annual,0.22959702437780533,,,0.216571699905033,,,
CHN 232017-18Cash_Annual,CHN 23,2017-18,Cash_Annual,0.2289921490625,,,0.2353068075,,,
CHN 232017-18Real_Annual,CHN 23,2017-18,Real_Annual,0.2289921490242324,,,0.235306807286673,,,
CHN 232018-19Cash_Annual,CHN 23,2018-19,Cash_Annual,0.22174247984375,,,0.211524452,,,
CHN 232018-19Real_Annual,CHN 23,2018-19,Real_Annual,0.22174247975934688,,,0.211524451677904,,,
CHN 232019-20Cash_Annual,CHN 23,2019-20,Cash_Annual,0.1896627435,,,0.1854450875,,,
CHN 232019-20Real_Annual,CHN 23,2019-20,Real_Annual,0.1896627435258933,,,0.1854450875017225,,,
CHN 232020-21Cash_Annual,CHN 23,2020-21,Cash_Annual,0.181392185125,,,0.1829830465,,,
CHN 232020-21Real_Annual,CHN 23,2020-21,Real_Annual,0.18139218515344632,,,0.1829830467352075,,,
CHN 232021-22Cash_Annual,CHN 23,2021-22,Cash_Annual,0.17374798665625,,,0.185005201,,,
CHN 232021-22Real_Annual,CHN 23,2021-22,Real_Annual,0.1737479866360945,,,0.1850052007023745,,,
CHN 232022-23Cash_Annual,CHN 23,2022-23,Cash_Annual,0.17432759840625,,,0.167777778,,,
CHN 232022-23Real_Annual,CHN 23,2022-23,Real_Annual,0.1743275983863059,,,0.167777777777778,,,
CHN 242014-15Cash_Annual,CHN 24,2014-15,Cash_Annual,0.20909472375,,,0.21203471000000002,,,
CHN 242014-15Real_Annual,CHN 24,2014-15,Real_Annual,0.20909472368657597,,,0.212034709751606,,,
CHN 242015-16Cash_Annual,CHN 24,2015-16,Cash_Annual,0.22079745028125,,,0.2229815125,,,
CHN 242015-16Real_Annual,CHN 24,2015-16,Real_Annual,0.22079745028167966,,,0.2229815125465395,,,
CHN 242016-17Cash_Annual,CHN 24,2016-17,Cash_Annual,0.22664034040625,,,0.23045002650000002,,,
CHN 242016-17Real_Annual,CHN 24,2016-17,Real_Annual,0.22664034040644765,,,0.23045002669095999,,,
CHN 242017-18Cash_Annual,CHN 24,2017-18,Cash_Annual,0.23433672121875,,,0.237960428,,,
CHN 242017-18Real_Annual,CHN 24,2017-18,Real_Annual,0.23433672124519944,,,0.23796042799949652,,,
CHN 242018-19Cash_Annual,CHN 24,2018-19,Cash_Annual,0.22407194690625,,,0.225514598,,,
CHN 242018-19Real_Annual,CHN 24,2018-19,Real_Annual,0.22407194692641497,,,0.2255145981907845,,,
CHN 242019-20Cash_Annual,CHN 24,2019-20,Cash_Annual,0.23510510803125,,,0.23853291599999998,,,
CHN 242019-20Real_Annual,CHN 24,2019-20,Real_Annual,0.23510510800406334,,,0.238532915711403,,,
CHN 242020-21Cash_Annual,CHN 24,2020-21,Cash_Annual,0.20062644075,,,0.197943814,,,
CHN 242020-21Real_Annual,CHN 24,2020-21,Real_Annual,0.20062644081190228,,,0.197943814098835,,,
CHN 242021-22Cash_Annual,CHN 24,2021-22,Cash_Annual,0.23052108371875,,,0.23360232250000001,,,
CHN 242021-22Real_Annual,CHN 24,2021-22,Real_Annual,0.2305210838094353,,,0.2336023226380345,,,
CHN 242022-23Cash_Annual,CHN 24,2022-23,Cash_Annual,0.23565625,,,0.2375,,,
CHN 242022-23Real_Annual,CHN 24,2022-23,Real_Annual,0.23565625,,,0.2375,,,
CLIM 012010-11Cash_Annual,CLIM 01,2010-11,Cash_Annual,8.33776569953125,,,7.193403339,,,
CLIM 012010-11Real_Annual,CLIM 01,2010-11,Real_Annual,8.33776569953125,,,7.193403339,,,
CLIM 012011-12Cash_Annual,CLIM 01,2011-12,Cash_Annual,7.565172473875,,,6.4254198825,,,
CLIM 012011-12Real_Annual,CLIM 01,2011-12,Real_Annual,7.565172473875,,,6.4254198825,,,
CLIM 012012-13Cash_Annual,CLIM 01,2012-13,Cash_Annual,7.78766551671875,,,6.7559894755,,,
CLIM 012012-13Real_Annual,CLIM 01,2012-13,Real_Annual,7.78766551671875,,,6.7559894755,,,
CLIM 012013-14Cash_Annual,CLIM 01,2013-14,Cash_Annual,7.56828948415625,,,6.5613185205,,,
CLIM 012013-14Real_Annual,CLIM 01,2013-14,Real_Annual,7.56828948415625,,,6.5613185205,,,
CLIM 012014-15Cash_Annual,CLIM 01,2014-15,Cash_Annual,6.7850716395625,,,5.780435344500001,,,
CLIM 012014-15Real_Annual,CLIM 01,2014-15,Real_Annual,6.7850716395625,,,5.780435344500001,,,
CLIM 012015-16Cash_Annual,CLIM 01,2015-16,Cash_Annual,6.69660254159375,,,5.6196549115,,,
CLIM 012015-16Real_Annual,CLIM 01,2015-16,Real_Annual,6.69660254159375,,,5.6196549115,,,
CLIM 012016-17Cash_Annual,CLIM 01,2016-17,Cash_Annual,6.302485048,,,5.27446544,,,
CLIM 012016-17Real_Annual,CLIM 01,2016-17,Real_Annual,6.302485048,,,5.27446544,,,
CLIM 012017-18Cash_Annual,CLIM 01,2017-18,Cash_Annual,6.14278890096875,,,5.0181356825000005,,,
CLIM 012017-18Real_Annual,CLIM 01,2017-18,Real_Annual,6.14278890096875,,,5.0181356825000005,,,
CLIM 012018-19Cash_Annual,CLIM 01,2018-19,Cash_Annual,6.0802319501875,,,4.9544764785,,,
CLIM 012018-19Real_Annual,CLIM 01,2018-19,Real_Annual,6.0802319501875,,,4.9544764785,,,
CLIM 012019-20Cash_Annual,CLIM 01,2019-20,Cash_Annual,5.97579654371875,,,4.9438476829999995,,,
CLIM 012019-20Real_Annual,CLIM 01,2019-20,Real_Annual,5.97579654371875,,,4.9438476829999995,,,
CLIM 012020-21Cash_Annual,CLIM 01,2020-21,Cash_Annual,5.18467807690625,,,4.0638863975,,,
CLIM 012020-21Real_Annual,CLIM 01,2020-21,Real_Annual,5.18467807690625,,,4.0638863975,,,
CLIM 012021-22Cash_Annual,CLIM 01,2021-22,Cash_Annual,5.609437657375,,,4.688188584000001,,,
CLIM 012021-22Real_Annual,CLIM 01,2021-22,Real_Annual,5.609437657375,,,4.688188584000001,,,
CLIM 012022-23Cash_Annual,CLIM 01,2022-23,Cash_Annual,5.4173508273125,,,4.4648259555,,,
CLIM 012022-23Real_Annual,CLIM 01,2022-23,Real_Annual,5.4173508273125,,,4.4648259555,,,
CLIM 022010-11Cash_Annual,CLIM 02,2010-11,Cash_Annual,7.38365575621875,,,7.259224113,,,
CLIM 022010-11Real_Annual,CLIM 02,2010-11,Real_Annual,7.383655756174573,,,7.2592241132436754,,,
CLIM 022011-12Cash_Annual,CLIM 02,2011-12,Cash_Annual,6.62141847396875,,,6.531405095,,,
CLIM 022011-12Real_Annual,CLIM 02,2011-12,Real_Annual,6.621418474039494,,,6.531405095255485,,,
CLIM 022012-13Cash_Annual,CLIM 02,2012-13,Cash_Annual,6.88507603553125,,,6.8746248065,,,
CLIM 022012-13Real_Annual,CLIM 02,2012-13,Real_Annual,6.885076035554858,,,6.874624806454345,,,
CLIM 022013-14Cash_Annual,CLIM 02,2013-14,Cash_Annual,6.63752839490625,,,6.5485424635000005,,,
CLIM 022013-14Real_Annual,CLIM 02,2013-14,Real_Annual,6.6375283950150905,,,6.54854246347092,,,
CLIM 022014-15Cash_Annual,CLIM 02,2014-15,Cash_Annual,5.94593916128125,,,5.769623296000001,,,
CLIM 022014-15Real_Annual,CLIM 02,2014-15,Real_Annual,5.945939161294644,,,5.769623296341205,,,
CLIM 022015-16Cash_Annual,CLIM 02,2015-16,Cash_Annual,5.80538890140625,,,5.6511440615,,,
CLIM 022015-16Real_Annual,CLIM 02,2015-16,Real_Annual,5.8053889013447275,,,5.651144061506114,,,
CLIM 022016-17Cash_Annual,CLIM 02,2016-17,Cash_Annual,5.4545797900625,,,5.23467755,,,
CLIM 022016-17Real_Annual,CLIM 02,2016-17,Real_Annual,5.45457979009691,,,5.23467755002417,,,
CLIM 022017-18Cash_Annual,CLIM 02,2017-18,Cash_Annual,5.27404690303125,,,5.130892855,,,
CLIM 022017-18Real_Annual,CLIM 02,2017-18,Real_Annual,5.274046903010589,,,5.130892854909135,,,
CLIM 022018-19Cash_Annual,CLIM 02,2018-19,Cash_Annual,5.16136043221875,,,4.9682634635,,,
CLIM 022018-19Real_Annual,CLIM 02,2018-19,Real_Annual,5.161360432167273,,,4.968263463508681,,,
CLIM 022019-20Cash_Annual,CLIM 02,2019-20,Cash_Annual,4.9435418899375,,,4.814014350000001,,,
CLIM 022019-20Real_Annual,CLIM 02,2019-20,Real_Annual,4.943541890048945,,,4.81401435016138,,,
CLIM 022020-21Cash_Annual,CLIM 02,2020-21,Cash_Annual,4.38379242440625,,,4.2645936525,,,
CLIM 022020-21Real_Annual,CLIM 02,2020-21,Real_Annual,4.38379242438707,,,4.26459365260178,,,
CLIM 022021-22Cash_Annual,CLIM 02,2021-22,Cash_Annual,4.8052520605625,,,4.647217490999999,,,
CLIM 022021-22Real_Annual,CLIM 02,2021-22,Real_Annual,4.805252060549178,,,4.647217490894675,,,
CLIM 022022-23Cash_Annual,CLIM 02,2022-23,Cash_Annual,4.54799108271875,,,4.3957840215,,,
CLIM 022022-23Real_Annual,CLIM 02,2022-23,Real_Annual,4.547991082811345,,,4.395784021787335,,,
CLIM 032017-18Cash_Annual,CLIM 03,2017-18,Cash_Annual,42.77865249040625,4638664.193548387,168434.375,25.854969995,3604670.0,118600.0,26.679268632071096
CLIM 032017-18Real_Annual,CLIM 03,2017-18,Real_Annual,42.778652490853005,4638664.193548387,168434.375,25.854969993606552,3604670.0,118600.0,26.679268632071096
CLIM 032018-19Cash_Annual,CLIM 03,2018-19,Cash_Annual,63.887458653125,5152787.1875,168571.875,25.122843494999998,3896590.0,118475.0,30.567300669224924
CLIM 032018-19Real_Annual,CLIM 03,2018-19,Real_Annual,63.88745865405784,5152787.1875,168571.875,25.12284349145665,3896590.0,118475.0,30.567300669224924
CLIM 032019-20Cash_Annual,CLIM 03,2019-20,Cash_Annual,61.86867179753125,4975220.724521875,169200.0,25.14982897,3598120.622,118655.0,29.40437780450281
CLIM 032019-20Real_Annual,CLIM 03,2019-20,Real_Annual,61.868671798901794,4975220.724481562,169200.0,25.149828968560698,3598120.62175,118655.0,29.404377804264552
CLIM 032020-21Cash_Annual,CLIM 03,2020-21,Cash_Annual,37.12706666440625,3659119.355025875,169159.375,19.484458345,2799428.6785000004,118360.0,21.631194576273852
CLIM 032020-21Real_Annual,CLIM 03,2020-21,Real_Annual,37.127066663602115,3659119.3549572187,169159.375,19.4844583473695,2799428.6784800002,118360.0,21.631194575867987
CLIM 032021-22Cash_Annual,CLIM 03,2021-22,Cash_Annual,59.326447605625006,4619117.772715625,169325.0,21.952322295000002,3343456.7569999998,118795.0,27.27959706313672
CLIM 032021-22Real_Annual,CLIM 03,2021-22,Real_Annual,59.326447606271046,4619117.772872252,169325.0,21.9523222956137,3343456.757116945,118795.0,27.27959706406173
CLIM 032022-23Cash_Annual,CLIM 03,2022-23,Cash_Annual,50.76225184096875,4737856.1056625,170218.75,23.61266719,3098245.098,118610.0,27.833926084303283
CLIM 032022-23Real_Annual,CLIM 03,2022-23,Real_Annual,50.76225183957702,4737856.105636698,170218.75,23.612667191908,3098245.0981335,118610.0,27.833926084151706
CLIM 042017-18Cash_Annual,CLIM 04,2017-18,Cash_Annual,98.741936366875,15386518.75,168434.375,86.03947205,10083895.0,118600.0,91.35022913226591
CLIM 042017-18Real_Annual,CLIM 04,2017-18,Real_Annual,98.74193636273748,15386518.75,168434.375,86.03947205025256,10083895.0,118600.0,91.35022913226591
CLIM 042018-19Cash_Annual,CLIM 04,2018-19,Cash_Annual,75.210714490625,11891541.875,168571.875,65.141367275,7260995.0,118475.0,70.54285820217638
CLIM 042018-19Real_Annual,CLIM 04,2018-19,Real_Annual,75.21071449107298,11891541.875,168571.875,65.14136727610179,7260995.0,118475.0,70.54285820217638
CLIM 042019-20Cash_Annual,CLIM 04,2019-20,Cash_Annual,62.2101908421875,9445027.2783125,169200.0,54.20982337,6261548.5955,118655.0,55.82167422170509
CLIM 042019-20Real_Annual,CLIM 04,2019-20,Real_Annual,62.21019084324455,9445027.2778225,169200.0,54.2098233714746,6261548.5956500005,118655.0,55.8216742188091
CLIM 042020-21Cash_Annual,CLIM 04,2020-21,Cash_Annual,44.68420299790625,7211953.487684688,169159.375,43.618326695,4587458.714500001,118360.0,42.6340750412721
CLIM 042020-21Real_Annual,CLIM 04,2020-21,Real_Annual,44.68420299886227,7211953.48747625,169159.375,43.6183266972931,4587458.7144949995,118360.0,42.6340750400399
CLIM 042021-22Cash_Annual,CLIM 04,2021-22,Cash_Annual,51.4008706984375,7869187.073125,169325.0,45.3955755,5159647.879000001,118795.0,46.47386430311531
CLIM 042021-22Real_Annual,CLIM 04,2021-22,Real_Annual,51.40087069790912,7869187.072918569,169325.0,45.39557550161845,5159647.8789408,118795.0,46.47386430189617
CLIM 042022-23Cash_Annual,CLIM 04,2022-23,Cash_Annual,54.04777983875,7441712.0597187495,170218.75,41.612287730000006,5083878.561000001,118610.0,43.718521371580685
CLIM 042022-23Real_Annual,CLIM 04,2022-23,Real_Annual,54.04777983925991,7441712.059827281,170218.75,41.612287732088205,5083878.560935,118610.0,43.718521372218284
CLIM 052017-18Cash_Annual,CLIM 05,2017-18,Cash_Annual,62.970317487241374,12057211.379310345,183392.41379310345,60.65417224,8144240.0,135800.0,65.74542059800164
CLIM 052017-18Real_Annual,CLIM 05,2017-18,Real_Annual,62.97031748710142,12057211.379310345,183392.41379310345,60.6541722445337,8144240.0,135800.0,65.74542059800164
CLIM 052018-19Cash_Annual,CLIM 05,2018-19,Cash_Annual,58.8566828462069,11305658.44862069,183551.37931034484,58.39054825,7929730.0,135130.0,61.593971623091534
CLIM 052018-19Real_Annual,CLIM 05,2018-19,Real_Annual,58.8566828457013,11305658.44862069,183551.37931034484,58.3905482490889,7929730.0,135130.0,61.593971623091534
CLIM 052019-20Cash_Annual,CLIM 05,2019-20,Cash_Annual,56.736140706206896,10915658.168321429,184251.0344827586,53.92893909,7862767.961999999,134600.0,57.20052640194787
CLIM 052019-20Real_Annual,CLIM 05,2019-20,Real_Annual,56.73614070591795,10915658.16830357,184251.0344827586,53.9289390875576,7862767.961999999,134600.0,57.20052640185429
CLIM 052020-21Cash_Annual,CLIM 05,2020-21,Cash_Annual,57.224228617137925,10700977.889793104,184213.10344827586,54.4523998,8240230.949000001,134070.0,58.090210139680806
CLIM 052020-21Real_Annual,CLIM 05,2020-21,Real_Annual,57.22422861657265,10700977.88984138,184213.10344827586,54.4523997979798,8240230.949000001,134070.0,58.090210139942876
CLIM 052021-22Cash_Annual,CLIM 05,2021-22,Cash_Annual,60.84885689,11506117.065413794,184388.9655172414,57.03556854,7930586.595,133910.0,62.40133205985099
CLIM 052021-22Real_Annual,CLIM 05,2021-22,Real_Annual,60.848856889567436,11506117.065220937,184388.9655172414,57.0355685369793,7930586.595120001,133910.0,62.401332058805075
CLIM 052022-23Cash_Annual,CLIM 05,2022-23,Cash_Annual,56.72349056931034,10813527.175482757,185373.44827586206,54.64978119,7453284.551,133490.0,58.33374345710337
CLIM 052022-23Real_Annual,CLIM 05,2022-23,Real_Annual,56.723490569496555,10813527.175198117,185373.44827586206,54.6497811944215,7453284.550616221,133490.0,58.33374345556786
CORP 012010-11Cash_Annual,CORP 01,2010-11,Cash_Annual,0.055621875,24495.4745,450844.09375,0.054150000000000004,18343.0,308190.5,0.05433247288714204
CORP 012010-11Real_Annual,CORP 01,2010-11,Real_Annual,0.055621875,34230.3284375,630016.022003125,0.054150000000000004,25632.772100000002,430669.838,0.05433247289277702
CORP 012011-12Cash_Annual,CORP 01,2011-12,Cash_Annual,0.057671875,25193.28125,441766.78125,0.05045,15533.0,305078.0,0.05702846460911891
CORP 012011-12Real_Annual,CORP 01,2011-12,Real_Annual,0.057671875,34593.827009375,606606.319334375,0.05045,21328.93725,418913.8943,0.0570284646017776
CORP 012012-13Cash_Annual,CORP 01,2012-13,Cash_Annual,0.055321875,24891.90625,445029.40625,0.0518,16104.0,308329.0,0.0559331718318333
CORP 012012-13Real_Annual,CORP 01,2012-13,Real_Annual,0.055321875,33560.488678125,600010.46930625,0.0518,21712.2025,415704.27795,0.05593317182769934
CORP 012013-14Cash_Annual,CORP 01,2013-14,Cash_Annual,0.0523125,23672.28125,453577.4375,0.04855,16452.0,316049.0,0.05219016488226445
CORP 012013-14Real_Annual,CORP 01,2013-14,Real_Annual,0.0523125,31317.371159374998,600062.698025,0.04855,21765.2614,418118.71575,0.052190164898519055
CORP 012014-15Cash_Annual,CORP 01,2014-15,Cash_Annual,0.05306875,24034.0625,459654.15625,0.049049999999999996,16574.0,320554.0,0.05228727331887364
CORP 012014-15Real_Annual,CORP 01,2014-15,Real_Annual,0.05306875,31412.162975,600761.160028125,0.049049999999999996,21661.972,418959.3203,0.05228727332094741
CORP 012015-16Cash_Annual,CORP 01,2015-16,Cash_Annual,0.0534875,24706.15625,463792.59375,0.0495,15904.5,325760.5,0.053269837817456527
CORP 012015-16Real_Annual,CORP 01,2015-16,Real_Annual,0.0534875,32060.4297,601849.58346875,0.0495,20638.7873,422729.52150000003,0.05326983781432605
CORP 012016-17Cash_Annual,CORP 01,2016-17,Cash_Annual,0.0503375,23381.96875,469051.3125,0.0458,15759.5,334257.5,0.0498494900811092
CORP 012016-17Real_Annual,CORP 01,2016-17,Real_Annual,0.0503375,29671.932753125002,595230.416771875,0.0458,19998.95,424175.83265,0.04984949007486107
CORP 012017-18Cash_Annual,CORP 01,2017-18,Cash_Annual,0.0454375,21181.09375,476298.4375,0.04395,13929.5,347897.5,0.04447021464352379
CORP 012017-18Real_Annual,CORP 01,2017-18,Real_Annual,0.0454375,26462.693453125,595065.5662312501,0.04395,17402.88265,434647.28524999996,0.04447021463655194
CORP 012018-19Cash_Annual,CORP 01,2018-19,Cash_Annual,0.04376875,20938.125,489569.578125,0.043,14124.5,347330.5,0.042768435653601715
CORP 012018-19Real_Annual,CORP 01,2018-19,Real_Annual,0.04376875,25490.794028125,596018.8544124999,0.043,17195.65245,422852.10510000004,0.04276843566174003
CORP 012019-20Cash_Annual,CORP 01,2019-20,Cash_Annual,0.04160625,20836.455353125,521271.2893125,0.04005,14048.5,347949.0,0.03997238248169396
CORP 012019-20Real_Annual,CORP 01,2019-20,Real_Annual,0.04160625,24779.291275,619910.2913875,0.04005,16706.86625,413790.61230000004,0.03997238248705037
CORP 012020-21Cash_Annual,CORP 01,2020-21,Cash_Annual,0.040287500000000004,21488.75,532606.84375,0.03855,13876.5,370275.0,0.040346364775753034
CORP 012020-21Real_Annual,CORP 01,2020-21,Real_Annual,0.040287500000000004,24973.6218,618980.7171375,0.03855,16126.8786,430323.20695,0.04034636477125083
CORP 012021-22Cash_Annual,CORP 01,2021-22,Cash_Annual,0.03918125,22727.875,559572.15625,0.03815,14230.0,391688.5,0.04061652236650222
CORP 012021-22Real_Annual,CORP 01,2021-22,Real_Annual,0.03918125,25104.00474375,618073.71178125,0.03815,15717.702949999999,432638.33335,0.04061652237465629
CORP 012022-23Cash_Annual,CORP 01,2022-23,Cash_Annual,0.039146875,24202.125,600086.5625,0.038599999999999995,16657.5,403256.5,0.040331056404883256
CORP 012022-23Real_Annual,CORP 01,2022-23,Real_Annual,0.039146875,25545.759134375,633401.686409375,0.038599999999999995,17582.2777,425644.17055,0.0403310563935955
CORP 012023-24Cash_Annual,CORP 01,2023-24,Cash_Annual,0.04019375,26196.768934375,645914.125,0.03905,17718.0,426936.0,0.04055766536205568
CORP 012023-24Real_Annual,CORP 01,2023-24,Real_Annual,0.04019375,26196.768934375,645914.125,0.03905,17718.0,426936.0,0.04055766536205568
CORP 03b2010-11Cash_Annual,CORP 03b,2010-11,Cash_Annual,0.443303125,156.0625,337.34375,0.45994999999999997,104.5,234.5,0.46262158406669757
CORP 03b2010-11Real_Annual,CORP 03b,2010-11,Real_Annual,0.443303125,156.0625,337.34375,0.45994999999999997,104.5,234.5,0.46262158406669757
CORP 03b2011-12Cash_Annual,CORP 03b,2011-12,Cash_Annual,0.4599375,162.375,334.78125,0.4707,111.0,226.5,0.4850182021842621
CORP 03b2011-12Real_Annual,CORP 03b,2011-12,Real_Annual,0.4599375,162.375,334.78125,0.4707,111.0,226.5,0.4850182021842621
CORP 03b2012-13Cash_Annual,CORP 03b,2012-13,Cash_Annual,0.468321875,149.53125,306.9375,0.47685,126.0,242.5,0.4871716554673183
CORP 03b2012-13Real_Annual,CORP 03b,2012-13,Real_Annual,0.468321875,149.53125,306.9375,0.47685,126.0,242.5,0.4871716554673183
CORP 03b2013-14Cash_Annual,CORP 03b,2013-14,Cash_Annual,0.477775,158.75,313.09375,0.4901,115.0,231.0,0.5070366304022358
CORP 03b2013-14Real_Annual,CORP 03b,2013-14,Real_Annual,0.477775,158.75,313.09375,0.4901,115.0,231.0,0.5070366304022358
CORP 03b2014-15Cash_Annual,CORP 03b,2014-15,Cash_Annual,0.492471875,170.34375,329.71875,0.4985,123.0,235.0,0.5166334944555019
CORP 03b2014-15Real_Annual,CORP 03b,2014-15,Real_Annual,0.492471875,170.34375,329.71875,0.4985,123.0,235.0,0.5166334944555019
CORP 03b2015-16Cash_Annual,CORP 03b,2015-16,Cash_Annual,0.495178125,160.25,308.8125,0.5055000000000001,119.0,222.5,0.518923294879579
CORP 03b2015-16Real_Annual,CORP 03b,2015-16,Real_Annual,0.495178125,160.25,308.8125,0.5055000000000001,119.0,222.5,0.518923294879579
CORP 03b2016-17Cash_Annual,CORP 03b,2016-17,Cash_Annual,0.506825,159.96875,302.40625,0.51805,119.0,218.5,0.5289862560710964
CORP 03b2016-17Real_Annual,CORP 03b,2016-17,Real_Annual,0.506825,159.96875,302.40625,0.51805,119.0,218.5,0.5289862560710964
CORP 03b2017-18Cash_Annual,CORP 03b,2017-18,Cash_Annual,0.524121875,171.40625,313.75,0.5347,118.0,228.5,0.5463147410358565
CORP 03b2017-18Real_Annual,CORP 03b,2017-18,Real_Annual,0.524121875,171.40625,313.75,0.5347,118.0,228.5,0.5463147410358565
CORP 03b2018-19Cash_Annual,CORP 03b,2018-19,Cash_Annual,0.528934375,179.84375,323.84375,0.54825,121.5,229.0,0.5553411174370356
CORP 03b2018-19Real_Annual,CORP 03b,2018-19,Real_Annual,0.528934375,179.84375,323.84375,0.54825,121.5,229.0,0.5553411174370356
CORP 03b2019-20Cash_Annual,CORP 03b,2019-20,Cash_Annual,0.54355625,185.0,326.03125,0.5602,122.0,226.5,0.5674302693376785
CORP 03b2019-20Real_Annual,CORP 03b,2019-20,Real_Annual,0.54355625,185.0,326.03125,0.5602,122.0,226.5,0.5674302693376785
CORP 03b2020-21Cash_Annual,CORP 03b,2020-21,Cash_Annual,0.554134375,198.9375,342.625,0.5701,125.5,234.5,0.5806275082086829
CORP 03b2020-21Real_Annual,CORP 03b,2020-21,Real_Annual,0.554134375,198.9375,342.625,0.5701,125.5,234.5,0.5806275082086829
CORP 03b2021-22Cash_Annual,CORP 03b,2021-22,Cash_Annual,0.5657875,207.84375,352.40625,0.58355,131.0,239.5,0.5897845171588189
CORP 03b2021-22Real_Annual,CORP 03b,2021-22,Real_Annual,0.5657875,207.84375,352.40625,0.58355,131.0,239.5,0.5897845171588189
CORP 03b2022-23Cash_Annual,CORP 03b,2022-23,Cash_Annual,0.56964375,197.53125,335.65625,0.58755,137.5,247.0,0.588492691555721
CORP 03b2022-23Real_Annual,CORP 03b,2022-23,Real_Annual,0.56964375,197.53125,335.65625,0.58755,137.5,247.0,0.588492691555721
CORP 03b2023-24Cash_Annual,CORP 03b,2023-24,Cash_Annual,0.58288125,194.125,324.4375,0.5882499999999999,135.0,240.0,0.59834328645733
CORP 03b2023-24Real_Annual,CORP 03b,2023-24,Real_Annual,0.58288125,194.125,324.4375,0.5882499999999999,135.0,240.0,0.59834328645733
CORP 03c2015-16Cash_Annual,CORP 03c,2015-16,Cash_Annual,0.045534375,14.728333333333333,14.07,0.0377,14.67,14.079999999999998,1.046789860222696
CORP 03c2015-16Real_Annual,CORP 03c,2015-16,Real_Annual,0.045534375,19.112506666666665,18.258216666666666,0.0377,19.0368,18.2712,1.0467893450711232
CORP 03c2016-17Cash_Annual,CORP 03c,2016-17,Cash_Annual,0.0420875,14.9865625,14.36,0.03855,14.855,14.135,1.0436324860724233
CORP 03c2016-17Real_Annual,CORP 03c,2016-17,Real_Annual,0.0420875,19.018084375,18.222971875,0.03855,18.85115,17.93745,1.0436324275455209
CORP 03c2017-18Cash_Annual,CORP 03c,2017-18,Cash_Annual,0.0393375,15.2178125,14.621875,0.03815,15.219999999999999,14.525,1.0407565719170764
CORP 03c2017-18Real_Annual,CORP 03c,2017-18,Real_Annual,0.0393375,19.012440625,18.267909375,0.03815,19.01515,18.1469,1.040756237329429
CORP 03c2018-19Cash_Annual,CORP 03c,2018-19,Cash_Annual,0.041784375,15.692499999999999,15.04125,0.03795,15.555,15.08,1.04329759827142
CORP 03c2018-19Real_Annual,CORP 03c,2018-19,Real_Annual,0.041784375,19.1045875,18.3117375,0.03795,18.9372,18.3589,1.0432973659654088
CORP 03c2019-20Cash_Annual,CORP 03c,2019-20,Cash_Annual,0.033965625,16.37,15.8228125,0.03075,16.345,15.809999999999999,1.0345821894811684
CORP 03c2019-20Real_Annual,CORP 03c,2019-20,Real_Annual,0.033965625,19.4676625,18.816925,0.03075,19.43795,18.8017,1.0345825633040466
CORP 03c2020-21Cash_Annual,CORP 03c,2020-21,Cash_Annual,0.03665,16.89890625,16.28555,0.03515,16.8725,16.235,1.0376626058069884
CORP 03c2020-21Real_Annual,CORP 03c,2020-21,Real_Annual,0.03665,19.639440625,18.926609374999998,0.03515,19.60875,18.86785,1.0376629134081234
CORP 03c2021-22Cash_Annual,CORP 03c,2021-22,Cash_Annual,0.0354,17.268925,16.66331875,0.032600000000000004,17.28,16.715,1.0363436755358233
CORP 03c2021-22Real_Annual,CORP 03c,2021-22,Real_Annual,0.0354,19.0743375,18.40541875,0.032600000000000004,19.086550000000003,18.4625,1.0363435768066944
CORP 03c2022-23Cash_Annual,CORP 03c,2022-23,Cash_Annual,0.025246875,18.472184375,18.013078125,0.0174,18.40495,17.875,1.0254873845999044
CORP 03c2022-23Real_Annual,CORP 03c,2022-23,Real_Annual,0.025246875,19.497696875,19.0131125,0.0174,19.42675,18.867350000000002,1.0254868515084
CORP 03c2023-24Cash_Annual,CORP 03c,2023-24,Cash_Annual,0.01791290322580645,19.816174193548388,19.455351612903225,0.0258,19.75,19.3,1.0185461865621517
CORP 03c2023-24Real_Annual,CORP 03c,2023-24,Real_Annual,0.01791290322580645,19.816174193548388,19.455351612903225,0.0258,19.75,19.3,1.0185461865621517
CORP 042010-11Cash_Annual,CORP 04,2010-11,Cash_Annual,13.8140625,1077615.34375,78013.40625,13.8,698433.0,56499.5,13.81320718514326
CORP 042010-11Real_Annual,CORP 04,2010-11,Real_Annual,19.3039625,1505875.182840625,78013.40625,19.2843,976000.32115,56499.5,19.30277442334631
CORP 042011-12Cash_Annual,CORP 04,2011-12,Cash_Annual,12.71,1034228.375,78410.6875,12.46,611767.0,56795.5,13.189890408753271
CORP 042011-12Real_Annual,CORP 04,2011-12,Real_Annual,17.45256875,1420137.26368125,78410.6875,17.109299999999998,840039.91225,56795.5,18.111526744122095
CORP 042012-13Cash_Annual,CORP 04,2012-13,Cash_Annual,13.22625,1047341.46875,78788.09375,12.594999999999999,702690.0,57074.5,13.29314391173476
CORP 042012-13Real_Annual,CORP 04,2012-13,Real_Annual,17.832275,1412077.128746875,78788.09375,16.9812,947401.1172,57074.5,17.92246850428305
CORP 042013-14Cash_Annual,CORP 04,2013-14,Cash_Annual,11.9653125,960421.53125,79203.09375,11.695,612164.0,57274.5,12.12606081122936
CORP 042013-14Real_Annual,CORP 04,2013-14,Real_Annual,15.82958125,1270594.803984375,79203.09375,15.472,809865.6395,57274.5,16.042237036787153
CORP 042014-15Cash_Annual,CORP 04,2014-15,Cash_Annual,11.126875,872909.03125,79704.84375,10.65,528572.0,57603.0,10.951768928723356
CORP 042014-15Real_Annual,CORP 04,2014-15,Real_Annual,14.5426625,1140879.148128125,79704.84375,13.9194,690835.7589499999,57603.0,14.313799443689705
CORP 042015-16Cash_Annual,CORP 04,2015-16,Cash_Annual,10.80125,829866.75,80234.625,9.795,478077.0,57848.0,10.343000294448936
CORP 042015-16Real_Annual,CORP 04,2015-16,Real_Annual,14.01645625,1076892.914109375,80234.625,12.710650000000001,620386.02425,57848.0,13.421797809977614
CORP 042016-17Cash_Annual,CORP 04,2016-17,Cash_Annual,9.6803125,724978.0,80852.21875,8.895,485435.0,58064.0,8.966705072642178
CORP 042016-17Real_Annual,CORP 04,2016-17,Real_Annual,12.284415625,920003.730040625,80852.21875,11.2878,616021.4664,58064.0,11.378830961774009
CORP 042017-18Cash_Annual,CORP 04,2017-18,Cash_Annual,8.534375,599047.25,81454.78125,7.655,434333.0,58323.0,7.3543534315243155
CORP 042017-18Real_Annual,CORP 04,2017-18,Real_Annual,10.66245625,748422.339759375,81454.78125,9.56385,542635.8607,58323.0,9.188194090931587
CORP 042018-19Cash_Annual,CORP 04,2018-19,Cash_Annual,7.9546875,568069.0,82069.8125,7.145,421771.0,58563.0,6.921777724300272
CORP 042018-19Real_Annual,CORP 04,2018-19,Real_Annual,9.684315625,691586.752390625,82069.8125,8.698550000000001,513478.5319,58563.0,8.426810435208743
CORP 042019-20Cash_Annual,CORP 04,2019-20,Cash_Annual,7.524375,546639.90625,82788.5,6.8,385668.0,58835.0,6.602848297166877
CORP 042019-20Real_Annual,CORP 04,2019-20,Real_Annual,8.94819375,650079.3550656249,82788.5,8.08675,458647.09445,58835.0,7.8522905363139195
CORP 042020-21Cash_Annual,CORP 04,2020-21,Cash_Annual,7.584815625,553225.23875,83279.15625,6.90395,346447.5,58919.5,6.6430216594563545
CORP 042020-21Real_Annual,CORP 04,2020-21,Real_Annual,8.8148625,642942.8368125,83279.15625,8.02355,402631.55555,58919.5,7.720333223386855
CORP 042021-22Cash_Annual,CORP 04,2021-22,Cash_Annual,7.375525,555356.503125,84011.40625,7.077299999999999,365443.5,59289.0,6.610489312277165
CORP 042021-22Real_Annual,CORP 04,2021-22,Real_Annual,8.146609375,613417.325025,84011.40625,7.8172,403649.49895000004,59289.0,7.3015957285562045
CORP 042022-23Cash_Annual,CORP 04,2022-23,Cash_Annual,7.684925,579437.4525,84717.4375,7.0592,426716.255,59622.0,6.839648006350523
CORP 042022-23Real_Annual,CORP 04,2022-23,Real_Annual,8.111565625,611606.195696875,84717.4375,7.4511,450406.34534999996,59622.0,7.219366092097332
CORP 042023-24Cash_Annual,CORP 04,2023-24,Cash_Annual,7.539296875,502724.05774375,85332.09375,6.6678,422383.5,59963.0,5.891383132079189
CORP 042023-24Real_Annual,CORP 04,2023-24,Real_Annual,7.539296875,502724.05774375,85332.09375,6.6678,422383.5,59963.0,5.891383132079189
CORP 06a2010-11Cash_Annual,CORP 06a,2010-11,Cash_Annual,6.645625,10917.0,1653.1875,6.5,7537.0,1315.5,6.6036066689350115
CORP 06a2010-11Real_Annual,CORP 06a,2010-11,Real_Annual,6.645625,10917.0,1653.1875,6.5,7537.0,1315.5,6.6036066689350115
CORP 06a2011-12Cash_Annual,CORP 06a,2011-12,Cash_Annual,6.3703125,10020.40625,1605.5,6.335,7355.5,1291.0,6.24129943942697
CORP 06a2011-12Real_Annual,CORP 06a,2011-12,Real_Annual,6.3703125,10020.40625,1605.5,6.335,7355.5,1291.0,6.24129943942697
CORP 06a2012-13Cash_Annual,CORP 06a,2012-13,Cash_Annual,6.8565625,10610.75,1598.9375,6.62,8293.0,1214.5,6.636125552124458
CORP 06a2012-13Real_Annual,CORP 06a,2012-13,Real_Annual,6.8565625,10610.75,1598.9375,6.62,8293.0,1214.5,6.636125552124458
CORP 06a2013-14Cash_Annual,CORP 06a,2013-14,Cash_Annual,6.103125,9642.5,1581.0625,5.955,7463.5,1212.5,6.098746886982646
CORP 06a2013-14Real_Annual,CORP 06a,2013-14,Real_Annual,6.103125,9642.5,1581.0625,5.955,7463.5,1212.5,6.098746886982646
CORP 06a2014-15Cash_Annual,CORP 06a,2014-15,Cash_Annual,6.5275,9908.59375,1577.6875,6.305,7433.5,1171.0,6.280453987243988
CORP 06a2014-15Real_Annual,CORP 06a,2014-15,Real_Annual,6.5275,9908.59375,1577.6875,6.305,7433.5,1171.0,6.280453987243988
CORP 06a2015-16Cash_Annual,CORP 06a,2015-16,Cash_Annual,6.2275,9587.71875,1573.125,6.15,7349.0,1174.5,6.094696066746127
CORP 06a2015-16Real_Annual,CORP 06a,2015-16,Real_Annual,6.2275,9587.71875,1573.125,6.15,7349.0,1174.5,6.094696066746127
CORP 06a2016-17Cash_Annual,CORP 06a,2016-17,Cash_Annual,6.0284375,9711.96875,1602.21875,5.875,7854.0,1241.0,6.061574769362798
CORP 06a2016-17Real_Annual,CORP 06a,2016-17,Real_Annual,6.0284375,9711.96875,1602.21875,5.875,7854.0,1241.0,6.061574769362798
CORP 06a2017-18Cash_Annual,CORP 06a,2017-18,Cash_Annual,6.134375,9809.9375,1653.34375,5.92,7464.5,1268.5,5.933392556750524
CORP 06a2017-18Real_Annual,CORP 06a,2017-18,Real_Annual,6.134375,9809.9375,1653.34375,5.92,7464.5,1268.5,5.933392556750524
CORP 06a2018-19Cash_Annual,CORP 06a,2018-19,Cash_Annual,6.3034375,10273.3125,1654.84375,6.17,7933.0,1315.0,6.208025682182986
CORP 06a2018-19Real_Annual,CORP 06a,2018-19,Real_Annual,6.3034375,10273.3125,1654.84375,6.17,7933.0,1315.0,6.208025682182986
CORP 06a2019-20Cash_Annual,CORP 06a,2019-20,Cash_Annual,6.4271875,10827.0,1705.03125,6.130000000000001,8048.0,1336.5,6.350030241381206
CORP 06a2019-20Real_Annual,CORP 06a,2019-20,Real_Annual,6.4271875,10827.0,1705.03125,6.130000000000001,8048.0,1336.5,6.350030241381206
CORP 06a2020-21Cash_Annual,CORP 06a,2020-21,Cash_Annual,4.124525,7019.71875,1707.9375,4.1513,5010.0,1358.5,4.110055988582721
CORP 06a2020-21Real_Annual,CORP 06a,2020-21,Real_Annual,4.124525,7019.71875,1707.9375,4.1513,5010.0,1358.5,4.110055988582721
CORP 06a2021-22Cash_Annual,CORP 06a,2021-22,Cash_Annual,5.820234375,10198.4375,1753.40625,5.58825,7091.5,1452.0,5.816357447111872
CORP 06a2021-22Real_Annual,CORP 06a,2021-22,Real_Annual,5.820234375,10198.4375,1753.40625,5.58825,7091.5,1452.0,5.816357447111872
CORP 06a2022-23Cash_Annual,CORP 06a,2022-23,Cash_Annual,6.74954375,11887.78125,1753.5625,6.8408,8804.5,1449.5,6.779217307623766
CORP 06a2022-23Real_Annual,CORP 06a,2022-23,Real_Annual,6.74954375,11887.78125,1753.5625,6.8408,8804.5,1449.5,6.779217307623766
CORP 06a2023-24Cash_Annual,CORP 06a,2023-24,Cash_Annual,7.944415625,13440.65625,1761.625,7.66475,10288.0,1454.0,7.629692045696445
CORP 06a2023-24Real_Annual,CORP 06a,2023-24,Real_Annual,7.944415625,13440.65625,1761.625,7.66475,10288.0,1454.0,7.629692045696445
CORP 06b2010-11Cash_Annual,CORP 06b,2010-11,Cash_Annual,10.8215625,54101.65625,5012.59375,10.675,41796.5,4242.0,10.793146013478552
CORP 06b2010-11Real_Annual,CORP 06b,2010-11,Real_Annual,10.8215625,54101.65625,5012.59375,10.675,41796.5,4242.0,10.793146013478552
CORP 06b2011-12Cash_Annual,CORP 06b,2011-12,Cash_Annual,10.64875,49394.59375,4717.3125,10.325,42390.5,3899.0,10.470918292989918
CORP 06b2011-12Real_Annual,CORP 06b,2011-12,Real_Annual,10.64875,49394.59375,4717.3125,10.325,42390.5,3899.0,10.470918292989918
CORP 06b2012-13Cash_Annual,CORP 06b,2012-13,Cash_Annual,11.3084375,50748.5625,4612.03125,10.845,42754.0,3656.0,11.003516617542433
CORP 06b2012-13Real_Annual,CORP 06b,2012-13,Real_Annual,11.3084375,50748.5625,4612.03125,10.845,42754.0,3656.0,11.003516617542433
CORP 06b2013-14Cash_Annual,CORP 06b,2013-14,Cash_Annual,10.474375,47183.46875,4565.40625,10.31,37081.5,3684.0,10.334998939031987
CORP 06b2013-14Real_Annual,CORP 06b,2013-14,Real_Annual,10.474375,47183.46875,4565.40625,10.31,37081.5,3684.0,10.334998939031987
CORP 06b2014-15Cash_Annual,CORP 06b,2014-15,Cash_Annual,10.986875,49065.96875,4543.75,11.04,36996.5,3695.0,10.798562585969739
CORP 06b2014-15Real_Annual,CORP 06b,2014-15,Real_Annual,10.986875,49065.96875,4543.75,11.04,36996.5,3695.0,10.798562585969739
CORP 06b2015-16Cash_Annual,CORP 06b,2015-16,Cash_Annual,10.85625,47784.78125,4493.5625,10.58,35904.5,3523.5,10.634052881205058
CORP 06b2015-16Real_Annual,CORP 06b,2015-16,Real_Annual,10.85625,47784.78125,4493.5625,10.58,35904.5,3523.5,10.634052881205058
CORP 06b2016-17Cash_Annual,CORP 06b,2016-17,Cash_Annual,10.984375,48883.5,4477.96875,10.93,34766.0,3508.0,10.91644509578143
CORP 06b2016-17Real_Annual,CORP 06b,2016-17,Real_Annual,10.984375,48883.5,4477.96875,10.93,34766.0,3508.0,10.91644509578143
CORP 06b2017-18Cash_Annual,CORP 06b,2017-18,Cash_Annual,11.374062499999999,51291.625,4496.59375,11.370000000000001,37693.0,3648.5,11.406773182478403
CORP 06b2017-18Real_Annual,CORP 06b,2017-18,Real_Annual,11.374062499999999,51291.625,4496.59375,11.370000000000001,37693.0,3648.5,11.406773182478403
CORP 06b2018-19Cash_Annual,CORP 06b,2018-19,Cash_Annual,11.65625,53589.78125,4664.75,11.655,36621.0,3623.0,11.488242939064259
CORP 06b2018-19Real_Annual,CORP 06b,2018-19,Real_Annual,11.65625,53589.78125,4664.75,11.655,36621.0,3623.0,11.488242939064259
CORP 06b2019-20Cash_Annual,CORP 06b,2019-20,Cash_Annual,11.750937500000001,57064.71875,4796.03125,11.795,40010.0,3678.5,11.898320877287862
CORP 06b2019-20Real_Annual,CORP 06b,2019-20,Real_Annual,11.750937500000001,57064.71875,4796.03125,11.795,40010.0,3678.5,11.898320877287862
CORP 06b2020-21Cash_Annual,CORP 06b,2020-21,Cash_Annual,9.425040625,45598.40625,4758.09375,9.3664,30754.0,3526.5,9.583334975272397
CORP 06b2020-21Real_Annual,CORP 06b,2020-21,Real_Annual,9.425040625,45598.40625,4758.09375,9.3664,30754.0,3526.5,9.583334975272397
CORP 06b2021-22Cash_Annual,CORP 06b,2021-22,Cash_Annual,12.13881875,59848.96875,4919.75,12.20815,40921.5,3690.0,12.165042685095788
CORP 06b2021-22Real_Annual,CORP 06b,2021-22,Real_Annual,12.13881875,59848.96875,4919.75,12.20815,40921.5,3690.0,12.165042685095788
CORP 06b2022-23Cash_Annual,CORP 06b,2022-23,Cash_Annual,13.478334375,66491.125,5007.71875,13.31705,51048.0,3883.5,13.277727508159279
CORP 06b2022-23Real_Annual,CORP 06b,2022-23,Real_Annual,13.478334375,66491.125,5007.71875,13.31705,51048.0,3883.5,13.277727508159279
CORP 06b2023-24Cash_Annual,CORP 06b,2023-24,Cash_Annual,14.2638625,69613.34375,5013.5,13.92545,51574.0,3860.5,13.885178767328213
CORP 06b2023-24Real_Annual,CORP 06b,2023-24,Real_Annual,14.2638625,69613.34375,5013.5,13.92545,51574.0,3860.5,13.885178767328213
CORP 072010-11Cash_Annual,CORP 07,2010-11,Cash_Annual,0.9513125,58244277.375,61479516.6875,0.9512499999999999,43306866.0,45922310.0,0.9473769559877202
CORP 072010-11Real_Annual,CORP 07,2010-11,Real_Annual,0.9513125,81391391.04775625,85912361.00196563,0.9512499999999999,60517637.51765,64172496.586449996,0.9473769559876729
CORP 072011-12Cash_Annual,CORP 07,2011-12,Cash_Annual,0.954221875,58895944.65625,61941312.90625,0.9555,43617825.5,46273770.5,0.9508346189786249
CORP 072011-12Real_Annual,CORP 07,2011-12,Real_Annual,0.954221875,80872201.64089063,85053909.50926563,0.9555,59893250.707849994,63540227.09715,0.9508346189786907
CORP 072012-13Cash_Annual,CORP 07,2012-13,Cash_Annual,0.95483125,59564943.65625,62591817.25,0.9556,43996657.5,46657358.0,0.9516410654501328
CORP 072012-13Real_Annual,CORP 07,2012-13,Real_Annual,0.95483125,80308378.04263438,84389357.456575,0.9556,59318451.1936,62905738.0858,0.9516410654502185
CORP 072013-14Cash_Annual,CORP 07,2013-14,Cash_Annual,0.9549,60532396.59375,63563523.15625,0.9548,44508267.0,47146953.5,0.9523134273874503
CORP 072013-14Real_Annual,CORP 07,2013-14,Real_Annual,0.9549,80081657.9825625,84091703.08796875,0.9548,58882449.9914,62373314.4162,0.9523134273875827
CORP 072014-15Cash_Annual,CORP 07,2014-15,Cash_Annual,0.956240625,61829892.4375,64770819.9375,0.95495,45224670.5,47735420.0,0.9545948699917984
CORP 072014-15Real_Annual,CORP 07,2014-15,Real_Annual,0.956240625,80810751.73654374,84654500.3298125,0.95495,59107973.11895,62389485.4509,0.9545948699916298
CORP 072015-16Cash_Annual,CORP 07,2015-16,Cash_Annual,0.9582968749999999,63010209.46875,65870309.53125,0.9587,45974503.0,48378866.5,0.9565798296250131
CORP 072015-16Real_Annual,CORP 07,2015-16,Real_Annual,0.9582968749999999,81766437.916975,85477903.02981876,0.9587,59659718.27435,62779787.87115,0.9565798296251019
CORP 072016-17Cash_Annual,CORP 07,2016-17,Cash_Annual,0.959853125,64087217.21875,66877779.3125,0.9593499999999999,46898858.5,49211735.5,0.9582737028287
CORP 072016-17Real_Annual,CORP 07,2016-17,Real_Annual,0.959853125,81327266.33037187,84868515.21679063,0.9593499999999999,59515081.49905,62450143.6211,0.9582737028287476
CORP 072017-18Cash_Annual,CORP 07,2017-18,Cash_Annual,0.96138125,71045537.40625,74005323.15625,0.9616,51091918.0,53428766.5,0.9600057722368038
CORP 072017-18Real_Annual,CORP 07,2017-18,Real_Annual,0.96138125,88761057.38755,92458878.846875,0.9616,63831914.4481,66751466.4902,0.9600057722368761
CORP 072018-19Cash_Annual,CORP 07,2018-19,Cash_Annual,0.961465625,72863768.03125,75889112.9375,0.9623999999999999,53038319.0,55679236.5,0.9601346650508146
CORP 072018-19Real_Annual,CORP 07,2018-19,Real_Annual,0.961465625,88706859.02641562,92390018.04160625,0.9623999999999999,64570675.02345,67785818.8831,0.9601346650508068
CORP 072019-20Cash_Annual,CORP 07,2019-20,Cash_Annual,0.959346875,76427529.21875,79809166.375,0.9623999999999999,55831666.0,58827315.0,0.957628461618548
CORP 072019-20Real_Annual,CORP 07,2019-20,Real_Annual,0.959346875,90889739.91014062,94911276.71427187,0.9623999999999999,66396567.4851,69959076.45605001,0.9576284616185493
CORP 072020-21Cash_Annual,CORP 07,2020-21,Cash_Annual,0.9506125,79065609.0225,83428418.295625,0.9551000000000001,58206247.5,61474621.739999995,0.9477059572474983
CORP 072020-21Real_Annual,CORP 07,2020-21,Real_Annual,0.9506125,91887830.48551562,96958164.90632813,0.9551000000000001,67645666.29664999,71444079.05590001,0.9477059572475306
CORP 072021-22Cash_Annual,CORP 07,2021-22,Cash_Annual,0.958284375,81278459.7515625,84899795.9171875,0.96195,59888198.43,62673049.1,0.9573457612412014
CORP 072021-22Real_Annual,CORP 07,2021-22,Real_Annual,0.958284375,89775873.844975,93775809.615775,0.96195,66149326.1982,69225324.47850001,0.9573457612662708
CORP 072022-23Cash_Annual,CORP 07,2022-23,Cash_Annual,0.96435625,85171024.0646875,88497392.5496875,0.9671,62452576.535,65042645.0,0.9624128080029885
CORP 072022-23Real_Annual,CORP 07,2022-23,Real_Annual,0.96435625,89899480.5857125,93410519.72459376,0.9671,65919768.52965,68653630.33585,0.9624128080088517
CORP 072023-24Cash_Annual,CORP 07,2023-24,Cash_Annual,0.956859375,89773069.125,94017738.625,0.96175,65616994.5,68642457.5,0.9548524612261701
CORP 072023-24Real_Annual,CORP 07,2023-24,Real_Annual,0.956859375,89773069.125,94017738.625,0.96175,65616994.5,68642457.5,0.9548524612261701
CORP 082010-11Cash_Annual,CORP 08,2010-11,Cash_Annual,0.8821,135614.75,151465.03125,0.89285,97871.5,114233.5,0.8953535273508881
CORP 082010-11Real_Annual,CORP 08,2010-11,Real_Annual,0.8821,135614.75,151465.03125,0.89285,97871.5,114233.5,0.8953535273508881
CORP 082011-12Cash_Annual,CORP 08,2011-12,Cash_Annual,0.88699375,129190.9375,143244.3125,0.8861,104291.0,123129.5,0.9018922653560852
CORP 082011-12Real_Annual,CORP 08,2011-12,Real_Annual,0.88699375,129190.9375,143244.3125,0.8861,104291.0,123129.5,0.9018922653560852
CORP 082012-13Cash_Annual,CORP 08,2012-13,Cash_Annual,0.8936968750000001,125535.8125,138756.53125,0.9032,102985.5,116628.5,0.9047200255663641
CORP 082012-13Real_Annual,CORP 08,2012-13,Real_Annual,0.8936968750000001,125535.8125,138756.53125,0.9032,102985.5,116628.5,0.9047200255663641
CORP 082013-14Cash_Annual,CORP 08,2013-14,Cash_Annual,0.9077125,130667.75,142133.21875,0.9176,97859.5,107536.0,0.9193329409491052
CORP 082013-14Real_Annual,CORP 08,2013-14,Real_Annual,0.9077125,130667.75,142133.21875,0.9176,97859.5,107536.0,0.9193329409491052
CORP 082014-15Cash_Annual,CORP 08,2014-15,Cash_Annual,0.914303125,131114.03125,141707.96875,0.92615,98152.5,110604.0,0.9252410602350124
CORP 082014-15Real_Annual,CORP 08,2014-15,Real_Annual,0.914303125,131114.03125,141707.96875,0.92615,98152.5,110604.0,0.9252410602350124
CORP 082015-16Cash_Annual,CORP 08,2015-16,Cash_Annual,0.9177903225806452,132672.93548387097,143015.03225806452,0.9297,95480.0,106071.0,0.927685246712166
CORP 082015-16Real_Annual,CORP 08,2015-16,Real_Annual,0.9177903225806452,132672.93548387097,143015.03225806452,0.9297,95480.0,106071.0,0.927685246712166
CORP 082016-17Cash_Annual,CORP 08,2016-17,Cash_Annual,0.911371875,133562.21875,143523.0625,0.9402999999999999,95101.0,104632.5,0.9305976086595839
CORP 082016-17Real_Annual,CORP 08,2016-17,Real_Annual,0.911371875,133562.21875,143523.0625,0.9402999999999999,95101.0,104632.5,0.9305976086595839
CORP 082017-18Cash_Annual,CORP 08,2017-18,Cash_Annual,0.91735,130543.65625,140081.5,0.9390000000000001,93931.5,100084.5,0.9319121814800669
CORP 082017-18Real_Annual,CORP 08,2017-18,Real_Annual,0.91735,130543.65625,140081.5,0.9390000000000001,93931.5,100084.5,0.9319121814800669
CORP 082018-19Cash_Annual,CORP 08,2018-19,Cash_Annual,0.918209375,135550.34375,146253.125,0.92615,93796.5,100177.5,0.9268201534155253
CORP 082018-19Real_Annual,CORP 08,2018-19,Real_Annual,0.918209375,135550.34375,146253.125,0.92615,93796.5,100177.5,0.9268201534155253
CORP 082019-20Cash_Annual,CORP 08,2019-20,Cash_Annual,0.9093375,130914.78125,142739.4375,0.92755,91196.0,98109.5,0.9171591505676208
CORP 082019-20Real_Annual,CORP 08,2019-20,Real_Annual,0.9093375,130914.78125,142739.4375,0.92755,91196.0,98109.5,0.9171591505676208
CORP 082020-21Cash_Annual,CORP 08,2020-21,Cash_Annual,0.908471875,104382.25,113756.875,0.9359999999999999,74499.0,81091.5,0.9175906950678805
CORP 082020-21Real_Annual,CORP 08,2020-21,Real_Annual,0.908471875,104382.25,113756.875,0.9359999999999999,74499.0,81091.5,0.9175906950678805
CORP 082021-22Cash_Annual,CORP 08,2021-22,Cash_Annual,0.913884375,122351.78125,132706.625,0.9359999999999999,86149.5,92682.5,0.9219719154940456
CORP 082021-22Real_Annual,CORP 08,2021-22,Real_Annual,0.913884375,122351.78125,132706.625,0.9359999999999999,86149.5,92682.5,0.9219719154940456
CORP 082022-23Cash_Annual,CORP 08,2022-23,Cash_Annual,0.903884375,121625.125,134426.375,0.9113,95661.0,100560.0,0.9047712920920467
CORP 082022-23Real_Annual,CORP 08,2022-23,Real_Annual,0.903884375,121625.125,134426.375,0.9113,95661.0,100560.0,0.9047712920920467
CORP 082023-24Cash_Annual,CORP 08,2023-24,Cash_Annual,0.91675,133962.0625,143875.6875,0.92665,95896.0,104021.5,0.9310958983254207
CORP 082023-24Real_Annual,CORP 08,2023-24,Real_Annual,0.91675,133962.0625,143875.6875,0.92665,95896.0,104021.5,0.9310958983254207
CORP 092018-19Cash_Annual,CORP 09,2018-19,Cash_Annual,0.955625,5779.84375,6030.9375,0.975,3940.0,3972.5,0.9583657184310068
CORP 092018-19Real_Annual,CORP 09,2018-19,Real_Annual,0.955625,5779.84375,6030.9375,0.975,3940.0,3972.5,0.9583657184310068
CORP 092019-20Cash_Annual,CORP 09,2019-20,Cash_Annual,0.95421875,6476.5625,6808.59375,0.9775,4500.0,4532.5,0.9512335054503729
CORP 092019-20Real_Annual,CORP 09,2019-20,Real_Annual,0.95421875,6476.5625,6808.59375,0.9775,4500.0,4532.5,0.9512335054503729
CORP 092020-21Cash_Annual,CORP 09,2020-21,Cash_Annual,0.952265625,7976.09375,8527.34375,0.9762500000000001,5040.0,5082.5,0.9353550160329821
CORP 092020-21Real_Annual,CORP 09,2020-21,Real_Annual,0.952265625,7976.09375,8527.34375,0.9762500000000001,5040.0,5082.5,0.9353550160329821
CORP 092021-22Cash_Annual,CORP 09,2021-22,Cash_Annual,0.937578125,7638.125,8238.75,0.9750000000000001,5440.0,5530.0,0.927097557275072
CORP 092021-22Real_Annual,CORP 09,2021-22,Real_Annual,0.937578125,7638.125,8238.75,0.9750000000000001,5440.0,5530.0,0.927097557275072
CORP 092022-23Cash_Annual,CORP 09,2022-23,Cash_Annual,0.92643229165625,8090.78125,8849.21875,0.9775,5805.0,6215.0,0.9142932815396839
CORP 092022-23Real_Annual,CORP 09,2022-23,Real_Annual,0.9264322916666666,8090.78125,8849.21875,0.9775,5805.0,6215.0,0.9142932815396839
CORP 092023-24Cash_Annual,CORP 09,2023-24,Cash_Annual,0.946484375,7604.21875,8102.5,0.9825,5162.5,5220.0,0.9385027769207035
CORP 092023-24Real_Annual,CORP 09,2023-24,Real_Annual,0.946484375,7604.21875,8102.5,0.9825,5162.5,5220.0,0.9385027769207035
CORP 092024-25Cash_Annual,CORP 09,2024-25,Cash_Annual,0.9784375,1927.65625,1981.09375,0.99,1240.0,1255.0,0.9730262639009386
CORP 092024-25Real_Annual,CORP 09,2024-25,Real_Annual,0.9784375,1927.65625,1981.09375,0.99,1240.0,1255.0,0.9730262639009386
CORP 102018-19Cash_Annual,CORP 10,2018-19,Cash_Annual,0.902265625,1925.3125,2153.75,0.915,1372.5,1562.5,0.8939349970980848
CORP 102018-19Real_Annual,CORP 10,2018-19,Real_Annual,0.902265625,1925.3125,2153.75,0.915,1372.5,1562.5,0.8939349970980848
CORP 102019-20Cash_Annual,CORP 10,2019-20,Cash_Annual,0.901875,1972.5,2398.125,0.935,1557.5,1750.0,0.8225175918686474
CORP 102019-20Real_Annual,CORP 10,2019-20,Real_Annual,0.901875,1972.5,2398.125,0.935,1557.5,1750.0,0.8225175918686474
CORP 102020-21Cash_Annual,CORP 10,2020-21,Cash_Annual,0.91921875,2274.53125,2705.46875,0.9550000000000001,1760.0,1805.0,0.8407161420733468
CORP 102020-21Real_Annual,CORP 10,2020-21,Real_Annual,0.91921875,2274.53125,2705.46875,0.9550000000000001,1760.0,1805.0,0.8407161420733468
CORP 102021-22Cash_Annual,CORP 10,2021-22,Cash_Annual,0.892265625,2295.625,2682.65625,0.9225000000000001,1687.5,2027.5,0.8557283476032383
CORP 102021-22Real_Annual,CORP 10,2021-22,Real_Annual,0.892265625,2295.625,2682.65625,0.9225000000000001,1687.5,2027.5,0.8557283476032383
CORP 102022-23Cash_Annual,CORP 10,2022-23,Cash_Annual,0.87005208334375,2540.625,2919.6875,0.90625,1342.5,2077.5,0.8701701808840844
CORP 102022-23Real_Annual,CORP 10,2022-23,Real_Annual,0.8700520833333334,2540.625,2919.6875,0.90625,1342.5,2077.5,0.8701701808840844
CORP 102023-24Cash_Annual,CORP 10,2023-24,Cash_Annual,0.916328125,2265.15625,2709.84375,0.96375,1520.0,1867.5,0.8358992100559304
CORP 102023-24Real_Annual,CORP 10,2023-24,Real_Annual,0.916328125,2265.15625,2709.84375,0.96375,1520.0,1867.5,0.8358992100559304
CORP 102024-25Cash_Annual,CORP 10,2024-25,Cash_Annual,0.939649237,598.28125,637.1875,0.989353564,412.5,432.5,0.9389406571848946
CORP 102024-25Real_Annual,CORP 10,2024-25,Real_Annual,0.9396492369849843,598.28125,637.1875,0.9893535636873645,412.5,432.5,0.9389406571848946
CORP 112013-14Cash_Annual,CORP 11,2013-14,Cash_Annual,0.81580691246875,896892.84375,1031101.25,0.8523276955,560266.0,668071.0,0.8698397405201478
CORP 112013-14Real_Annual,CORP 11,2013-14,Real_Annual,0.8158069124391084,1186549.1869126698,1364100.916110288,0.8523276956524275,741206.902683366,883828.1042979211,0.8698397405201486
CORP 112014-15Cash_Annual,CORP 11,2014-15,Cash_Annual,0.9091807316875,1111847.6875,1168815.0,0.935594379,732495.0,784407.0,0.9512606250775358
CORP 112014-15Real_Annual,CORP 11,2014-15,Real_Annual,0.909180731772379,1453168.4255191216,1527623.8574477714,0.9355943786931065,957360.093309212,1025208.306831304,0.9512606250775346
CORP 112015-16Cash_Annual,CORP 11,2015-16,Cash_Annual,0.91014953971875,1038343.5,1101442.375,0.935437713,671675.5,748004.5,0.9427125045919901
CORP 112015-16Real_Annual,CORP 11,2015-16,Real_Annual,0.9101495396797167,1347426.8701066747,1429308.3665945942,0.9354377129261711,871612.9264471114,970662.754917528,0.9427125045919891
CORP 112016-17Cash_Annual,CORP 11,2016-17,Cash_Annual,0.95827448728125,1078586.0625,1102992.0625,0.9816977055,709308.5,716510.5,0.977872914203315
CORP 112016-17Real_Annual,CORP 11,2016-17,Real_Annual,0.9582744872269296,1368735.6039466932,1399707.0417497132,0.981697705435972,900118.9908589451,909258.394901285,0.977872914203315
CORP 112017-18Cash_Annual,CORP 11,2017-18,Cash_Annual,0.91792860428125,1026991.78125,1077869.09375,0.951334688,712889.5,744235.5,0.952798245357427
CORP 112017-18Real_Annual,CORP 11,2017-18,Real_Annual,0.9179286042581578,1283076.7386672208,1346640.5347817314,0.9513346880446409,890651.6599157115,929813.9240979136,0.952798245357427
CORP 112018-19Cash_Annual,CORP 11,2018-19,Cash_Annual,0.95297931340625,1102184.375,1102779.75,0.9829403335,792846.5,819123.5,0.9994601143156646
CORP 112018-19Real_Annual,CORP 11,2018-19,Real_Annual,0.9529793133634354,1341837.1931068187,1342562.0231234352,0.9829403335971795,965238.617290837,997229.1414926229,0.9994601143156647
CORP 112019-20Cash_Annual,CORP 11,2019-20,Cash_Annual,0.99274256090625,1176091.28125,1090914.0625,1.018345182,724126.0,803795.5,1.0780787613598115
CORP 112019-20Real_Annual,CORP 11,2019-20,Real_Annual,0.9927425609944244,1398640.4081891058,1297345.2945357729,1.018345182120895,861150.746006642,955895.9275896485,1.0780787613598115
CORP 112020-21Cash_Annual,CORP 11,2020-21,Cash_Annual,0.77699523309375,1545680.46875,1858028.90625,0.803777956,976186.0,1327688.0,0.831892584421411
CORP 112020-21Real_Annual,CORP 11,2020-21,Real_Annual,0.7769952331076847,1796346.4349823266,2159349.0176760047,0.803777956216866,1134495.9559447449,1543001.709465585,0.831892584421411
CORP 112021-22Cash_Annual,CORP 11,2021-22,Cash_Annual,1.096658690875,1690921.875,1468429.25,1.019987776,1093495.5,1049357.5,1.1515174292530608
CORP 112021-22Real_Annual,CORP 11,2021-22,Real_Annual,1.0966586908971365,1867702.57942847,1621949.0317571368,1.019987775928635,1207817.106241775,1159064.613492335,1.1515174292530612
CORP 112022-23Cash_Annual,CORP 11,2022-23,Cash_Annual,1.2567882098125,1750846.15625,1328916.1875,1.2867185435000001,1128450.5,974480.5,1.317499307118644
CORP 112022-23Real_Annual,CORP 11,2022-23,Real_Annual,1.2567882098124539,1848048.2272232242,1402693.8892779264,1.286718543690935,1191098.90871325,1028580.92589116,1.3174993071186443
CORP 112023-24Cash_Annual,CORP 11,2023-24,Cash_Annual,1.24047879103125,1560851.84375,1210439.0625,1.2834298020000001,897796.0,822793.5,1.2894922942475677
CORP 112023-24Real_Annual,CORP 11,2023-24,Real_Annual,1.2404787911559112,1560851.84375,1210439.0625,1.283429802086005,897796.0,822793.5,1.2894922942475677
CORP 122017-18Cash_Annual,CORP 12,2017-18,Cash_Annual,1.009596875,1850771.96875,1828014.1875,0.9937,1247272.5,1141396.5,1.0124494554832333
CORP 122017-18Real_Annual,CORP 12,2017-18,Real_Annual,1.009596875,2312270.1710330374,2283837.6360520753,0.9937,1558285.432023085,1426008.781651275,1.0124494554832328
CORP 122018-19Cash_Annual,CORP 12,2018-19,Cash_Annual,1.022275,1952123.1875,1902338.71875,1.0247,1250622.0,1177814.0,1.026170139029033
CORP 122018-19Real_Annual,CORP 12,2018-19,Real_Annual,1.022275,2376581.9566383674,2315972.630900272,1.0247,1522550.266708,1433911.301602255,1.026170139029033
CORP 122019-20Cash_Annual,CORP 12,2019-20,Cash_Annual,1.0101875,2062519.125,1974627.28125,0.9874499999999999,1305893.5,1285705.0,1.0445105993341497
CORP 122019-20Real_Annual,CORP 12,2019-20,Real_Annual,1.0101875,2452805.0134185445,2348281.592338219,0.9874499999999999,1553004.81094481,1528996.0861707302,1.0445105993341497
CORP 122020-21Cash_Annual,CORP 12,2020-21,Cash_Annual,0.937871875,2389577.875,2457632.3125,0.92635,1475456.0,1618179.0,0.9723089425729545
CORP 122020-21Real_Annual,CORP 12,2020-21,Real_Annual,0.937871875,2777100.302199114,2856191.258356899,0.92635,1714733.52944461,1880602.19209732,0.972308942572955
CORP 122021-22Cash_Annual,CORP 12,2021-22,Cash_Annual,0.90345144309375,2464574.90625,2567585.264375,0.8918511775,1445048.5,1723217.88,0.9598804528308139
CORP 122021-22Real_Annual,CORP 12,2021-22,Real_Annual,0.9034514430565102,2722238.6661700723,2836018.4418193265,0.891851177329521,1596123.895936495,1903375.032860855,0.9598804528308131
CORP 122022-23Cash_Annual,CORP 12,2022-23,Cash_Annual,0.89754936725,2480718.4375,2628125.09375,0.8852348485,1598336.0,1818903.0,0.9439118569353677
CORP 122022-23Real_Annual,CORP 12,2022-23,Real_Annual,0.8975493672036123,2618440.971696219,2774031.2323203622,0.8852348483857311,1687071.134584195,1919883.396174895,0.9439118569353675
CORP 122023-24Cash_Annual,CORP 12,2023-24,Cash_Annual,0.963125,2652321.53125,2616531.21875,0.985,1629484.5,1835596.5,1.01367853448242
CORP 122023-24Real_Annual,CORP 12,2023-24,Real_Annual,0.963125,2652321.53125,2616531.21875,0.985,1629484.5,1835596.5,1.01367853448242
CORP-ASSET 012010-11Cash_Annual,CORP-ASSET 01,2010-11,Cash_Annual,0.7720483870967741,272.0,366.93548387096774,0.801,221.0,273.0,0.7412747252747253
CORP-ASSET 012010-11Real_Annual,CORP-ASSET 01,2010-11,Real_Annual,0.7720483870967741,272.0,366.93548387096774,0.801,221.0,273.0,0.7412747252747253
CORP-ASSET 012011-12Cash_Annual,CORP-ASSET 01,2011-12,Cash_Annual,0.788746875,273.40625,358.96875,0.8162499999999999,217.5,272.5,0.7616435971097762
CORP-ASSET 012011-12Real_Annual,CORP-ASSET 01,2011-12,Real_Annual,0.788746875,273.40625,358.96875,0.8162499999999999,217.5,272.5,0.7616435971097762
CORP-ASSET 012012-13Cash_Annual,CORP-ASSET 01,2012-13,Cash_Annual,0.799459375,280.5625,363.03125,0.8287,211.0,264.0,0.7728329172764052
CORP-ASSET 012012-13Real_Annual,CORP-ASSET 01,2012-13,Real_Annual,0.799459375,280.5625,363.03125,0.8287,211.0,264.0,0.7728329172764052
CORP-ASSET 012013-14Cash_Annual,CORP-ASSET 01,2013-14,Cash_Annual,0.815534375,278.90625,356.625,0.8375,223.0,261.0,0.7820715036803365
CORP-ASSET 012013-14Real_Annual,CORP-ASSET 01,2013-14,Real_Annual,0.815534375,278.90625,356.625,0.8375,223.0,261.0,0.7820715036803365
CORP-ASSET 012014-15Cash_Annual,CORP-ASSET 01,2014-15,Cash_Annual,0.818925,258.5,327.59375,0.84375,222.5,254.0,0.789087093389297
CORP-ASSET 012014-15Real_Annual,CORP-ASSET 01,2014-15,Real_Annual,0.818925,258.5,327.59375,0.84375,222.5,254.0,0.789087093389297
CORP-ASSET 012015-16Cash_Annual,CORP-ASSET 01,2015-16,Cash_Annual,0.824734375,253.84375,318.84375,0.8439,227.0,248.5,0.796138390669411
CORP-ASSET 012015-16Real_Annual,CORP-ASSET 01,2015-16,Real_Annual,0.824734375,253.84375,318.84375,0.8439,227.0,248.5,0.796138390669411
CORP-ASSET 012016-17Cash_Annual,CORP-ASSET 01,2016-17,Cash_Annual,0.82781875,249.1875,312.25,0.82655,216.5,245.0,0.7980384307445957
CORP-ASSET 012016-17Real_Annual,CORP-ASSET 01,2016-17,Real_Annual,0.82781875,249.1875,312.25,0.82655,216.5,245.0,0.7980384307445957
CORP-ASSET 012017-18Cash_Annual,CORP-ASSET 01,2017-18,Cash_Annual,0.835340625,252.28125,312.1875,0.84485,209.0,234.5,0.8081081081081081
CORP-ASSET 012017-18Real_Annual,CORP-ASSET 01,2017-18,Real_Annual,0.835340625,252.28125,312.1875,0.84485,209.0,234.5,0.8081081081081081
CORP-ASSET 012018-19Cash_Annual,CORP-ASSET 01,2018-19,Cash_Annual,0.844965625,253.6875,308.8125,0.84495,213.0,237.0,0.8214936247723132
CORP-ASSET 012018-19Real_Annual,CORP-ASSET 01,2018-19,Real_Annual,0.844965625,253.6875,308.8125,0.84495,213.0,237.0,0.8214936247723132
CORP-ASSET 012019-20Cash_Annual,CORP-ASSET 01,2019-20,Cash_Annual,0.8496625,253.96875,307.9375,0.86235,218.5,248.5,0.8247412218388471
CORP-ASSET 012019-20Real_Annual,CORP-ASSET 01,2019-20,Real_Annual,0.8496625,253.96875,307.9375,0.86235,218.5,248.5,0.8247412218388471
CORP-ASSET 012020-21Cash_Annual,CORP-ASSET 01,2020-21,Cash_Annual,0.846928125,251.5625,305.625,0.8524499999999999,214.5,244.5,0.8231083844580777
CORP-ASSET 012020-21Real_Annual,CORP-ASSET 01,2020-21,Real_Annual,0.846928125,251.5625,305.625,0.8524499999999999,214.5,244.5,0.8231083844580777
CORP-ASSET 012021-22Cash_Annual,CORP-ASSET 01,2021-22,Cash_Annual,0.86610625,249.40625,292.53125,0.8876,222.5,247.0,0.8525798525798526
CORP-ASSET 012021-22Real_Annual,CORP-ASSET 01,2021-22,Real_Annual,0.86610625,249.40625,292.53125,0.8876,222.5,247.0,0.8525798525798526
CORP-ASSET 012022-23Cash_Annual,CORP-ASSET 01,2022-23,Cash_Annual,0.870190625,248.625,288.84375,0.8679,217.5,244.5,0.8607594936708861
CORP-ASSET 012022-23Real_Annual,CORP-ASSET 01,2022-23,Real_Annual,0.870190625,248.625,288.84375,0.8679,217.5,244.5,0.8607594936708861
CORP-ASSET 012023-24Cash_Annual,CORP-ASSET 01,2023-24,Cash_Annual,0.871146875,245.625,287.375,0.8784,210.0,234.5,0.8547194432361896
CORP-ASSET 012023-24Real_Annual,CORP-ASSET 01,2023-24,Real_Annual,0.871146875,245.625,287.375,0.8784,210.0,234.5,0.8547194432361896
CORP-ASSET 022010-11Cash_Annual,CORP-ASSET 02,2010-11,Cash_Annual,0.812415625,326013.28125,400972.75,0.8291999999999999,265173.0,301237.0,0.8130559526800761
CORP-ASSET 022010-11Real_Annual,CORP-ASSET 02,2010-11,Real_Annual,0.812415625,326013.28125,400972.75,0.8291999999999999,265173.0,301237.0,0.8130559526800761
CORP-ASSET 022011-12Cash_Annual,CORP-ASSET 02,2011-12,Cash_Annual,0.818365625,331531.8125,405350.0625,0.84615,266080.0,298957.5,0.8178901230587574
CORP-ASSET 022011-12Real_Annual,CORP-ASSET 02,2011-12,Real_Annual,0.818365625,331531.8125,405350.0625,0.84615,266080.0,298957.5,0.8178901230587574
CORP-ASSET 022012-13Cash_Annual,CORP-ASSET 02,2012-13,Cash_Annual,0.8288625000000001,329444.65625,402016.96875,0.84715,250686.5,303037.5,0.8194794793721005
CORP-ASSET 022012-13Real_Annual,CORP-ASSET 02,2012-13,Real_Annual,0.8288625000000001,329444.65625,402016.96875,0.84715,250686.5,303037.5,0.8194794793721005
CORP-ASSET 022013-14Cash_Annual,CORP-ASSET 02,2013-14,Cash_Annual,0.831975,324541.21875,401082.34375,0.8623000000000001,245162.5,279694.5,0.8091635640592818
CORP-ASSET 022013-14Real_Annual,CORP-ASSET 02,2013-14,Real_Annual,0.831975,324541.21875,401082.34375,0.8623000000000001,245162.5,279694.5,0.8091635640592818
CORP-ASSET 022014-15Cash_Annual,CORP-ASSET 02,2014-15,Cash_Annual,0.83996875,337350.78125,410574.875,0.8642000000000001,258197.0,274070.0,0.8216547134064158
CORP-ASSET 022014-15Real_Annual,CORP-ASSET 02,2014-15,Real_Annual,0.83996875,337350.78125,410574.875,0.8642000000000001,258197.0,274070.0,0.8216547134064158
CORP-ASSET 022015-16Cash_Annual,CORP-ASSET 02,2015-16,Cash_Annual,0.8329,334203.84375,410100.15625,0.85025,257562.5,288362.5,0.8149322516869926
CORP-ASSET 022015-16Real_Annual,CORP-ASSET 02,2015-16,Real_Annual,0.8329,334203.84375,410100.15625,0.85025,257562.5,288362.5,0.8149322516869926
CORP-ASSET 022016-17Cash_Annual,CORP-ASSET 02,2016-17,Cash_Annual,0.847365625,343599.40625,406699.46875,0.8573500000000001,252242.5,286193.0,0.8448484265446929
CORP-ASSET 022016-17Real_Annual,CORP-ASSET 02,2016-17,Real_Annual,0.847365625,343599.40625,406699.46875,0.8573500000000001,252242.5,286193.0,0.8448484265446929
CORP-ASSET 022017-18Cash_Annual,CORP-ASSET 02,2017-18,Cash_Annual,0.868325,349136.46875,404523.28125,0.8773,253244.0,294934.5,0.8630812735206449
CORP-ASSET 022017-18Real_Annual,CORP-ASSET 02,2017-18,Real_Annual,0.868325,349136.46875,404523.28125,0.8773,253244.0,294934.5,0.8630812735206449
CORP-ASSET 022018-19Cash_Annual,CORP-ASSET 02,2018-19,Cash_Annual,0.8728875,358151.4375,410656.84375,0.8905,273814.5,305316.5,0.8721428680682982
CORP-ASSET 022018-19Real_Annual,CORP-ASSET 02,2018-19,Real_Annual,0.8728875,358151.4375,410656.84375,0.8905,273814.5,305316.5,0.8721428680682982
CORP-ASSET 022019-20Cash_Annual,CORP-ASSET 02,2019-20,Cash_Annual,0.88589375,362040.96875,408550.21875,0.8989,269721.5,293291.5,0.8861602616630591
CORP-ASSET 022019-20Real_Annual,CORP-ASSET 02,2019-20,Real_Annual,0.88589375,362040.96875,408550.21875,0.8989,269721.5,293291.5,0.8861602616630591
CORP-ASSET 022020-21Cash_Annual,CORP-ASSET 02,2020-21,Cash_Annual,0.892803125,365678.3125,409932.25,0.90615,265074.0,296497.5,0.8920457282880281
CORP-ASSET 022020-21Real_Annual,CORP-ASSET 02,2020-21,Real_Annual,0.892803125,365678.3125,409932.25,0.90615,265074.0,296497.5,0.8920457282880281
CORP-ASSET 022021-22Cash_Annual,CORP-ASSET 02,2021-22,Cash_Annual,0.900328125,372400.9032258064,413215.1935483871,0.919,263260.0,308592.0,0.9012275178652129
CORP-ASSET 022021-22Real_Annual,CORP-ASSET 02,2021-22,Real_Annual,0.900328125,372400.9032258064,413215.1935483871,0.919,263260.0,308592.0,0.9012275178652129
CORP-ASSET 022022-23Cash_Annual,CORP-ASSET 02,2022-23,Cash_Annual,0.89536875,365513.8125,407431.0,0.9113,260671.5,295656.0,0.8971183157393522
CORP-ASSET 022022-23Real_Annual,CORP-ASSET 02,2022-23,Real_Annual,0.89536875,365513.8125,407431.0,0.9113,260671.5,295656.0,0.8971183157393522
CORP-ASSET 022023-24Cash_Annual,CORP-ASSET 02,2023-24,Cash_Annual,0.897409375,364817.3125,406190.34375,0.9068,267635.5,305607.5,0.8981437351069477
CORP-ASSET 022023-24Real_Annual,CORP-ASSET 02,2023-24,Real_Annual,0.897409375,364817.3125,406190.34375,0.9068,267635.5,305607.5,0.8981437351069477
ECON 012012-13Cash_Annual,ECON 01,2012-13,Cash_Annual,0.082,666.1379310344828,6962.068965517241,0.0736,360.0,4800.0,0.09568103021297672
ECON 012012-13Real_Annual,ECON 01,2012-13,Real_Annual,0.082,666.1379310344828,6962.068965517241,0.0736,360.0,4800.0,0.09568103021297672
ECON 012013-14Cash_Annual,ECON 01,2013-14,Cash_Annual,0.11336451612903226,803.0,6432.258064516129,0.1011,444.0,4400.0,0.124839518555667
ECON 012013-14Real_Annual,ECON 01,2013-14,Real_Annual,0.11336451612903226,803.0,6432.258064516129,0.1011,444.0,4400.0,0.124839518555667
ECON 012014-15Cash_Annual,ECON 01,2014-15,Cash_Annual,0.12652258064516128,775.9354838709677,5487.096774193548,0.1227,433.0,3700.0,0.14141093474426808
ECON 012014-15Real_Annual,ECON 01,2014-15,Real_Annual,0.12652258064516128,775.9354838709677,5487.096774193548,0.1227,433.0,3700.0,0.14141093474426808
ECON 012015-16Cash_Annual,ECON 01,2015-16,Cash_Annual,0.11905,682.1875,4831.25,0.10575000000000001,407.5,3150.0,0.14120310478654594
ECON 012015-16Real_Annual,ECON 01,2015-16,Real_Annual,0.11905,682.1875,4831.25,0.10575000000000001,407.5,3150.0,0.14120310478654594
ECON 012016-17Cash_Annual,ECON 01,2016-17,Cash_Annual,0.123025,533.15625,3803.125,0.1325,330.0,2450.0,0.14018898931799506
ECON 012016-17Real_Annual,ECON 01,2016-17,Real_Annual,0.123025,533.15625,3803.125,0.1325,330.0,2450.0,0.14018898931799506
ECON 012017-18Cash_Annual,ECON 01,2017-18,Cash_Annual,0.1325709677419355,531.258064516129,3712.9032258064517,0.1245,345.0,2300.0,0.1430842745438749
ECON 012017-18Real_Annual,ECON 01,2017-18,Real_Annual,0.1325709677419355,531.258064516129,3712.9032258064517,0.1245,345.0,2300.0,0.1430842745438749
ECON 012018-19Cash_Annual,ECON 01,2018-19,Cash_Annual,0.13507741935483872,495.3225806451613,3690.3225806451615,0.13,386.0,2200.0,0.13422202797202798
ECON 012018-19Real_Annual,ECON 01,2018-19,Real_Annual,0.13507741935483872,495.3225806451613,3690.3225806451615,0.13,386.0,2200.0,0.13422202797202798
ECON 012019-20Cash_Annual,ECON 01,2019-20,Cash_Annual,0.12968125,352.1875,2781.25,0.1372,315.0,1800.0,0.12662921348314607
ECON 012019-20Real_Annual,ECON 01,2019-20,Real_Annual,0.12968125,352.1875,2781.25,0.1372,315.0,1800.0,0.12662921348314607
ECON 012020-21Cash_Annual,ECON 01,2020-21,Cash_Annual,0.06700120528125,235.96875,3971.875,0.0564761905,150.0,2750.0,0.05940991345397325
ECON 012020-21Real_Annual,ECON 01,2020-21,Real_Annual,0.0670012053113218,235.96875,3971.875,0.0564761904761905,150.0,2750.0,0.05940991345397325
ECON 012021-22Cash_Annual,ECON 01,2021-22,Cash_Annual,0.21700689865625,504.5625,2896.875,0.168525641,337.5,1900.0,0.1741747572815534
ECON 012021-22Real_Annual,ECON 01,2021-22,Real_Annual,0.21700689857660965,504.5625,2896.875,0.168525641025641,337.5,1900.0,0.1741747572815534
ECON 012022-23Cash_Annual,ECON 01,2022-23,Cash_Annual,0.15562924853125001,377.0,2928.125,0.1306926405,290.0,2100.0,0.12875133404482392
ECON 012022-23Real_Annual,ECON 01,2022-23,Real_Annual,0.15562924852250648,377.0,2928.125,0.1306926406926405,290.0,2100.0,0.12875133404482392
ECON 012023-24Cash_Annual,ECON 01,2023-24,Cash_Annual,0.15480661484375,382.71875,3175.0,0.129404762,333.5,1950.0,0.12054133858267717
ECON 012023-24Real_Annual,ECON 01,2023-24,Real_Annual,0.15480661484375,382.71875,3175.0,0.129404762,333.5,1950.0,0.12054133858267717
ECON 022010-11Cash_Annual,ECON 02,2010-11,Cash_Annual,3678.043125,3851562.5,1081.6875,3289.955,2622500.0,777.5,3560.6979834748945
ECON 022010-11Real_Annual,ECON 02,2010-11,Real_Annual,5139.75038125,5382228.84375,1081.6875,4597.43045,3664719.2,777.5,4975.770584156699
ECON 022011-12Cash_Annual,ECON 02,2011-12,Cash_Annual,3875.3275,3811062.5,1026.0625,2946.715,2573000.0,768.5,3714.2596089419503
ECON 022011-12Real_Annual,ECON 02,2011-12,Real_Annual,5321.3556375,5233110.984375,1026.0625,4046.24345,3533081.5500000003,768.5,5100.187351525858
ECON 022012-13Cash_Annual,ECON 02,2012-13,Cash_Annual,5089.35375,4511312.5,907.71875,3233.215,2548500.0,692.0,4969.945261128516
ECON 022012-13Real_Annual,ECON 02,2012-13,Real_Annual,6861.716303125,6082372.74375,907.71875,4359.179,3436012.7,692.0,6700.723923296727
ECON 022013-14Cash_Annual,ECON 02,2013-14,Cash_Annual,3792.235,3174218.75,930.59375,3048.0550000000003,2489500.0,661.5,3410.960744148561
ECON 022013-14Real_Annual,ECON 02,2013-14,Real_Annual,5016.95759375,4199349.684375,930.59375,4032.4407,3293497.35,661.5,4512.548772625004
ECON 022014-15Cash_Annual,ECON 02,2014-15,Cash_Annual,3884.3828125,3121625.0,922.15625,3576.2799999999997,2510500.0,679.5,3385.136737944356
ECON 022014-15Real_Annual,ECON 02,2014-15,Real_Annual,5076.830684375,4079917.54375,922.15625,4674.144850000001,3281186.25,679.5,4424.323474194313
ECON 022015-16Cash_Annual,ECON 02,2015-16,Cash_Annual,4390.47125,3575281.25,891.71875,3968.91,2531500.0,666.5,4009.4270194497985
ECON 022015-16Real_Annual,ECON 02,2015-16,Real_Annual,5697.38139375,4639534.05625,891.71875,5150.334150000001,3285050.8,666.5,5202.911855615911
ECON 022016-17Cash_Annual,ECON 02,2016-17,Cash_Annual,3921.9053125,3201500.0,835.8125,3803.0600000000004,2411500.0,625.0,3830.404546474239
ECON 022016-17Real_Annual,ECON 02,2016-17,Real_Annual,4976.93380625,4062732.8625000003,835.8125,4826.118,3060215.6,625.0,4860.818499962612
ECON 022017-18Cash_Annual,ECON 02,2017-18,Cash_Annual,4353.8834375,3294156.25,812.28125,4286.610000000001,2585500.0,609.0,4055.438002539145
ECON 022017-18Real_Annual,ECON 02,2017-18,Real_Annual,5439.54358125,4115568.721875,812.28125,5355.495199999999,3230205.9,609.0,5066.679456007387
ECON 022018-19Cash_Annual,ECON 02,2018-19,Cash_Annual,4658.88125,3480312.5,782.09375,4307.97,2541000.0,607.5,4449.994006473009
ECON 022018-19Real_Annual,ECON 02,2018-19,Real_Annual,5671.8823812499995,4237052.221875,782.09375,5244.67095,3093500.85,607.5,5417.575862068965
ECON 022019-20Cash_Annual,ECON 02,2019-20,Cash_Annual,4756.7221875000005,3386346.25,762.65625,4211.68,2667500.0,584.5,4440.19995902479
ECON 022019-20Real_Annual,ECON 02,2019-20,Real_Annual,5656.826096875,4027136.984375,762.65625,5008.6468,3172265.1,584.5,5280.409076009015
ECON 022020-21Cash_Annual,ECON 02,2020-21,Cash_Annual,5452.0890625,3385750.0,679.03125,5087.424999999999,2717000.0,518.5,4986.147544755856
ECON 022020-21Real_Annual,ECON 02,2020-21,Real_Annual,6336.264803125,3934823.571875,679.03125,5912.4625,3157621.1,518.5,5794.760656265819
ECON 022021-22Cash_Annual,ECON 02,2021-22,Cash_Annual,4711.2040625,3392312.5,783.03125,4524.385,2858000.0,615.0,4332.2823961368085
ECON 022021-22Real_Annual,ECON 02,2021-22,Real_Annual,5203.746015625,3746968.384375,783.03125,4997.3956,3156795.1500000004,615.0,4785.20925489883
ECON 022022-23Cash_Annual,ECON 02,2022-23,Cash_Annual,5953.818125,3713750.0,666.375,5702.775,2946500.0,497.5,5573.063215156631
ECON 022022-23Real_Annual,ECON 02,2022-23,Real_Annual,6284.357421875,3919926.9875,666.375,6019.3771,3110081.4499999997,497.5,5882.464059275933
ECON 022023-24Cash_Annual,ECON 02,2023-24,Cash_Annual,7169.935625,4018390.096875,602.375,6462.33,3041500.0,446.0,6670.911138202946
ECON 022023-24Real_Annual,ECON 02,2023-24,Real_Annual,7169.935625,4018390.096875,602.375,6462.33,3041500.0,446.0,6670.911138202946
ECON 032012-13Cash_Annual,ECON 03,2012-13,Cash_Annual,12.819374999999999,,,10.635,,,
ECON 032012-13Real_Annual,ECON 03,2012-13,Real_Annual,12.819374999999999,,,10.635,,,
ECON 032013-14Cash_Annual,ECON 03,2013-14,Cash_Annual,10.799375,,,9.69,,,
ECON 032013-14Real_Annual,ECON 03,2013-14,Real_Annual,10.799375,,,9.69,,,
ECON 032014-15Cash_Annual,ECON 03,2014-15,Cash_Annual,10.52258064516129,,,9.85,,,
ECON 032014-15Real_Annual,ECON 03,2014-15,Real_Annual,10.52258064516129,,,9.85,,,
ECON 032015-16Cash_Annual,ECON 03,2015-16,Cash_Annual,9.911612903225807,,,9.16,,,
ECON 032015-16Real_Annual,ECON 03,2015-16,Real_Annual,9.911612903225807,,,9.16,,,
ECON 032016-17Cash_Annual,ECON 03,2016-17,Cash_Annual,9.5896875,,,8.945,,,
ECON 032016-17Real_Annual,ECON 03,2016-17,Real_Annual,9.5896875,,,8.945,,,
ECON 032017-18Cash_Annual,ECON 03,2017-18,Cash_Annual,9.3390625,,,8.84,,,
ECON 032017-18Real_Annual,ECON 03,2017-18,Real_Annual,9.3390625,,,8.84,,,
ECON 032018-19Cash_Annual,ECON 03,2018-19,Cash_Annual,9.085625,,,8.344999999999999,,,
ECON 032018-19Real_Annual,ECON 03,2018-19,Real_Annual,9.085625,,,8.344999999999999,,,
ECON 032019-20Cash_Annual,ECON 03,2019-20,Cash_Annual,10.54258064516129,,,9.38,,,
ECON 032019-20Real_Annual,ECON 03,2019-20,Real_Annual,10.54258064516129,,,9.38,,,
ECON 032020-21Cash_Annual,ECON 03,2020-21,Cash_Annual,11.08137110696875,,,10.08362369,,,
ECON 032020-21Real_Annual,ECON 03,2020-21,Real_Annual,11.081371107521997,,,10.08362369337975,,,
ECON 032021-22Cash_Annual,ECON 03,2021-22,Cash_Annual,11.713880515633333,,,11.500710405,,,
ECON 032021-22Real_Annual,ECON 03,2021-22,Real_Annual,11.713880514976799,,,11.5007104007104,,,
ECON 032022-23Cash_Annual,ECON 03,2022-23,Cash_Annual,12.039666666666667,,,11.04,,,
ECON 032022-23Real_Annual,ECON 03,2022-23,Real_Annual,12.039666666666667,,,11.04,,,
ECON 032023-24Cash_Annual,ECON 03,2023-24,Cash_Annual,10.67011623383871,,,10.31266846,,,
ECON 032023-24Real_Annual,ECON 03,2023-24,Real_Annual,10.67011623383871,,,10.31266846,,,
ECON 042010-11Cash_Annual,ECON 04,2010-11,Cash_Annual,0.26928208184375,,,0.2624899005,,,
ECON 042010-11Real_Annual,ECON 04,2010-11,Real_Annual,0.26928208184375,,,0.2624899005,,,
ECON 042011-12Cash_Annual,ECON 04,2011-12,Cash_Annual,0.2553488983125,,,0.262096363,,,
ECON 042011-12Real_Annual,ECON 04,2011-12,Real_Annual,0.2553488983125,,,0.262096363,,,
ECON 042012-13Cash_Annual,ECON 04,2012-13,Cash_Annual,0.26242773471875,,,0.240588559,,,
ECON 042012-13Real_Annual,ECON 04,2012-13,Real_Annual,0.26242773471875,,,0.240588559,,,
ECON 042013-14Cash_Annual,ECON 04,2013-14,Cash_Annual,0.2641029685,,,0.23956579649999998,,,
ECON 042013-14Real_Annual,ECON 04,2013-14,Real_Annual,0.2641029685,,,0.23956579649999998,,,
ECON 042014-15Cash_Annual,ECON 04,2014-15,Cash_Annual,0.26448318046875,,,0.2565459805,,,
ECON 042014-15Real_Annual,ECON 04,2014-15,Real_Annual,0.26448318046875,,,0.2565459805,,,
ECON 042015-16Cash_Annual,ECON 04,2015-16,Cash_Annual,0.26398584978125,,,0.2435216325,,,
ECON 042015-16Real_Annual,ECON 04,2015-16,Real_Annual,0.26398584978125,,,0.2435216325,,,
ECON 042016-17Cash_Annual,ECON 04,2016-17,Cash_Annual,0.2584719275,,,0.251611414,,,
ECON 042016-17Real_Annual,ECON 04,2016-17,Real_Annual,0.2584719275,,,0.251611414,,,
ECON 042017-18Cash_Annual,ECON 04,2017-18,Cash_Annual,0.26663500703125,,,0.25172489249999996,,,
ECON 042017-18Real_Annual,ECON 04,2017-18,Real_Annual,0.26663500703125,,,0.25172489249999996,,,
ECON 042018-19Cash_Annual,ECON 04,2018-19,Cash_Annual,0.27662116296875,,,0.2801019365,,,
ECON 042018-19Real_Annual,ECON 04,2018-19,Real_Annual,0.27662116296875,,,0.2801019365,,,
ECON 042019-20Cash_Annual,ECON 04,2019-20,Cash_Annual,0.267629970625,,,0.2623112735,,,
ECON 042019-20Real_Annual,ECON 04,2019-20,Real_Annual,0.267629970625,,,0.2623112735,,,
ECON 042020-21Cash_Annual,ECON 04,2020-21,Cash_Annual,0.2673969253125,,,0.2429676775,,,
ECON 042020-21Real_Annual,ECON 04,2020-21,Real_Annual,0.2673969253125,,,0.2429676775,,,
ECON 042021-22Cash_Annual,ECON 04,2021-22,Cash_Annual,0.27305625,,,0.24855,,,
ECON 042021-22Real_Annual,ECON 04,2021-22,Real_Annual,0.27305625,,,0.24855,,,
ECON 042022-23Cash_Annual,ECON 04,2022-23,Cash_Annual,0.27332762509374997,,,0.2609347475,,,
ECON 042022-23Real_Annual,ECON 04,2022-23,Real_Annual,0.2733276250778185,,,0.260934747506927,,,
ECON 042023-24Cash_Annual,ECON 04,2023-24,Cash_Annual,0.2799184525,,,0.272770363,,,
ECON 042023-24Real_Annual,ECON 04,2023-24,Real_Annual,0.27991845250623215,,,0.2727703629205095,,,
ECON 052014-15Cash_Annual,ECON 05,2014-15,Cash_Annual,19.2124204745625,315.71875,16.71125,19.772435305000002,242.5,11.9435,18.892587328895207
ECON 052014-15Real_Annual,ECON 05,2014-15,Real_Annual,19.21242047465402,315.71875,16.71125,19.77243530398675,242.5,11.9435,18.892587328895207
ECON 052015-16Cash_Annual,ECON 05,2015-16,Cash_Annual,17.3150875646875,283.96875,16.790625000000002,18.499336149999998,227.5,11.948,16.912339475153544
ECON 052015-16Real_Annual,ECON 05,2015-16,Real_Annual,17.315087564896494,283.96875,16.790625000000002,18.49933615113825,227.5,11.948,16.912339475153544
ECON 052016-17Cash_Annual,ECON 05,2016-17,Cash_Annual,17.37764423625,280.71875,16.8896875,17.54778414,236.0,11.936,16.62071900383
ECON 052016-17Real_Annual,ECON 05,2016-17,Real_Annual,17.37764423535768,280.71875,16.8896875,17.54778414211325,236.0,11.936,16.62071900383
ECON 052017-18Cash_Annual,ECON 05,2017-18,Cash_Annual,17.9630287708125,285.28125,16.9525,18.38102944,230.5,11.911000000000001,16.82827016664209
ECON 052017-18Real_Annual,ECON 05,2017-18,Real_Annual,17.963028772066234,285.28125,16.9525,18.3810294376246,230.5,11.911000000000001,16.82827016664209
ECON 052018-19Cash_Annual,ECON 05,2018-19,Cash_Annual,18.33737321653125,283.84375,16.994062500000002,18.4127078,235.5,11.894000000000002,16.702524778874974
ECON 052018-19Real_Annual,ECON 05,2018-19,Real_Annual,18.33737321641977,283.84375,16.994062500000002,18.41270780116595,235.5,11.894000000000002,16.702524778874974
ECON 052019-20Cash_Annual,ECON 05,2019-20,Cash_Annual,17.96008432440625,280.125,16.92,16.89894176,247.5,11.8655,16.555851063829785
ECON 052019-20Real_Annual,ECON 05,2019-20,Real_Annual,17.960084324394177,280.125,16.92,16.8989417578076,247.5,11.8655,16.555851063829785
ECON 052020-21Cash_Annual,ECON 05,2020-21,Cash_Annual,13.5248705901875,191.15625,16.915937500000002,13.701036835,174.5,11.836000000000002,11.300363931942877
ECON 052020-21Real_Annual,ECON 05,2020-21,Real_Annual,13.524870589864568,191.15625,16.915937500000002,13.701036834432,174.5,11.836000000000002,11.300363931942877
ECON 052021-22Cash_Annual,ECON 05,2021-22,Cash_Annual,16.497309519625,244.8125,16.9325,15.92944686,208.5,11.8795,14.458142625129188
ECON 052021-22Real_Annual,ECON 05,2021-22,Real_Annual,16.497309520533488,244.8125,16.9325,15.9294468616818,208.5,11.8795,14.458142625129188
ECON 052022-23Cash_Annual,ECON 05,2022-23,Cash_Annual,16.2846167405,245.40625,17.021875,16.239711370000002,212.5,11.861,14.41711033596475
ECON 052022-23Real_Annual,ECON 05,2022-23,Real_Annual,16.2846167405111,245.40625,17.021875,16.239711369646,212.5,11.861,14.41711033596475
ECON 052023-24Cash_Annual,ECON 05,2023-24,Cash_Annual,15.11628101825,232.84375,17.1565625,16.22738102,207.5,11.869,13.57170179049562
ECON 052023-24Real_Annual,ECON 05,2023-24,Real_Annual,15.116281017794247,232.84375,17.1565625,16.22738101906415,207.5,11.869,13.57170179049562
ECON 052024-25Cash_Annual,ECON 05,2024-25,Cash_Annual,8.2726021790625,126.34375,17.1565625,7.994521151500001,123.5,11.869,7.36416458716599
ECON 052024-25Real_Annual,ECON 05,2024-25,Real_Annual,8.272602179215571,126.34375,17.1565625,7.994521151408265,123.5,11.869,7.36416458716599
ECON 062010-11Cash_Annual,ECON 06,2010-11,Cash_Annual,82816.5590625,13588843.75,164.44375,64745.895000000004,6969000.0,118.91,82635.20960814868
ECON 062010-11Real_Annual,ECON 06,2010-11,Real_Annual,115729.05095625,18989245.73125,164.44375,90476.84505,9738580.85,118.91,115475.63061077116
ECON 062011-12Cash_Annual,ECON 06,2011-12,Cash_Annual,77171.84625,12417500.0,165.62187500000002,54698.635,7701500.0,119.445,74974.99952829297
ECON 062011-12Real_Annual,ECON 06,2011-12,Real_Annual,105967.5186,17050928.881249998,165.62187500000002,75108.72035,10575214.75,119.445,102950.94703673651
ECON 062012-13Cash_Annual,ECON 06,2012-13,Cash_Annual,74220.823125,12030312.5,165.890625,50560.465,5850500.0,119.36500000000001,72519.54412734295
ECON 062012-13Real_Annual,ECON 06,2012-13,Real_Annual,100068.15345312499,16219857.271875,165.890625,68168.0983,7887931.0,119.36500000000001,97774.40570782707
ECON 062013-14Cash_Annual,ECON 06,2013-14,Cash_Annual,77471.3340625,11995093.75,166.165625,64773.085,6708000.0,119.21000000000001,72187.57640155718
ECON 062013-14Real_Annual,ECON 06,2013-14,Real_Annual,102491.11595,15868973.456249999,166.165625,85691.8994,8874384.5,119.21000000000001,95500.94043969683
ECON 062014-15Cash_Annual,ECON 06,2014-15,Cash_Annual,68763.4496875,11548490.71875,166.63125,54758.774999999994,6745500.0,119.205,69305.67176775065
ECON 062014-15Real_Annual,ECON 06,2014-15,Real_Annual,89872.80815,15093705.975,166.63125,71568.9062,8816268.4,119.205,90581.48441543829
ECON 062015-16Cash_Annual,ECON 06,2015-16,Cash_Annual,66078.3115625,10720312.5,167.240625,50341.09,7256000.0,119.245,64101.12674477269
ECON 062015-16Real_Annual,ECON 06,2015-16,Real_Annual,85747.820959375,13911424.418750001,167.240625,65326.1058,9415891.15,119.245,83182.0881962741
ECON 062016-17Cash_Annual,ECON 06,2016-17,Cash_Annual,81007.564375,13669656.25,167.965625,59087.274999999994,7737000.0,119.0,81383.65364937023
ECON 062016-17Real_Annual,ECON 06,2016-17,Real_Annual,102799.342021875,17346919.128125,167.965625,74982.2938,9818323.95,119.0,103276.60274609762
ECON 062017-18Cash_Annual,ECON 06,2017-18,Cash_Annual,95006.06406250001,15724468.75,168.434375,57159.585,8523500.0,118.6,93356.64854635522
ECON 062017-18Real_Annual,ECON 06,2017-18,Real_Annual,118696.247675,19645434.80625,168.434375,71412.58115000001,10648872.55,118.6,116635.54310840646
ECON 062018-19Cash_Annual,ECON 06,2018-19,Cash_Annual,107826.143125,18274875.0,168.571875,63025.86,9341500.0,118.475,108409.9883210055
ECON 062018-19Real_Annual,ECON 06,2018-19,Real_Annual,131271.257803125,22248461.80625,168.571875,76729.8512,11372663.649999999,118.475,131982.05101681402
ECON 062019-20Cash_Annual,ECON 06,2019-20,Cash_Annual,124970.681875,17651554.034375,169.20000000000002,61273.755000000005,9653500.0,118.655,104323.60540410755
ECON 062019-20Real_Annual,ECON 06,2019-20,Real_Annual,148618.60495,20991718.1875,169.20000000000002,72868.45085,11480210.25,118.655,124064.52829491724
ECON 062020-21Cash_Annual,ECON 06,2020-21,Cash_Annual,89172.9721875,15130875.0,169.159375,72271.15,8675000.0,118.36,89447.4515527147
ECON 062020-21Real_Annual,ECON 06,2020-21,Real_Annual,103634.32411875,17584678.015625,169.159375,83991.50099999999,10081841.4,118.36,103953.31630673735
ECON 062021-22Cash_Annual,ECON 06,2021-22,Cash_Annual,118657.29125,20419718.75,169.32500000000002,88503.325,11181500.0,118.795,120594.82504060237
ECON 062021-22Real_Annual,ECON 06,2021-22,Real_Annual,131062.547734375,22554537.81875,169.32500000000002,97756.07665,12350491.55,118.795,133202.6447290713
ECON 062022-23Cash_Annual,ECON 06,2022-23,Cash_Annual,119326.0434375,19549593.75,170.21875,100428.185,14750500.0,118.61000000000001,114849.82559206903
ECON 062022-23Real_Annual,ECON 06,2022-23,Real_Annual,125950.690903125,20634932.390625,170.21875,106003.67629999999,15569406.4,118.61000000000001,121225.96594455664
ECON 062023-24Cash_Annual,ECON 06,2023-24,Cash_Annual,120090.9446875,20071406.25,171.565625,108737.89,13922500.0,118.69,116989.67231926558
ECON 062023-24Real_Annual,ECON 06,2023-24,Real_Annual,120090.9446875,20071406.25,171.565625,108737.89,13922500.0,118.69,116989.67231926558
ECON 072012-13Cash_Annual,ECON 07,2012-13,Cash_Annual,0.20886206896551726,,,0.204,,,
ECON 072012-13Real_Annual,ECON 07,2012-13,Real_Annual,0.20886206896551726,,,0.204,,,
ECON 072013-14Cash_Annual,ECON 07,2013-14,Cash_Annual,0.20944827586206896,,,0.212,,,
ECON 072013-14Real_Annual,ECON 07,2013-14,Real_Annual,0.20944827586206896,,,0.212,,,
ECON 072014-15Cash_Annual,ECON 07,2014-15,Cash_Annual,0.21772413793103448,,,0.214,,,
ECON 072014-15Real_Annual,ECON 07,2014-15,Real_Annual,0.21772413793103448,,,0.214,,,
ECON 072015-16Cash_Annual,ECON 07,2015-16,Cash_Annual,0.22431034482758622,,,0.228,,,
ECON 072015-16Real_Annual,ECON 07,2015-16,Real_Annual,0.22431034482758622,,,0.228,,,
ECON 072016-17Cash_Annual,ECON 07,2016-17,Cash_Annual,0.22431034482758622,,,0.224,,,
ECON 072016-17Real_Annual,ECON 07,2016-17,Real_Annual,0.22431034482758622,,,0.224,,,
ECON 072017-18Cash_Annual,ECON 07,2017-18,Cash_Annual,0.20768965517241378,,,0.204,,,
ECON 072017-18Real_Annual,ECON 07,2017-18,Real_Annual,0.20768965517241378,,,0.204,,,
ECON 072018-19Cash_Annual,ECON 07,2018-19,Cash_Annual,0.2219655172413793,,,0.216,,,
ECON 072018-19Real_Annual,ECON 07,2018-19,Real_Annual,0.2219655172413793,,,0.216,,,
ECON 072019-20Cash_Annual,ECON 07,2019-20,Cash_Annual,0.1973137931034483,,,0.192,,,
ECON 072019-20Real_Annual,ECON 07,2019-20,Real_Annual,0.1973137931034483,,,0.192,,,
ECON 072020-21Cash_Annual,ECON 07,2020-21,Cash_Annual,0.1858846153846154,,,0.1755,,,
ECON 072020-21Real_Annual,ECON 07,2020-21,Real_Annual,0.1858846153846154,,,0.1755,,,
ECON 072021-22Cash_Annual,ECON 07,2021-22,Cash_Annual,0.1711851851851852,,,0.165,,,
ECON 072021-22Real_Annual,ECON 07,2021-22,Real_Annual,0.1711851851851852,,,0.165,,,
ECON 072022-23Cash_Annual,ECON 07,2022-23,Cash_Annual,0.10957894736842104,,,0.1,,,
ECON 072022-23Real_Annual,ECON 07,2022-23,Real_Annual,0.10957894736842104,,,0.1,,,
ECON 072023-24Cash_Annual,ECON 07,2023-24,Cash_Annual,0.12804347826086956,,,0.126,,,
ECON 072023-24Real_Annual,ECON 07,2023-24,Real_Annual,0.12804347826086956,,,0.126,,,
ECON 082013-14Cash_Annual,ECON 08,2013-14,Cash_Annual,0.5278125,,,0.585,,,
ECON 082013-14Real_Annual,ECON 08,2013-14,Real_Annual,0.5278125,,,0.585,,,
ECON 082014-15Cash_Annual,ECON 08,2014-15,Cash_Annual,0.6471875,,,0.685,,,
ECON 082014-15Real_Annual,ECON 08,2014-15,Real_Annual,0.6471875,,,0.685,,,
ECON 082015-16Cash_Annual,ECON 08,2015-16,Cash_Annual,0.768125,,,0.815,,,
ECON 082015-16Real_Annual,ECON 08,2015-16,Real_Annual,0.768125,,,0.815,,,
ECON 082016-17Cash_Annual,ECON 08,2016-17,Cash_Annual,0.8509375,,,0.89,,,
ECON 082016-17Real_Annual,ECON 08,2016-17,Real_Annual,0.8509375,,,0.89,,,
ECON 082017-18Cash_Annual,ECON 08,2017-18,Cash_Annual,0.8846875,,,0.9293,,,
ECON 082017-18Real_Annual,ECON 08,2017-18,Real_Annual,0.8846875,,,0.9293,,,
ECON 082018-19Cash_Annual,ECON 08,2018-19,Cash_Annual,0.89171875,,,0.9335,,,
ECON 082018-19Real_Annual,ECON 08,2018-19,Real_Annual,0.89171875,,,0.9335,,,
ECON 082019-20Cash_Annual,ECON 08,2019-20,Cash_Annual,0.90975,,,0.9435,,,
ECON 082019-20Real_Annual,ECON 08,2019-20,Real_Annual,0.90975,,,0.9435,,,
ECON 082020-21Cash_Annual,ECON 08,2020-21,Cash_Annual,0.9159999999999999,,,0.9495,,,
ECON 082020-21Real_Annual,ECON 08,2020-21,Real_Annual,0.9159999999999999,,,0.9495,,,
ECON 082021-22Cash_Annual,ECON 08,2021-22,Cash_Annual,0.91415625,,,0.9564999999999999,,,
ECON 082021-22Real_Annual,ECON 08,2021-22,Real_Annual,0.91415625,,,0.9564999999999999,,,
ECON 082022-23Cash_Annual,ECON 08,2022-23,Cash_Annual,0.93375030028125,,,0.974518074,,,
ECON 082022-23Real_Annual,ECON 08,2022-23,Real_Annual,0.9337503002777799,,,0.974518073872816,,,
ECON 082023-24Cash_Annual,ECON 08,2023-24,Cash_Annual,0.94140625,,,0.978,,,
ECON 082023-24Real_Annual,ECON 08,2023-24,Real_Annual,0.94140625,,,0.978,,,
ECON 092014-15Cash_Annual,ECON 09,2014-15,Cash_Annual,0.0953258064516129,,,0.0918,,,
ECON 092014-15Real_Annual,ECON 09,2014-15,Real_Annual,0.0953258064516129,,,0.0918,,,
ECON 092015-16Cash_Annual,ECON 09,2015-16,Cash_Annual,0.10137586206896552,,,0.1054,,,
ECON 092015-16Real_Annual,ECON 09,2015-16,Real_Annual,0.10137586206896552,,,0.1054,,,
ECON 092016-17Cash_Annual,ECON 09,2016-17,Cash_Annual,0.10583103448275863,,,0.0986,,,
ECON 092016-17Real_Annual,ECON 09,2016-17,Real_Annual,0.10583103448275863,,,0.0986,,,
ECON 092017-18Cash_Annual,ECON 09,2017-18,Cash_Annual,0.11377307692307692,,,0.10105,,,
ECON 092017-18Real_Annual,ECON 09,2017-18,Real_Annual,0.11377307692307692,,,0.10105,,,
ECON 092018-19Cash_Annual,ECON 09,2018-19,Cash_Annual,0.10332187500000001,,,0.10275000000000001,,,
ECON 092018-19Real_Annual,ECON 09,2018-19,Real_Annual,0.10332187500000001,,,0.10275000000000001,,,
ECON 092019-20Cash_Annual,ECON 09,2019-20,Cash_Annual,0.108715625,,,0.11095,,,
ECON 092019-20Real_Annual,ECON 09,2019-20,Real_Annual,0.108715625,,,0.11095,,,
ECON 092020-21Cash_Annual,ECON 09,2020-21,Cash_Annual,0.11358040825,,,0.114895414,,,
ECON 092020-21Real_Annual,ECON 09,2020-21,Real_Annual,0.113580408150967,,,0.1148954140218965,,,
ECON 092021-22Cash_Annual,ECON 09,2021-22,Cash_Annual,0.11188811359375,,,0.11772118300000001,,,
ECON 092021-22Real_Annual,ECON 09,2021-22,Real_Annual,0.11188811356507916,,,0.11772118295214,,,
ECON 092022-23Cash_Annual,ECON 09,2022-23,Cash_Annual,0.1187686856875,,,0.118616198,,,
ECON 092022-23Real_Annual,ECON 09,2022-23,Real_Annual,0.11876868563118619,,,0.11861619787892799,,,
ECON 092023-24Cash_Annual,ECON 09,2023-24,Cash_Annual,0.1268953703125,,,0.12027454100000001,,,
ECON 092023-24Real_Annual,ECON 09,2023-24,Real_Annual,0.1268953703125,,,0.12027454100000001,,,
ECON 102014-15Cash_Annual,ECON 10,2014-15,Cash_Annual,0.36789415806451614,,,0.268292683,,,
ECON 102014-15Real_Annual,ECON 10,2014-15,Real_Annual,0.3678941580739709,,,0.268292682926829,,,
ECON 102015-16Cash_Annual,ECON 10,2015-16,Cash_Annual,0.45820315399999995,,,0.408262701,,,
ECON 102015-16Real_Annual,ECON 10,2015-16,Real_Annual,0.4582031539674157,,,0.40826270075369697,,,
ECON 102016-17Cash_Annual,ECON 10,2016-17,Cash_Annual,0.4263638885,,,0.383261113,,,
ECON 102016-17Real_Annual,ECON 10,2016-17,Real_Annual,0.4263638885662935,,,0.383261112938834,,,
ECON 102017-18Cash_Annual,ECON 10,2017-18,Cash_Annual,0.41605788892857143,,,0.3925096885,,,
ECON 102017-18Real_Annual,ECON 10,2017-18,Real_Annual,0.4160578890305008,,,0.3925096884471695,,,
ECON 102018-19Cash_Annual,ECON 10,2018-19,Cash_Annual,0.4599621398125,,,0.4335543705,,,
ECON 102018-19Real_Annual,ECON 10,2018-19,Real_Annual,0.4599621398870443,,,0.433554370801726,,,
ECON 102019-20Cash_Annual,ECON 10,2019-20,Cash_Annual,0.45893481046875,,,0.44865864850000003,,,
ECON 102019-20Real_Annual,ECON 10,2019-20,Real_Annual,0.45893481041310125,,,0.4486586481340335,,,
ECON 102020-21Cash_Annual,ECON 10,2020-21,Cash_Annual,0.47120259015625,,,0.4336418265,,,
ECON 102020-21Real_Annual,ECON 10,2020-21,Real_Annual,0.47120259014255683,,,0.433641826715832,,,
ECON 102021-22Cash_Annual,ECON 10,2021-22,Cash_Annual,0.39905639462500003,,,0.3087355315,,,
ECON 102021-22Real_Annual,ECON 10,2021-22,Real_Annual,0.3990563946088487,,,0.3087355312440485,,,
ECON 102022-23Cash_Annual,ECON 10,2022-23,Cash_Annual,0.30452028140625,,,0.2462030215,,,
ECON 102022-23Real_Annual,ECON 10,2022-23,Real_Annual,0.30452028133358566,,,0.24620302140268452,,,
ECON 102023-24Cash_Annual,ECON 10,2023-24,Cash_Annual,0.36191702332142855,,,0.2958106685,,,
ECON 102023-24Real_Annual,ECON 10,2023-24,Real_Annual,0.3619170232972545,,,0.2958106685,,,
ECON 112010-11Cash_Annual,ECON 11,2010-11,Cash_Annual,21918.97595721875,,,21147.903290000002,,,
ECON 112010-11Real_Annual,ECON 11,2010-11,Real_Annual,21918.97595731792,,,21147.903286091998,,,
ECON 112011-12Cash_Annual,ECON 11,2011-12,Cash_Annual,22166.99719296875,,,21669.657255,,,
ECON 112011-12Real_Annual,ECON 11,2011-12,Real_Annual,22166.9971928273,,,21669.6572538686,,,
ECON 112012-13Cash_Annual,ECON 11,2012-13,Cash_Annual,22248.73217875,,,21404.424985,,,
ECON 112012-13Real_Annual,ECON 11,2012-13,Real_Annual,22248.732178906732,,,21404.4249827604,,,
ECON 112013-14Cash_Annual,ECON 11,2013-14,Cash_Annual,22674.282900937502,,,21832.531455,,,
ECON 112013-14Real_Annual,ECON 11,2013-14,Real_Annual,22674.282900842893,,,21832.531456988552,,,
ECON 112014-15Cash_Annual,ECON 11,2014-15,Cash_Annual,23414.1078003125,,,22197.747985,,,
ECON 112014-15Real_Annual,ECON 11,2014-15,Real_Annual,23414.107801002534,,,22197.747989058502,,,
ECON 112015-16Cash_Annual,ECON 11,2015-16,Cash_Annual,23439.951845,,,22260.092940000002,,,
ECON 112015-16Real_Annual,ECON 11,2015-16,Real_Annual,23439.951844680923,,,22260.0929366466,,,
ECON 112016-17Cash_Annual,ECON 11,2016-17,Cash_Annual,23268.8779846875,,,22280.47582,,,
ECON 112016-17Real_Annual,ECON 11,2016-17,Real_Annual,23268.87798506048,,,22280.475818497798,,,
ECON 112017-18Cash_Annual,ECON 11,2017-18,Cash_Annual,23834.074046875,,,23676.605865,,,
ECON 112017-18Real_Annual,ECON 11,2017-18,Real_Annual,23834.07404701366,,,23676.6058640959,,,
ECON 112018-19Cash_Annual,ECON 11,2018-19,Cash_Annual,23733.3513296875,,,23566.60953,,,
ECON 112018-19Real_Annual,ECON 11,2018-19,Real_Annual,23733.35132997065,,,23566.60952975855,,,
ECON 112019-20Cash_Annual,ECON 11,2019-20,Cash_Annual,24002.1660021875,,,23825.402005,,,
ECON 112019-20Real_Annual,ECON 11,2019-20,Real_Annual,24002.16600187783,,,23825.4020053555,,,
ECON 112020-21Cash_Annual,ECON 11,2020-21,Cash_Annual,21213.302274062502,,,20821.334225,,,
ECON 112020-21Real_Annual,ECON 11,2020-21,Real_Annual,21213.30227435243,,,20821.334226624,,,
ECON 112021-22Cash_Annual,ECON 11,2021-22,Cash_Annual,22722.86028,,,22425.538505,,,
ECON 112021-22Real_Annual,ECON 11,2021-22,Real_Annual,22722.860279437522,,,22425.53850394365,,,
ECON 112022-23Cash_Annual,ECON 11,2022-23,Cash_Annual,23336.424794375,,,22862.95302,,,
ECON 112022-23Real_Annual,ECON 11,2022-23,Real_Annual,23336.424794508286,,,22862.95302329475,,,
ECON 12a2010-11Cash_Annual,ECON 12a,2010-11,Cash_Annual,0.03641145834375,4300.52083365625,108702.375,0.032291667,2643.75,76606.5,0.03956234473861542
ECON 12a2010-11Real_Annual,ECON 12a,2010-11,Real_Annual,0.036411458333333334,4300.520833333337,108702.375,0.0322916666666667,2643.75,76606.5,0.039562344735644794
ECON 12a2011-12Cash_Annual,ECON 12a,2011-12,Cash_Annual,0.038328125,4488.580728803125,108277.25,0.035125,2900.416667,75650.5,0.041454513564050846
ECON 12a2011-12Real_Annual,ECON 12a,2011-12,Real_Annual,0.038328125,4488.580729166663,108277.25,0.035125,2900.41666666667,75650.5,0.04145451356740833
ECON 12a2012-13Cash_Annual,ECON 12a,2012-13,Cash_Annual,0.03784114584375,4400.872396146875,108620.5,0.035500000000000004,2908.9583334999998,75192.0,0.04051603883380094
ECON 12a2012-13Real_Annual,ECON 12a,2012-13,Real_Annual,0.03784114583333333,4400.872395833337,108620.5,0.035500000000000004,2908.958333333335,75192.0,0.04051603883091439
ECON 12a2013-14Cash_Annual,ECON 12a,2013-14,Cash_Annual,0.0326249999375,3782.486978996875,108620.0625,0.03075,2441.25,75595.0,0.03482309705904354
ECON 12a2013-14Real_Annual,ECON 12a,2013-14,Real_Annual,0.032624999999999994,3782.486979166665,108620.0625,0.03075,2441.25,75595.0,0.03482309706060669
ECON 12a2014-15Cash_Annual,ECON 12a,2014-15,Cash_Annual,0.0241484375,2817.7083333228125,108875.75,0.02225,1791.041667,74261.5,0.025880036034863708
ECON 12a2014-15Real_Annual,ECON 12a,2014-15,Real_Annual,0.024148437499999998,2817.708333333333,108875.75,0.02225,1791.04166666667,74261.5,0.02588003603496034
ECON 12a2015-16Cash_Annual,ECON 12a,2015-16,Cash_Annual,0.02063802084375,2410.6510416321876,108862.5,0.017791667,1648.9583335,73322.5,0.022143998545249167
ECON 12a2015-16Real_Annual,ECON 12a,2015-16,Real_Annual,0.020638020833333333,2410.6510416666665,108862.5,0.0177916666666667,1648.9583333333348,73322.5,0.02214399854556589
ECON 12a2016-17Cash_Annual,ECON 12a,2016-17,Cash_Annual,0.021242187375,2458.50260414375,108913.25,0.0192916665,1599.5833335,73113.5,0.022573034999357287
ECON 12a2016-17Real_Annual,ECON 12a,2016-17,Real_Annual,0.021242187499999985,2458.5026041666665,108913.25,0.01929166666666665,1599.5833333333348,73113.5,0.022573034999567698
ECON 12a2017-18Cash_Annual,ECON 12a,2017-18,Cash_Annual,0.02270052084375,2551.822916753125,108566.28125,0.022041667,1886.041667,72303.0,0.023504746477195238
ECON 12a2017-18Real_Annual,ECON 12a,2017-18,Real_Annual,0.022700520833333335,2551.8229166666674,108566.28125,0.0220416666666667,1886.04166666667,72303.0,0.023504746476398882
ECON 12a2018-19Cash_Annual,ECON 12a,2018-19,Cash_Annual,0.02694791653125,2977.6171875125,109410.9375,0.025208333,2143.75,72681.5,0.027214986504548507
ECON 12a2018-19Real_Annual,ECON 12a,2018-19,Real_Annual,0.02694791666666665,2977.6171875,109410.9375,0.0252083333333333,2143.75,72681.5,0.02721498650443426
ECON 12a2019-20Cash_Annual,ECON 12a,2019-20,Cash_Annual,0.0307265625,3454.778645853125,109582.84375,0.027749999999999997,2690.4166665000002,72604.0,0.03152663799941882
ECON 12a2019-20Real_Annual,ECON 12a,2019-20,Real_Annual,0.0307265625,3454.7786458333335,109582.84375,0.02775,2690.416666666665,72604.0,0.03152663799923821
ECON 12a2020-21Cash_Annual,ECON 12a,2020-21,Cash_Annual,0.05711718753125,6589.309895478125,109191.34375,0.054666667,4645.208333500001,72681.5,0.06034644935375773
ECON 12a2020-21Real_Annual,ECON 12a,2020-21,Real_Annual,0.0571171875,6589.309895833329,109191.34375,0.0546666666666667,4645.208333333335,72681.5,0.06034644935701077
ECON 12a2021-22Cash_Annual,ECON 12a,2021-22,Cash_Annual,0.04230468746875,4965.664062228125,109203.65625,0.0404583335,3508.5416665000002,72335.5,0.04547159163664106
ECON 12a2021-22Real_Annual,ECON 12a,2021-22,Real_Annual,0.04230468749999999,4965.664062499997,109203.65625,0.040458333333333346,3508.541666666665,72335.5,0.04547159163913065
ECON 12a2022-23Cash_Annual,ECON 12a,2022-23,Cash_Annual,0.029755208375,3507.9296875625,109200.6770834375,0.029124999999999998,2483.75,72294.791665,0.03212369905803953
ECON 12a2022-23Real_Annual,ECON 12a,2022-23,Real_Annual,0.02975520833333334,3507.929687500001,109200.67708333333,0.029124999999999998,2483.75,72294.79166666666,0.03212369905749784
ECON 12a2023-24Cash_Annual,ECON 12a,2023-24,Cash_Annual,0.0286562499375,3379.6875000218747,109203.65625,0.028708333500000002,2314.791667,72335.5,0.030948483009440215
ECON 12a2023-24Real_Annual,ECON 12a,2023-24,Real_Annual,0.028656249999999994,3379.6875,109203.65625,0.02870833333333335,2314.79166666667,72335.5,0.030948483009239903
ECON 12a2024-25Cash_Annual,ECON 12a,2024-25,Cash_Annual,0.02863888890625,3438.350694321875,109203.65625,0.0283888885,2271.944444,72335.5,0.03148567376215368
ECON 12a2024-25Real_Annual,ECON 12a,2024-25,Real_Annual,0.02863888888888889,3438.3506944444434,109203.65625,0.028388888888888852,2271.94444444444,72335.5,0.031485673763276066
ECON 12b2010-11Cash_Annual,ECON 12b,2010-11,Cash_Annual,0.06377354290625,1259.1015624562501,19498.375,0.0639367825,829.7916667,12926.0,0.0645746921195356
ECON 12b2010-11Real_Annual,ECON 12b,2010-11,Real_Annual,0.06377354290197608,1259.1015624999995,19498.375,0.06393678247898965,829.791666666667,12926.0,0.06457469212177935
ECON 12b2011-12Cash_Annual,ECON 12b,2011-12,Cash_Annual,0.06777984684375,1344.0755208384376,19720.625,0.070888601,881.66666665,13148.5,0.06815582776095776
ECON 12b2011-12Real_Annual,ECON 12b,2011-12,Real_Annual,0.06777984694649346,1344.0755208333335,19720.625,0.0708886013421762,881.6666666666665,13148.5,0.06815582776069894
ECON 12b2012-13Cash_Annual,ECON 12b,2012-13,Cash_Annual,0.06348900946875,1249.5833333728124,19644.125,0.06640742,757.5,13191.5,0.06361104571330169
ECON 12b2012-13Real_Annual,ECON 12b,2012-13,Real_Annual,0.06348900948320706,1249.5833333333337,19644.125,0.0664074199076664,757.5,13191.5,0.06361104571129199
ECON 12b2013-14Cash_Annual,ECON 12b,2013-14,Cash_Annual,0.05076795415625,994.2578125178125,19502.15625,0.052659846999999996,581.875,13197.5,0.05098194270276203
ECON 12b2013-14Real_Annual,ECON 12b,2013-14,Real_Annual,0.05076795415772246,994.2578125000002,19502.15625,0.0526598467024145,581.875,13197.5,0.050981942701848686
ECON 12b2014-15Cash_Annual,ECON 12b,2014-15,Cash_Annual,0.03429196890625,682.539062496875,19320.25,0.036566466500000006,411.66666665,13000.5,0.03532765168654003
ECON 12b2014-15Real_Annual,ECON 12b,2014-15,Real_Annual,0.034291968887623,682.5390625,19320.25,0.0365664666854755,411.6666666666665,13000.5,0.03532765168670177
ECON 12b2015-16Cash_Annual,ECON 12b,2015-16,Cash_Annual,0.028055936375,549.596354173125,19220.71875,0.028124977500000002,351.4583333,13080.0,0.02859395433238546
ECON 12b2015-16Real_Annual,ECON 12b,2015-16,Real_Annual,0.028055936384751453,549.5963541666667,19220.71875,0.0281249776117465,351.458333333333,13080.0,0.02859395433204946
ECON 12b2016-17Cash_Annual,ECON 12b,2016-17,Cash_Annual,0.0290950178125,557.0442708271875,18974.625,0.027780186,391.4583333,13006.5,0.029357326999990118
ECON 12b2016-17Real_Annual,ECON 12b,2016-17,Real_Annual,0.02909501785140675,557.0442708333333,18974.625,0.0277801862726581,391.458333333333,13006.5,0.029357327000314012
ECON 12b2017-18Cash_Annual,ECON 12b,2017-18,Cash_Annual,0.02942148990625,539.869791651875,18542.53125,0.028869190500000003,405.8333333,12631.0,0.029115215413314993
ECON 12b2017-18Real_Annual,ECON 12b,2017-18,Real_Annual,0.029421489934197582,539.8697916666665,18542.53125,0.0288691904818792,405.833333333333,12631.0,0.029115215414112706
ECON 12b2018-19Cash_Annual,ECON 12b,2018-19,Cash_Annual,0.033939899875,589.2447917021875,18169.59375,0.0309444975,482.70833335,12393.0,0.03243026783150765
ECON 12b2018-19Real_Annual,ECON 12b,2018-19,Real_Annual,0.0339398999290239,589.244791666667,18169.59375,0.030944497430319552,482.7083333333335,12393.0,0.03243026782955271
ECON 12b2019-20Cash_Annual,ECON 12b,2019-20,Cash_Annual,0.04005589934375,676.236979184375,18029.875,0.039515873,532.7083333,11675.0,0.037506470742829603
ECON 12b2019-20Real_Annual,ECON 12b,2019-20,Real_Annual,0.04005589931402444,676.2369791666669,18029.875,0.03951587314474975,532.708333333333,11675.0,0.03750647074184745
ECON 12b2020-21Cash_Annual,ECON 12b,2020-21,Cash_Annual,0.07512521765624999,1287.408854146875,18002.84375,0.0763422735,916.875,11335.5,0.07151141630870818
ECON 12b2020-21Real_Annual,ECON 12b,2020-21,Real_Annual,0.07512521757122272,1287.4088541666665,18002.84375,0.0763422737659743,916.875,11335.5,0.07151141630980752
ECON 12b2021-22Cash_Annual,ECON 12b,2021-22,Cash_Annual,0.050433346125,876.3151041790625,17889.21875,0.0495424515,600.8333333,11403.0,0.04898565535060398
ECON 12b2021-22Real_Annual,ECON 12b,2021-22,Real_Annual,0.050433346124566854,876.3151041666667,17889.21875,0.0495424512431404,600.833333333333,11403.0,0.04898565534991106
ECON 12b2022-23Cash_Annual,ECON 12b,2022-23,Cash_Annual,0.0347770038125,602.278645795,18148.875,0.035247303,422.70833335,11335.5,0.033185453412126094
ECON 12b2022-23Real_Annual,ECON 12b,2022-23,Real_Annual,0.03477700374874548,602.2786458333329,18148.875,0.0352473028434032,422.7083333333335,11335.5,0.03318545341423823
ECON 12b2023-24Cash_Annual,ECON 12b,2023-24,Cash_Annual,0.034933576125,614.3750000106251,18329.78125,0.0356412895,451.45833335,11389.0,0.0335178577218768
ECON 12b2023-24Real_Annual,ECON 12b,2023-24,Real_Annual,0.034933576107422086,614.3750000000001,18329.78125,0.0356412895927556,451.4583333333335,11389.0,0.033517857721297145
ECON 12b2024-25Cash_Annual,ECON 12b,2024-25,Cash_Annual,0.03367839603125,610.416666705,18329.78125,0.034703620000000004,432.77777779999997,11389.0,0.0333019067919864
ECON 12b2024-25Real_Annual,ECON 12b,2024-25,Real_Annual,0.033678395955078884,610.4166666666671,18329.78125,0.0347036197414954,432.777777777778,11389.0,0.033301906789895114
ENV 01a2012-13Cash_Annual,ENV 01a,2012-13,Cash_Annual,61.648125,4756312.5,80450.78125,63.375,3582500.0,58918.0,59.120774541888
ENV 01a2012-13Real_Annual,ENV 01a,2012-13,Real_Annual,83.117025,6412693.7625,80450.78125,85.4453,4830102.2,58918.0,79.70952752556396
ENV 01a2013-14Cash_Annual,ENV 01a,2013-14,Cash_Annual,63.50875,4997625.0,81505.6875,60.995,3682500.0,58672.0,61.316273174188
ENV 01a2013-14Real_Annual,ENV 01a,2013-14,Real_Annual,84.019234375,6611634.73125,81505.6875,80.69365,4871783.1,58672.0,81.118691640384
ENV 01a2014-15Cash_Annual,ENV 01a,2014-15,Cash_Annual,61.885,5281968.75,81466.5625,59.754999999999995,3768500.0,58765.0,64.83603318846306
ENV 01a2014-15Real_Annual,ENV 01a,2014-15,Real_Annual,80.882778125,6903454.753125,81466.5625,78.0989,4925373.550000001,58765.0,84.73973298093927
ENV 01a2015-16Cash_Annual,ENV 01a,2015-16,Cash_Annual,61.62125,5267062.5,81993.78125,57.730000000000004,4013500.0,59605.0,64.23734117030979
ENV 01a2015-16Real_Annual,ENV 01a,2015-16,Real_Annual,79.964025,6834907.275,81993.78125,74.9145,5208197.25,59605.0,83.3588495468978
ENV 01a2016-17Cash_Annual,ENV 01a,2016-17,Cash_Annual,62.85,5323656.25,82485.15625,62.325,3822000.0,59659.0,64.54077911745485
ENV 01a2016-17Real_Annual,ENV 01a,2016-17,Real_Annual,79.7572125,6755768.6,82485.15625,79.09094999999999,4850153.050000001,59659.0,81.9028405489624
ENV 01a2017-18Cash_Annual,ENV 01a,2017-18,Cash_Annual,63.010625,5471281.25,82933.0,61.75,4018500.0,59659.0,65.97230595782138
ENV 01a2017-18Real_Annual,ENV 01a,2017-18,Real_Annual,78.7226,6835569.509374999,82933.0,77.14765,5020530.85,59659.0,82.42279321108605
ENV 01a2018-19Cash_Annual,ENV 01a,2018-19,Cash_Annual,63.8215625,5626468.75,83716.71875,60.925,4032000.0,59843.0,67.20842424321606
ENV 01a2018-19Real_Annual,ENV 01a,2018-19,Real_Annual,77.69856874999999,6849856.70625,83716.71875,74.1722,4908695.6,59843.0,81.82184883171857
ENV 01a2019-20Cash_Annual,ENV 01a,2019-20,Cash_Annual,64.9390625,5812708.578125,84403.25,61.655,4130000.0,60252.0,68.86830279787804
ENV 01a2019-20Real_Annual,ENV 01a,2019-20,Real_Annual,77.227334375,6912634.4375,84403.25,73.32185,4911510.7,60252.0,81.90009789314985
ENV 01a2020-21Cash_Annual,ENV 01a,2020-21,Cash_Annual,68.639375,6152656.25,85039.5625,67.67,4413000.0,60473.0,72.350516267061
ENV 01a2020-21Real_Annual,ENV 01a,2020-21,Real_Annual,79.770759375,7150444.315625,85039.5625,78.6442,5128664.700000001,60473.0,84.08373826740936
ENV 01a2021-22Cash_Annual,ENV 01a,2021-22,Cash_Annual,69.295625,6006062.5,85615.90625,68.24000000000001,4510000.0,60954.0,70.15124598999382
ENV 01a2021-22Real_Annual,ENV 01a,2021-22,Real_Annual,76.54026875,6633977.9375,85615.90625,75.3743,4981506.7,60954.0,77.48534388141222
ENV 01a2022-23Cash_Annual,ENV 01a,2022-23,Cash_Annual,74.9434375,6523812.5,86327.15625,74.87,4711000.0,62298.0,75.57080278547922
ENV 01a2022-23Real_Annual,ENV 01a,2022-23,Real_Annual,79.104084375,6885996.284375,86327.15625,79.02655,4972541.5,62298.0,79.76628193836746
ENV 01a2023-24Cash_Annual,ENV 01a,2023-24,Cash_Annual,77.94625,6833187.5,87068.65625,78.22999999999999,4814500.0,62682.0,78.48045202833826
ENV 01a2023-24Real_Annual,ENV 01a,2023-24,Real_Annual,77.94625,6833187.5,87068.65625,78.22999999999999,4814500.0,62682.0,78.48045202833826
ENV 02a2012-13Cash_Annual,ENV 02a,2012-13,Cash_Annual,91.305,7425093.75,80450.78125,84.39,4863000.0,58918.0,92.29361896345786
ENV 02a2012-13Real_Annual,ENV 02a,2012-13,Real_Annual,123.1018875,10010875.50625,80450.78125,113.77875,6556535.050000001,58918.0,124.43478299037649
ENV 02a2013-14Cash_Annual,ENV 02a,2013-14,Cash_Annual,90.9528125,7512343.75,81505.6875,86.965,4644000.0,58672.0,92.16956485398642
ENV 02a2013-14Real_Annual,ENV 02a,2013-14,Real_Annual,120.32650625,9938495.365625,81505.6875,115.0508,6143804.65,58672.0,121.93621905986622
ENV 02a2014-15Cash_Annual,ENV 02a,2014-15,Cash_Annual,92.6734375,7430531.25,81466.5625,88.07499999999999,5132000.0,58765.0,91.20958368655852
ENV 02a2014-15Real_Annual,ENV 02a,2014-15,Real_Annual,121.122803125,9711594.05,81466.5625,115.1127,6707447.800000001,58765.0,119.20957202533249
ENV 02a2015-16Cash_Annual,ENV 02a,2015-16,Cash_Annual,98.11031249999999,7989125.0,81993.78125,94.91499999999999,5331500.0,59605.0,97.43574303081674
ENV 02a2015-16Real_Annual,ENV 02a,2015-16,Real_Annual,127.31478125,10367245.2375,81993.78125,123.16835,6918525.9,59605.0,126.43940893383302
ENV 02a2016-17Cash_Annual,ENV 02a,2016-17,Cash_Annual,99.5946875,8146812.5,82485.15625,94.245,5545000.0,59659.0,98.76701300423372
ENV 02a2016-17Real_Annual,ENV 02a,2016-17,Real_Annual,126.386565625,10338379.765625,82485.15625,119.59774999999999,7036655.85,59659.0,125.33624515774619
ENV 02a2017-18Cash_Annual,ENV 02a,2017-18,Cash_Annual,101.820625,8408906.25,82933.0,97.305,5520500.0,59659.0,101.3939716397574
ENV 02a2017-18Real_Annual,ENV 02a,2017-18,Real_Annual,127.21005,10505704.334375,82933.0,121.56845,6897061.15,59659.0,126.67700836066463
ENV 02a2018-19Cash_Annual,ENV 02a,2018-19,Cash_Annual,99.3571875,8151875.0,83716.71875,96.83,5560000.0,59843.0,97.3745163656453
ENV 02a2018-19Real_Annual,ENV 02a,2018-19,Real_Annual,120.96085624999999,9924373.196875,83716.71875,117.88415,6768935.4,59843.0,118.54708766730063
ENV 02a2019-20Cash_Annual,ENV 02a,2019-20,Cash_Annual,102.638125,8370741.028125,84403.25,98.5,6183000.0,60252.0,99.17557710307364
ENV 02a2019-20Real_Annual,ENV 02a,2019-20,Real_Annual,122.06010625,9954717.65625,84403.25,117.1389,7352995.25,60252.0,117.94235004280048
ENV 02a2020-21Cash_Annual,ENV 02a,2020-21,Cash_Annual,107.521875,9004406.25,85039.5625,106.20500000000001,6883500.0,60473.0,105.88490798032974
ENV 02a2020-21Real_Annual,ENV 02a,2020-21,Real_Annual,124.9589,10464668.084375,85039.5625,123.42845,7999810.4,60473.0,123.05646662252055
ENV 02a2021-22Cash_Annual,ENV 02a,2021-22,Cash_Annual,103.68875,8592906.25,85615.90625,101.62,6028500.0,60954.0,100.36576877325292
ENV 02a2021-22Real_Annual,ENV 02a,2021-22,Real_Annual,114.52909375,9491268.2875,85615.90625,112.24405,6658761.199999999,60954.0,110.85870258483656
ENV 02a2022-23Cash_Annual,ENV 02a,2022-23,Cash_Annual,99.0646875,8226125.0,86327.15625,100.86500000000001,6547000.0,62298.0,95.29011909273915
ENV 02a2022-23Real_Annual,ENV 02a,2022-23,Real_Annual,104.564484375,8682816.40625,86327.15625,106.46475,6910471.1,62298.0,100.58035945380745
ENV 02a2023-24Cash_Annual,ENV 02a,2023-24,Cash_Annual,110.67281249999999,9085750.0,87068.65625,106.26,7419500.0,62682.0,104.35155877348228
ENV 02a2023-24Real_Annual,ENV 02a,2023-24,Real_Annual,110.67281249999999,9085750.0,87068.65625,106.26,7419500.0,62682.0,104.35155877348228
ENV 03a2010-11Cash_Annual,ENV 03a,2010-11,Cash_Annual,17597.9515625,3239625.0,164.44375,16806.555,1979500.0,118.91,19700.505491999545
ENV 03a2010-11Real_Annual,ENV 03a,2010-11,Real_Annual,24591.63065625,4527098.584375,164.44375,23485.721700000002,2766181.8000000003,118.91,27529.76981110562
ENV 03a2011-12Cash_Annual,ENV 03a,2011-12,Cash_Annual,16608.69125,3182399.34375,165.62187500000002,15769.79,1991000.0,119.445,19214.84914809713
ENV 03a2011-12Real_Annual,ENV 03a,2011-12,Real_Annual,22806.00870625,4369870.334375,165.62187500000002,21654.08235,2733915.8,119.445,26384.620596615026
ENV 03a2012-13Cash_Annual,ENV 03a,2012-13,Cash_Annual,16174.4096875,2911531.25,165.890625,15559.619999999999,1941500.0,119.36500000000001,17550.908919657155
ENV 03a2012-13Real_Annual,ENV 03a,2012-13,Real_Annual,21807.132309375,3925469.20625,165.890625,20978.242700000003,2617625.5,119.36500000000001,23662.996062917962
ENV 03a2013-14Cash_Annual,ENV 03a,2013-14,Cash_Annual,14881.663125,2704125.0,166.165625,14893.05,1915500.0,119.21000000000001,16273.672728640475
ENV 03a2013-14Real_Annual,ENV 03a,2013-14,Real_Annual,19687.7758625,3577436.6374999997,166.165625,19702.8402,2534121.0,119.21000000000001,21529.342410621928
ENV 03a2014-15Cash_Annual,ENV 03a,2014-15,Cash_Annual,14308.618124999999,2643125.0,166.63125,13349.119999999999,1772000.0,119.205,15862.120700648888
ENV 03a2014-15Real_Annual,ENV 03a,2014-15,Real_Annual,18701.15151875,3454525.1468749996,166.63125,17447.1017,2315977.7,119.205,20731.556336971604
ENV 03a2015-16Cash_Annual,ENV 03a,2015-16,Cash_Annual,13761.8296875,2593125.0,167.240625,12624.060000000001,1763000.0,119.245,15505.35343909412
ENV 03a2015-16Real_Annual,ENV 03a,2015-16,Real_Annual,17858.30903125,3365019.675,167.240625,16381.8598,2287791.65,119.245,20120.82695218342
ENV 03a2016-17Cash_Annual,ENV 03a,2016-17,Cash_Annual,13294.7265625,2447218.75,167.965625,12709.224999999999,1584500.0,119.0,14569.759437384882
ENV 03a2016-17Real_Annual,ENV 03a,2016-17,Real_Annual,16871.129928125,3105543.0375,167.965625,16128.1231,2010745.0499999998,119.0,18489.15834713204
ENV 03a2017-18Cash_Annual,ENV 03a,2017-18,Cash_Annual,13245.9046875,2619468.75,168.434375,12014.4,1384000.0,118.6,15551.865526262083
ENV 03a2017-18Real_Annual,ENV 03a,2017-18,Real_Annual,16548.829790625,3272644.9,168.434375,15010.24395,1729106.5,118.6,19429.792166830553
ENV 03a2018-19Cash_Annual,ENV 03a,2018-19,Cash_Annual,13210.785,2522000.0,168.571875,11792.255000000001,1444500.0,118.475,14960.97732792021
ENV 03a2018-19Real_Annual,ENV 03a,2018-19,Real_Annual,16083.264346875,3070369.6062499997,168.571875,14356.2971,1758584.05,118.475,18214.008749976823
ENV 03a2019-20Cash_Annual,ENV 03a,2019-20,Cash_Annual,13327.046875,2558246.10625,169.20000000000002,11601.279999999999,1653500.0,118.655,15119.657838356974
ENV 03a2019-20Real_Annual,ENV 03a,2019-20,Real_Annual,15848.89419375,3042337.303125,169.20000000000002,13796.5643,1966388.1,118.655,17980.716921542553
ENV 03a2020-21Cash_Annual,ENV 03a,2020-21,Cash_Annual,13042.8825,2475468.75,169.159375,11958.105,1581500.0,118.36,14633.943581312002
ENV 03a2020-21Real_Annual,ENV 03a,2020-21,Real_Annual,15158.07176875,2876920.2625,169.159375,13897.37385,1837974.85,118.36,17007.158264210895
ENV 03a2021-22Cash_Annual,ENV 03a,2021-22,Cash_Annual,14979.766875,2714875.0,169.32500000000002,14641.400000000001,1896000.0,118.795,16033.5154289089
ENV 03a2021-22Real_Annual,ENV 03a,2021-22,Real_Annual,16545.855634375,2998706.859375,169.32500000000002,16172.11355,2094221.0,118.795,17709.770319651558
ENV 03a2022-23Cash_Annual,ENV 03a,2022-23,Cash_Annual,14208.698709677421,2552225.806451613,165.14645161290323,14581.13,1610000.0,116.82000000000001,15454.318161397314
ENV 03a2022-23Real_Annual,ENV 03a,2022-23,Real_Annual,14997.525838709676,2693918.2290322585,165.14645161290323,15390.6335,1699382.7000000002,116.82000000000001,16312.298585419785
ENV 03a2023-24Cash_Annual,ENV 03a,2023-24,Cash_Annual,14650.270625,2777906.25,171.565625,14224.705,1713000.0,118.69,16191.508351396149
ENV 03a2023-24Real_Annual,ENV 03a,2023-24,Real_Annual,14650.270625,2777906.25,171.565625,14224.705,1713000.0,118.69,16191.508351396149
ENV 03c2010-11Cash_Annual,ENV 03c,2010-11,Cash_Annual,0.95396875,,,0.956,,,
ENV 03c2010-11Real_Annual,ENV 03c,2010-11,Real_Annual,0.95396875,,,0.956,,,
ENV 03c2011-12Cash_Annual,ENV 03c,2011-12,Cash_Annual,0.9614375,,,0.9664999999999999,,,
ENV 03c2011-12Real_Annual,ENV 03c,2011-12,Real_Annual,0.9614375,,,0.9664999999999999,,,
ENV 03c2012-13Cash_Annual,ENV 03c,2012-13,Cash_Annual,0.95803125,,,0.9624999999999999,,,
ENV 03c2012-13Real_Annual,ENV 03c,2012-13,Real_Annual,0.95803125,,,0.9624999999999999,,,
ENV 03c2013-14Cash_Annual,ENV 03c,2013-14,Cash_Annual,0.9608709677419355,,,0.969,,,
ENV 03c2013-14Real_Annual,ENV 03c,2013-14,Real_Annual,0.9608709677419355,,,0.969,,,
ENV 03c2014-15Cash_Annual,ENV 03c,2014-15,Cash_Annual,0.9362826713548387,,,0.944971537,,,
ENV 03c2014-15Real_Annual,ENV 03c,2014-15,Real_Annual,0.9362826713478223,,,0.944971537001898,,,
ENV 03c2015-16Cash_Annual,ENV 03c,2015-16,Cash_Annual,0.935741935483871,,,0.943,,,
ENV 03c2015-16Real_Annual,ENV 03c,2015-16,Real_Annual,0.935741935483871,,,0.943,,,
ENV 03c2016-17Cash_Annual,ENV 03c,2016-17,Cash_Annual,0.9415138319999999,,,0.947368421,,,
ENV 03c2016-17Real_Annual,ENV 03c,2016-17,Real_Annual,0.9415138319839974,,,0.947368421052632,,,
ENV 03c2017-18Cash_Annual,ENV 03c,2017-18,Cash_Annual,0.9261083153225806,,,0.934579439,,,
ENV 03c2017-18Real_Annual,ENV 03c,2017-18,Real_Annual,0.9261083154208111,,,0.934579439252337,,,
ENV 03c2018-19Cash_Annual,ENV 03c,2018-19,Cash_Annual,0.9316774193548387,,,0.929,,,
ENV 03c2018-19Real_Annual,ENV 03c,2018-19,Real_Annual,0.9316774193548387,,,0.929,,,
ENV 03c2019-20Cash_Annual,ENV 03c,2019-20,Cash_Annual,0.9237022406451614,,,0.926267281,,,
ENV 03c2019-20Real_Annual,ENV 03c,2019-20,Real_Annual,0.9237022406240603,,,0.926267281105991,,,
ENV 03c2020-21Cash_Annual,ENV 03c,2020-21,Cash_Annual,0.9136180416129032,,,0.925925926,,,
ENV 03c2020-21Real_Annual,ENV 03c,2020-21,Real_Annual,0.9136180416458963,,,0.925925925925926,,,
ENV 03c2021-22Cash_Annual,ENV 03c,2021-22,Cash_Annual,0.904258064516129,,,0.898,,,
ENV 03c2021-22Real_Annual,ENV 03c,2021-22,Real_Annual,0.904258064516129,,,0.898,,,
ENV 03c2022-23Cash_Annual,ENV 03c,2022-23,Cash_Annual,0.9080322580645162,,,0.905,,,
ENV 03c2022-23Real_Annual,ENV 03c,2022-23,Real_Annual,0.9080322580645162,,,0.905,,,
ENV 03c2023-24Cash_Annual,ENV 03c,2023-24,Cash_Annual,0.9246060208387097,,,0.93418259,,,
ENV 03c2023-24Real_Annual,ENV 03c,2023-24,Real_Annual,0.9246060208374273,,,0.934182590233546,,,
ENV 04a2010-11Cash_Annual,ENV 04a,2010-11,Cash_Annual,13523.5846875,18063843.75,1628.46875,11739.855,13743000.0,1098.0,11092.533246339544
ENV 04a2010-11Real_Annual,ENV 04a,2010-11,Real_Annual,18898.05178125,25242675.1,1628.46875,16405.44225,19204665.85,1098.0,15500.865521674887
ENV 04a2011-12Cash_Annual,ENV 04a,2011-12,Cash_Annual,12441.846875,16739125.0,1632.428875,11113.715,12887000.0,1099.0,10254.122097662601
ENV 04a2011-12Real_Annual,ENV 04a,2011-12,Real_Annual,17084.36048125,22985112.14375,1632.428875,15260.6534,17695616.75,1099.0,14080.314613247698
ENV 04a2012-13Cash_Annual,ENV 04a,2012-13,Cash_Annual,12538.891875,16263406.25,1635.7996875,12002.605,13033500.0,1100.5,9942.174689405545
ENV 04a2012-13Real_Annual,ENV 04a,2012-13,Real_Annual,16905.548928125,21927121.853125,1635.7996875,16182.50065,17572403.85,1100.5,13404.527474043181
ENV 04a2013-14Cash_Annual,ENV 04a,2013-14,Cash_Annual,12056.135,16119281.25,1642.50625,11454.18,12148000.0,1107.445,9813.832519663169
ENV 04a2013-14Real_Annual,ENV 04a,2013-14,Real_Annual,15949.728303125,21325089.384375,1642.50625,15153.368699999999,16071261.65,1107.445,12983.262245957969
ENV 04a2014-15Cash_Annual,ENV 04a,2014-15,Cash_Annual,12578.3525,16189608.15625,1643.99965625,10030.94,11596500.0,1108.89,9847.695584790363
ENV 04a2014-15Real_Annual,ENV 04a,2014-15,Real_Annual,16439.72003125,21159577.571875,1643.99965625,13110.2897,15156453.349999998,1108.89,12870.791968497408
ENV 04a2015-16Cash_Annual,ENV 04a,2015-16,Cash_Annual,12845.2903125,16898375.0,1653.1355,10810.34,11894500.0,1109.6750000000002,10222.014468868401
ENV 04a2015-16Real_Annual,ENV 04a,2015-16,Real_Annual,16668.943671875,21928508.753125,1653.1355,14028.25035,15435131.95,1109.6750000000002,13264.798168767775
ENV 04a2016-17Cash_Annual,ENV 04a,2016-17,Cash_Annual,12556.467499999999,17119125.0,1655.885625,11217.04,11833500.0,1110.695,10338.349908678023
ENV 04a2016-17Real_Annual,ENV 04a,2016-17,Real_Annual,15934.272403125,21724326.603125,1655.885625,14234.52665,15016820.0,1110.695,13119.460834213716
ENV 04a2017-18Cash_Annual,ENV 04a,2017-18,Cash_Annual,12422.7559375,16710375.0,1655.4296875,11410.065,11698000.0,1111.71,10094.282545600416
ENV 04a2017-18Real_Annual,ENV 04a,2017-18,Real_Annual,15520.425259375,20877181.153125,1655.4296875,14255.2153,14614948.2,1111.71,12611.336688454187
ENV 04a2018-19Cash_Annual,ENV 04a,2018-19,Cash_Annual,12451.5234375,16590531.25,1672.5484375,11444.075,12900000.0,1185.705,9919.312874907397
ENV 04a2018-19Real_Annual,ENV 04a,2018-19,Real_Annual,15158.91318125,20197883.759375,1672.5484375,13932.41075,15704904.0,1185.705,12076.112898449315
ENV 04a2019-20Cash_Annual,ENV 04a,2019-20,Cash_Annual,12205.6075,16377565.453125,1677.723125,9987.885,12377500.0,1185.705,9761.780838018192
ENV 04a2019-20Real_Annual,ENV 04a,2019-20,Real_Annual,14515.24735625,19476655.6,1677.723125,11877.870149999999,14719666.7,1185.705,11608.980832281251
ENV 04a2020-21Cash_Annual,ENV 04a,2020-21,Cash_Annual,12269.198125,15744843.75,1678.79,10105.18,11597000.0,1186.505,9378.68569028884
ENV 04a2020-21Real_Annual,ENV 04a,2020-21,Real_Annual,14258.917515625,18298215.2625,1678.79,11743.9564,13477707.7,1186.505,10899.645138760654
ENV 04a2021-22Cash_Annual,ENV 04a,2021-22,Cash_Annual,14019.2965625,18645000.0,1681.7138125,10703.46,13000500.0,1188.965,11086.90424102704
ENV 04a2021-22Real_Annual,ENV 04a,2021-22,Real_Annual,15484.9710875,20594277.65,1681.7138125,11822.47395,14359662.45,1188.965,12246.006125967999
ENV 04a2022-23Cash_Annual,ENV 04a,2022-23,Cash_Annual,15903.244375,21564718.75,1666.4975,13640.83,14782500.0,1118.85,12940.144674684481
ENV 04a2022-23Real_Annual,ENV 04a,2022-23,Real_Annual,16786.147921875,22761931.490625,1666.4975,14398.1306,15603182.95,1118.85,13658.545236716529
ENV 04a2023-24Cash_Annual,ENV 04a,2023-24,Cash_Annual,17042.73875,23254500.0,1686.27896875,14046.035,15695000.0,1170.2,13790.422836879728
ENV 04a2023-24Real_Annual,ENV 04a,2023-24,Real_Annual,17042.73875,23254500.0,1686.27896875,14046.035,15695000.0,1170.2,13790.422836879728
ENV 04b2009-11Cash_Annual,ENV 04b,2009-11,Cash_Annual,0.2973459209375,,,0.267968033,,,
ENV 04b2009-11Real_Annual,ENV 04b,2009-11,Real_Annual,0.29734592095327045,,,0.2679680327892925,,,
ENV 04b2010-12Cash_Annual,ENV 04b,2010-12,Cash_Annual,0.29602434509375,,,0.27337001699999997,,,
ENV 04b2010-12Real_Annual,ENV 04b,2010-12,Real_Annual,0.2960243450708977,,,0.2733700171001895,,,
ENV 04b2011-13Cash_Annual,ENV 04b,2011-13,Cash_Annual,0.279321875,,,0.2595,,,
ENV 04b2011-13Real_Annual,ENV 04b,2011-13,Real_Annual,0.279321875,,,0.2595,,,
ENV 04b2012-14Cash_Annual,ENV 04b,2012-14,Cash_Annual,0.268596875,,,0.25995,,,
ENV 04b2012-14Real_Annual,ENV 04b,2012-14,Real_Annual,0.268596875,,,0.25995,,,
ENV 04b2013-15Cash_Annual,ENV 04b,2013-15,Cash_Annual,0.27751793234375,,,0.2731098155,,,
ENV 04b2013-15Real_Annual,ENV 04b,2013-15,Real_Annual,0.27751793227034444,,,0.2731098154321975,,,
ENV 04b2014-16Cash_Annual,ENV 04b,2014-16,Cash_Annual,0.27213188853125,,,0.264275461,,,
ENV 04b2014-16Real_Annual,ENV 04b,2014-16,Real_Annual,0.27213188844477143,,,0.2642754608698995,,,
ENV 04b2015-17Cash_Annual,ENV 04b,2015-17,Cash_Annual,0.26833474434375,,,0.2498275375,,,
ENV 04b2015-17Real_Annual,ENV 04b,2015-17,Real_Annual,0.26833474431996185,,,0.249827537608235,,,
ENV 04b2016-18Cash_Annual,ENV 04b,2016-18,Cash_Annual,0.2741413149375,,,0.26689692,,,
ENV 04b2016-18Real_Annual,ENV 04b,2016-18,Real_Annual,0.27414131495149496,,,0.2668969201123565,,,
ENV 04b2017-19Cash_Annual,ENV 04b,2017-19,Cash_Annual,0.27526179778125,,,0.2720644755,,,
ENV 04b2017-19Real_Annual,ENV 04b,2017-19,Real_Annual,0.27526179772949283,,,0.27206447507654696,,,
ENV 04b2018-20Cash_Annual,ENV 04b,2018-20,Cash_Annual,0.27752352171875,,,0.284230567,,,
ENV 04b2018-20Real_Annual,ENV 04b,2018-20,Real_Annual,0.277523521762695,,,0.28423056690072745,,,
ENV 04b2019-21Cash_Annual,ENV 04b,2019-21,Cash_Annual,0.272625,,,0.2655,,,
ENV 04b2019-21Real_Annual,ENV 04b,2019-21,Real_Annual,0.272625,,,0.2655,,,
ENV 04b2020-22Cash_Annual,ENV 04b,2020-22,Cash_Annual,0.25528490103125,,,0.256772635,,,
ENV 04b2020-22Real_Annual,ENV 04b,2020-22,Real_Annual,0.2552849010847009,,,0.25677263517558147,,,
ENV 04b2021-23Cash_Annual,ENV 04b,2021-23,Cash_Annual,0.25246156084375,,,0.2639329625,,,
ENV 04b2021-23Real_Annual,ENV 04b,2021-23,Real_Annual,0.2524615608665971,,,0.2639329624258255,,,
ENV 04b2022-24Cash_Annual,ENV 04b,2022-24,Cash_Annual,0.2664850875,,,0.2818222855,,,
ENV 04b2022-24Real_Annual,ENV 04b,2022-24,Real_Annual,0.2664850874850094,,,0.281822285488719,,,
ENV 04c2009-11Cash_Annual,ENV 04c,2009-11,Cash_Annual,0.3429331116875,,,0.3168998925,,,
ENV 04c2009-11Real_Annual,ENV 04c,2009-11,Real_Annual,0.34293311168798574,,,0.31689989247668604,,,
ENV 04c2010-12Cash_Annual,ENV 04c,2010-12,Cash_Annual,0.33992842356249997,,,0.320839608,,,
ENV 04c2010-12Real_Annual,ENV 04c,2010-12,Real_Annual,0.339928423586106,,,0.32083960780681,,,
ENV 04c2011-13Cash_Annual,ENV 04c,2011-13,Cash_Annual,0.3246875,,,0.3125,,,
ENV 04c2011-13Real_Annual,ENV 04c,2011-13,Real_Annual,0.3246875,,,0.3125,,,
ENV 04c2012-14Cash_Annual,ENV 04c,2012-14,Cash_Annual,0.3243125,,,0.31515000000000004,,,
ENV 04c2012-14Real_Annual,ENV 04c,2012-14,Real_Annual,0.3243125,,,0.31515000000000004,,,
ENV 04c2013-15Cash_Annual,ENV 04c,2013-15,Cash_Annual,0.32740145309375,,,0.33814069999999996,,,
ENV 04c2013-15Real_Annual,ENV 04c,2013-15,Real_Annual,0.32740145300499923,,,0.3381406997920785,,,
ENV 04c2014-16Cash_Annual,ENV 04c,2014-16,Cash_Annual,0.3170167455625,,,0.318223045,,,
ENV 04c2014-16Real_Annual,ENV 04c,2014-16,Real_Annual,0.3170167455790089,,,0.318223044992586,,,
ENV 04c2015-17Cash_Annual,ENV 04c,2015-17,Cash_Annual,0.314707574625,,,0.3165262185,,,
ENV 04c2015-17Real_Annual,ENV 04c,2015-17,Real_Annual,0.3147075746178606,,,0.3165262189051535,,,
ENV 04c2016-18Cash_Annual,ENV 04c,2016-18,Cash_Annual,0.32256007234375,,,0.326883074,,,
ENV 04c2016-18Real_Annual,ENV 04c,2016-18,Real_Annual,0.32256007230326567,,,0.326883074068683,,,
ENV 04c2017-19Cash_Annual,ENV 04c,2017-19,Cash_Annual,0.31639446134375,,,0.310901156,,,
ENV 04c2017-19Real_Annual,ENV 04c,2017-19,Real_Annual,0.3163944612177208,,,0.31090115598909,,,
ENV 04c2018-20Cash_Annual,ENV 04c,2018-20,Cash_Annual,0.310147759375,,,0.3068607645,,,
ENV 04c2018-20Real_Annual,ENV 04c,2018-20,Real_Annual,0.31014775931632554,,,0.3068607644568075,,,
ENV 04c2019-21Cash_Annual,ENV 04c,2019-21,Cash_Annual,0.30703125,,,0.3115,,,
ENV 04c2019-21Real_Annual,ENV 04c,2019-21,Real_Annual,0.30703125,,,0.3115,,,
ENV 04c2020-22Cash_Annual,ENV 04c,2020-22,Cash_Annual,0.28822034321875,,,0.2845631585,,,
ENV 04c2020-22Real_Annual,ENV 04c,2020-22,Real_Annual,0.28822034323699985,,,0.2845631586133545,,,
ENV 04c2021-23Cash_Annual,ENV 04c,2021-23,Cash_Annual,0.28478384562500003,,,0.274457971,,,
ENV 04c2021-23Real_Annual,ENV 04c,2021-23,Real_Annual,0.2847838455959061,,,0.27445797083190204,,,
ENV 04c2022-24Cash_Annual,ENV 04c,2022-24,Cash_Annual,0.29748744165625,,,0.2832086095,,,
ENV 04c2022-24Real_Annual,ENV 04c,2022-24,Real_Annual,0.2974874415694335,,,0.2832086093077495,,,
ENV 04d2009-11Cash_Annual,ENV 04d,2009-11,Cash_Annual,0.364762703375,,,0.33891755300000004,,,
ENV 04d2009-11Real_Annual,ENV 04d,2009-11,Real_Annual,0.36476270343726935,,,0.338917553015838,,,
ENV 04d2010-12Cash_Annual,ENV 04d,2010-12,Cash_Annual,0.36449359825,,,0.353295606,,,
ENV 04d2010-12Real_Annual,ENV 04d,2010-12,Real_Annual,0.36449359817572385,,,0.35329560575049046,,,
ENV 04d2011-13Cash_Annual,ENV 04d,2011-13,Cash_Annual,0.348109375,,,0.3455,,,
ENV 04d2011-13Real_Annual,ENV 04d,2011-13,Real_Annual,0.348109375,,,0.3455,,,
ENV 04d2012-14Cash_Annual,ENV 04d,2012-14,Cash_Annual,0.3576625,,,0.37439999999999996,,,
ENV 04d2012-14Real_Annual,ENV 04d,2012-14,Real_Annual,0.3576625,,,0.37439999999999996,,,
ENV 04d2013-15Cash_Annual,ENV 04d,2013-15,Cash_Annual,0.36719829125,,,0.3830592485,,,
ENV 04d2013-15Real_Annual,ENV 04d,2013-15,Real_Annual,0.3671982912049587,,,0.3830592486663015,,,
ENV 04d2014-16Cash_Annual,ENV 04d,2014-16,Cash_Annual,0.34090744571875,,,0.33002339199999997,,,
ENV 04d2014-16Real_Annual,ENV 04d,2014-16,Real_Annual,0.3409074456052183,,,0.3300233920011425,,,
ENV 04d2015-17Cash_Annual,ENV 04d,2015-17,Cash_Annual,0.335546899,,,0.321303814,,,
ENV 04d2015-17Real_Annual,ENV 04d,2015-17,Real_Annual,0.33554689905688917,,,0.3213038139628195,,,
ENV 04d2016-18Cash_Annual,ENV 04d,2016-18,Cash_Annual,0.34861126978125,,,0.3400172845,,,
ENV 04d2016-18Real_Annual,ENV 04d,2016-18,Real_Annual,0.3486112697118151,,,0.340017284175239,,,
ENV 04d2017-19Cash_Annual,ENV 04d,2017-19,Cash_Annual,0.35093504409375,,,0.3438190045,,,
ENV 04d2017-19Real_Annual,ENV 04d,2017-19,Real_Annual,0.3509350441119687,,,0.3438190042225375,,,
ENV 04d2018-20Cash_Annual,ENV 04d,2018-20,Cash_Annual,0.3372051904375,,,0.335945897,,,
ENV 04d2018-20Real_Annual,ENV 04d,2018-20,Real_Annual,0.3372051905265686,,,0.335945897153276,,,
ENV 04d2019-21Cash_Annual,ENV 04d,2019-21,Cash_Annual,0.3238125,,,0.3215,,,
ENV 04d2019-21Real_Annual,ENV 04d,2019-21,Real_Annual,0.3238125,,,0.3215,,,
ENV 04d2020-22Cash_Annual,ENV 04d,2020-22,Cash_Annual,0.3102765184375,,,0.3023295265,,,
ENV 04d2020-22Real_Annual,ENV 04d,2020-22,Real_Annual,0.31027651846146215,,,0.302329526837425,,,
ENV 04d2021-23Cash_Annual,ENV 04d,2021-23,Cash_Annual,0.30804797665625,,,0.2887036025,,,
ENV 04d2021-23Real_Annual,ENV 04d,2021-23,Real_Annual,0.30804797654596827,,,0.2887036024106925,,,
ENV 04d2022-24Cash_Annual,ENV 04d,2022-24,Cash_Annual,0.3150160475,,,0.295341642,,,
ENV 04d2022-24Real_Annual,ENV 04d,2022-24,Real_Annual,0.315016047475811,,,0.295341641753948,,,
ENV 04e2007-11Cash_Annual,ENV 04e,2007-11,Cash_Annual,0.40003824565625,,,0.38738122350000004,,,
ENV 04e2007-11Real_Annual,ENV 04e,2007-11,Real_Annual,0.4000382456619979,,,0.38738122323378654,,,
ENV 04e2008-12Cash_Annual,ENV 04e,2008-12,Cash_Annual,0.39446848225,,,0.38555341249999997,,,
ENV 04e2008-12Real_Annual,ENV 04e,2008-12,Real_Annual,0.39446848226071357,,,0.3855534122970435,,,
ENV 04e2009-13Cash_Annual,ENV 04e,2009-13,Cash_Annual,0.397975,,,0.3645,,,
ENV 04e2009-13Real_Annual,ENV 04e,2009-13,Real_Annual,0.397975,,,0.3645,,,
ENV 04e2010-14Cash_Annual,ENV 04e,2010-14,Cash_Annual,0.396321875,,,0.373,,,
ENV 04e2010-14Real_Annual,ENV 04e,2010-14,Real_Annual,0.396321875,,,0.373,,,
ENV 04e2011-15Cash_Annual,ENV 04e,2011-15,Cash_Annual,0.39152714540625,,,0.3650795725,,,
ENV 04e2011-15Real_Annual,ENV 04e,2011-15,Real_Annual,0.39152714546331896,,,0.3650795725705115,,,
ENV 04e2012-16Cash_Annual,ENV 04e,2012-16,Cash_Annual,0.3942361145,,,0.36990369300000003,,,
ENV 04e2012-16Real_Annual,ENV 04e,2012-16,Real_Annual,0.3942361145397547,,,0.3699036929642455,,,
ENV 04e2013-17Cash_Annual,ENV 04e,2013-17,Cash_Annual,0.390383793875,,,0.3640132595,,,
ENV 04e2013-17Real_Annual,ENV 04e,2013-17,Real_Annual,0.3903837938117437,,,0.3640132593807295,,,
ENV 04e2014-18Cash_Annual,ENV 04e,2014-18,Cash_Annual,0.38205939715625,,,0.36249564349999996,,,
ENV 04e2014-18Real_Annual,ENV 04e,2014-18,Real_Annual,0.38205939709980347,,,0.362495643193438,,,
ENV 04e2015-19Cash_Annual,ENV 04e,2015-19,Cash_Annual,0.38092858890625,,,0.3689938175,,,
ENV 04e2015-19Real_Annual,ENV 04e,2015-19,Real_Annual,0.3809285889470855,,,0.36899381731806946,,,
ENV 04e2016-20Cash_Annual,ENV 04e,2016-20,Cash_Annual,0.37685568484375,,,0.3555528105,,,
ENV 04e2016-20Real_Annual,ENV 04e,2016-20,Real_Annual,0.376855684889252,,,0.3555528104814415,,,
ENV 04e2017-21Cash_Annual,ENV 04e,2017-21,Cash_Annual,0.37953125,,,0.3575,,,
ENV 04e2017-21Real_Annual,ENV 04e,2017-21,Real_Annual,0.37953125,,,0.3575,,,
ENV 04e2018-22Cash_Annual,ENV 04e,2018-22,Cash_Annual,0.36790781984375,,,0.3468024805,,,
ENV 04e2018-22Real_Annual,ENV 04e,2018-22,Real_Annual,0.3679078198804317,,,0.3468024804397145,,,
ENV 04e2019-23Cash_Annual,ENV 04e,2019-23,Cash_Annual,0.3649408465,,,0.353893122,,,
ENV 04e2019-23Real_Annual,ENV 04e,2019-23,Real_Annual,0.36494084650011827,,,0.3538931220017445,,,
ENV 04e2020-24Cash_Annual,ENV 04e,2020-24,Cash_Annual,0.361469174375,,,0.34204333200000003,,,
ENV 04e2020-24Real_Annual,ENV 04e,2020-24,Real_Annual,0.3614691744192098,,,0.34204333228883554,,,
ENV 052010-11Cash_Annual,ENV 05,2010-11,Cash_Annual,25603.92875,3971310.09375,164.44375,24290.705,3030000.0,118.91,24149.960662840636
ENV 052010-11Real_Annual,ENV 05,2010-11,Real_Annual,35779.29834375,5549565.85625,164.44375,33944.1806,4234165.6,118.91,33747.50245144616
ENV 052011-12Cash_Annual,ENV 05,2011-12,Cash_Annual,23856.144375,3597937.5,165.62187500000002,21084.300000000003,2820500.0,119.445,21723.806109549234
ENV 052011-12Real_Annual,ENV 05,2011-12,Real_Annual,32757.754871875,4940461.15625,165.62187500000002,28951.63275,3872932.95,119.445,29829.762259665273
ENV 052012-13Cash_Annual,ENV 05,2012-13,Cash_Annual,23918.3903125,3546468.75,165.890625,19743.765,2655000.0,119.36500000000001,21378.355467646226
ENV 052012-13Real_Annual,ENV 05,2012-13,Real_Annual,32247.9467625,4781523.084375,165.890625,26619.5122,3579601.1999999997,119.36500000000001,28823.34721672789
ENV 052013-14Cash_Annual,ENV 05,2013-14,Cash_Annual,22705.319375,3810000.0,166.165625,20813.6,2632500.0,119.21000000000001,22928.930096101405
ENV 052013-14Real_Annual,ENV 05,2013-14,Real_Annual,30038.12376875,5040459.88125,166.165625,27535.463499999998,3482679.95,119.21000000000001,30333.95072687266
ENV 052014-15Cash_Annual,ENV 05,2014-15,Cash_Annual,22038.0771875,3721937.5,166.63125,20372.934999999998,2456000.0,119.205,22336.371478939276
ENV 052014-15Real_Annual,ENV 05,2014-15,Real_Annual,28803.4397875,4864517.071875,166.63125,26627.12365,3209955.55,119.205,29193.306008776868
ENV 052015-16Cash_Annual,ENV 05,2015-16,Cash_Annual,21976.5453125,3751281.25,167.240625,20026.9,2471000.0,119.245,22430.442663079022
ENV 052015-16Real_Annual,ENV 05,2015-16,Real_Annual,28518.29636875,4867923.909375,167.240625,25988.300750000002,3206541.75,119.245,29107.30517405684
ENV 052016-17Cash_Annual,ENV 05,2016-17,Cash_Annual,21718.3696875,3610562.5,167.965625,20210.22,2425000.0,119.0,21495.841783102944
ENV 052016-17Real_Annual,ENV 05,2016-17,Real_Annual,27560.8103,4581836.921875,167.965625,25646.9545,3077347.25,119.0,27278.420342704052
ENV 052017-18Cash_Annual,ENV 05,2017-18,Cash_Annual,22065.59625,3625812.5,168.434375,20049.62,2137000.0,118.6,21526.55893430305
ENV 052017-18Real_Annual,ENV 05,2017-18,Real_Annual,27567.750587500002,4529924.9375,168.434375,25049.081700000002,2669870.4,118.6,26894.301935100837
ENV 052018-19Cash_Annual,ENV 05,2018-19,Cash_Annual,21535.515,3527875.0,168.571875,20032.27,2248500.0,118.475,20928.0166101255
ENV 052018-19Real_Annual,ENV 05,2018-19,Real_Annual,26218.077171875,4294956.440625,168.571875,24387.975,2737401.3,118.475,25478.48768144152
ENV 052019-20Cash_Annual,ENV 05,2019-20,Cash_Annual,20786.2821875,3368894.771875,169.20000000000002,18677.695,2069500.0,118.655,19910.725602098108
ENV 052019-20Real_Annual,ENV 05,2019-20,Real_Annual,24719.62394375,4006383.196875,169.20000000000002,22212.0335,2461106.8499999996,118.655,23678.387688386523
ENV 052020-21Cash_Annual,ENV 05,2020-21,Cash_Annual,20835.468125,3245125.0,169.159375,18892.449999999997,2135000.0,118.36,19183.831815410762
ENV 052020-21Real_Annual,ENV 05,2020-21,Real_Annual,24214.39594375,3771393.140625,169.159375,21956.27485,2481237.05,118.36,22294.910587279006
ENV 052021-22Cash_Annual,ENV 05,2021-22,Cash_Annual,26006.974687500002,3796562.5,169.32500000000002,20759.85,2726000.0,118.795,22421.748117525465
ENV 052021-22Real_Annual,ENV 05,2021-22,Real_Annual,28725.92425625,4193481.48125,169.32500000000002,22930.228750000002,3010994.95,118.795,24765.87320980363
ENV 052022-23Cash_Annual,ENV 05,2022-23,Cash_Annual,24571.494375,3884218.75,170.21875,21750.685,2472000.0,118.61000000000001,22818.982926381494
ENV 052022-23Real_Annual,ENV 05,2022-23,Real_Annual,25935.6348625,4099859.684375,170.21875,22958.22205,2609238.5,118.61000000000001,24085.828878281623
ENV 052023-24Cash_Annual,ENV 05,2023-24,Cash_Annual,24479.54375,3905156.25,171.565625,22179.275,2793500.0,118.69,22761.88047576547
ENV 052023-24Real_Annual,ENV 05,2023-24,Real_Annual,24479.54375,3905156.25,171.565625,22179.275,2793500.0,118.69,22761.88047576547
ENV 05a2012-13Cash_Annual,ENV 05a,2012-13,Cash_Annual,5530.8825,850125.0,165.890625,5322.3099999999995,577500.0,119.36500000000001,5124.611472167279
ENV 05a2012-13Real_Annual,ENV 05a,2012-13,Real_Annual,7457.00701875,1146180.215625,165.890625,7175.79935,778613.8500000001,119.36500000000001,6909.252500706414
ENV 05a2013-14Cash_Annual,ENV 05a,2013-14,Cash_Annual,6010.4515625,933187.5,166.165625,6141.09,749500.0,119.21000000000001,5616.00812442405
ENV 05a2013-14Real_Annual,ENV 05a,2013-14,Real_Annual,7951.559059375,1234565.403125,166.165625,8124.3879,991555.05,119.21000000000001,7429.72803866624
ENV 05a2014-15Cash_Annual,ENV 05a,2014-15,Cash_Annual,6134.773125,934718.75,166.63125,6155.87,723500.0,119.205,5609.504519710438
ENV 05a2014-15Real_Annual,ENV 05a,2014-15,Real_Annual,8018.057425,1221663.528125,166.63125,8045.63075,945603.75,119.205,7331.539120813173
ENV 05a2015-16Cash_Annual,ENV 05a,2015-16,Cash_Annual,6046.3721875,963062.5,167.240625,6075.950000000001,701500.0,119.245,5758.54401405161
ENV 05a2015-16Real_Annual,ENV 05a,2015-16,Real_Annual,7846.193821875,1249737.0,167.240625,7884.57605,910315.25,119.245,7472.687930937833
ENV 05a2016-17Cash_Annual,ENV 05a,2016-17,Cash_Annual,5930.3440625,927968.75,167.965625,5693.905000000001,647500.0,119.0,5524.7539489106775
ENV 05a2016-17Real_Annual,ENV 05a,2016-17,Real_Annual,7525.660996875,1177600.85625,167.965625,7225.61765,821683.3999999999,119.0,7010.963441180301
ENV 05a2017-18Cash_Annual,ENV 05a,2017-18,Cash_Annual,6407.4193749999995,998625.0,168.434375,5780.155000000001,677500.0,118.6,5928.866954860016
ENV 05a2017-18Real_Annual,ENV 05a,2017-18,Real_Annual,8005.137821875,1247636.56875,168.434375,7221.4622500000005,846437.6,118.6,7407.256201413757
ENV 05a2018-19Cash_Annual,ENV 05a,2018-19,Cash_Annual,6569.79375,1000968.75,168.571875,5457.0650000000005,733000.0,118.475,5937.934486402313
ENV 05a2018-19Real_Annual,ENV 05a,2018-19,Real_Annual,7998.2930375,1218613.80625,168.571875,6643.61875,892379.45,118.475,7229.0458076117375
ENV 05a2019-20Cash_Annual,ENV 05a,2019-20,Cash_Annual,6510.81625,1016323.3,169.20000000000002,5357.46,734000.0,118.655,6006.638888888889
ENV 05a2019-20Real_Annual,ENV 05a,2019-20,Real_Annual,7742.84348125,1208639.8875,169.20000000000002,6371.2402,872893.15,118.655,7143.2617464539
ENV 05a2020-21Cash_Annual,ENV 05a,2020-21,Cash_Annual,6698.0756249999995,1012531.25,169.159375,6457.375,751000.0,118.36,5985.664406717038
ENV 05a2020-21Real_Annual,ENV 05a,2020-21,Real_Annual,7784.315396874999,1176735.3875,169.159375,7504.5799,872791.1,118.36,6956.37109973952
ENV 05a2021-22Cash_Annual,ENV 05a,2021-22,Cash_Annual,7083.83,1015656.25,169.32500000000002,6096.32,816500.0,118.795,5998.265170530045
ENV 05a2021-22Real_Annual,ENV 05a,2021-22,Real_Annual,7824.422740625,1121840.0,169.32500000000002,6733.67155,901862.55,118.795,6625.36542152665
ENV 05a2022-23Cash_Annual,ENV 05a,2022-23,Cash_Annual,7789.4221875,1257218.75,170.21875,6688.135,852500.0,118.61000000000001,7385.900495685699
ENV 05a2022-23Real_Annual,ENV 05a,2022-23,Real_Annual,8221.869078125,1327016.01875,170.21875,7059.44155,899828.3999999999,118.61000000000001,7795.94503396365
ENV 05a2023-24Cash_Annual,ENV 05a,2023-24,Cash_Annual,7771.9125,1244843.75,171.565625,6671.425,874500.0,118.69,7255.787690570299
ENV 05a2023-24Real_Annual,ENV 05a,2023-24,Real_Annual,7771.9125,1244843.75,171.565625,6671.425,874500.0,118.69,7255.787690570299
ENV 05b2012-13Cash_Annual,ENV 05b,2012-13,Cash_Annual,18387.506875,2696343.75,165.890625,15412.24,1981500.0,119.36500000000001,16253.74399547895
ENV 05b2012-13Real_Annual,ENV 05b,2012-13,Real_Annual,24790.938475,3635342.871875,165.890625,20779.53775,2671555.45,119.36500000000001,21914.09473485919
ENV 05b2013-14Cash_Annual,ENV 05b,2013-14,Cash_Annual,16694.8665625,2876812.5,166.165625,15354.585,1901500.0,119.21000000000001,17312.921971677355
ENV 05b2013-14Real_Annual,ENV 05b,2013-14,Real_Annual,22086.56305625,3805894.4968749997,166.165625,20313.430399999997,2515599.5999999996,119.21000000000001,22904.222801045642
ENV 05b2014-15Cash_Annual,ENV 05b,2014-15,Cash_Annual,15903.305,2787218.75,166.63125,14788.98,1592000.0,119.205,16726.866959228835
ENV 05b2014-15Real_Annual,ENV 05b,2014-15,Real_Annual,20785.383596875,3642853.54375,166.63125,19328.97735,2080720.4000000001,119.205,21861.766887963695
ENV 05b2015-16Cash_Annual,ENV 05b,2015-16,Cash_Annual,15930.1728125,2788218.75,167.240625,15244.525000000001,1764000.0,119.245,16671.89864902741
ENV 05b2015-16Real_Annual,ENV 05b,2015-16,Real_Annual,20672.10214375,3618186.90625,167.240625,19782.357750000003,2289089.3,119.245,21634.617224433357
ENV 05b2016-17Cash_Annual,ENV 05b,2016-17,Cash_Annual,15788.0271875,2682593.75,167.965625,15110.23,1743500.0,119.0,15971.087834192265
ENV 05b2016-17Real_Annual,ENV 05b,2016-17,Real_Annual,20035.151265625,3404236.059375,167.965625,19175.0204,2212517.4499999997,119.0,20267.456864313757
ENV 05b2017-18Cash_Annual,ENV 05b,2017-18,Cash_Annual,15658.176875,2627187.5,168.434375,13440.564999999999,1517500.0,118.6,15597.691979443034
ENV 05b2017-18Real_Annual,ENV 05b,2017-18,Real_Annual,19562.612746875,3282288.359375,168.434375,16792.0295,1895895.35,118.6,19487.04567802742
ENV 05b2018-19Cash_Annual,ENV 05b,2018-19,Cash_Annual,14965.721875,2526906.25,168.571875,13652.560000000001,1460500.0,118.475,14990.082123723188
ENV 05b2018-19Real_Annual,ENV 05b,2018-19,Real_Annual,18219.78490625,3076342.64375,168.571875,16621.096449999997,1778062.9500000002,118.475,18249.44192944404
ENV 05b2019-20Cash_Annual,ENV 05b,2019-20,Cash_Annual,14275.46625,2352571.471875,169.20000000000002,12154.72,1380500.0,118.655,13904.086713209217
ENV 05b2019-20Real_Annual,ENV 05b,2019-20,Real_Annual,16976.7808375,2797743.315625,169.20000000000002,14454.730500000001,1641728.95,118.655,16535.125978871154
ENV 05b2020-21Cash_Annual,ENV 05b,2020-21,Cash_Annual,14137.393125,2232593.75,169.159375,12093.805,1338500.0,118.36,13198.167408693724
ENV 05b2020-21Real_Annual,ENV 05b,2020-21,Real_Annual,16430.081271875,2594657.759375,169.159375,14055.08055,1555567.1,118.36,15338.53952448689
ENV 05b2021-22Cash_Annual,ENV 05b,2021-22,Cash_Annual,18923.14375,2780906.25,169.32500000000002,14265.595,1756500.0,118.795,16423.48294699542
ENV 05b2021-22Real_Annual,ENV 05b,2021-22,Real_Annual,20901.50048125,3071641.484375,169.32500000000002,15757.01925,1940136.7000000002,118.795,18140.507806732614
ENV 05b2022-23Cash_Annual,ENV 05b,2022-23,Cash_Annual,16782.073125,2627000.0,170.21875,14288.369999999999,1702000.0,118.61000000000001,15433.082430695797
ENV 05b2022-23Real_Annual,ENV 05b,2022-23,Real_Annual,17713.766784375,2772843.671875,170.21875,15081.62025,1796490.25,118.61000000000001,16289.883881035432
ENV 05b2023-24Cash_Annual,ENV 05b,2023-24,Cash_Annual,16706.7728125,2660218.75,171.565625,14490.49,1775000.0,118.69,15505.546347061072
ENV 05b2023-24Real_Annual,ENV 05b,2023-24,Real_Annual,16706.7728125,2660218.75,171.565625,14490.49,1775000.0,118.69,15505.546347061072
ENV 062010-11Cash_Annual,ENV 06,2010-11,Cash_Annual,0.38709375,,,0.4095,,,
ENV 062010-11Real_Annual,ENV 06,2010-11,Real_Annual,0.38709375,,,0.4095,,,
ENV 062011-12Cash_Annual,ENV 06,2011-12,Cash_Annual,0.406625,,,0.4295,,,
ENV 062011-12Real_Annual,ENV 06,2011-12,Real_Annual,0.406625,,,0.4295,,,
ENV 062012-13Cash_Annual,ENV 06,2012-13,Cash_Annual,0.41421875,,,0.4285,,,
ENV 062012-13Real_Annual,ENV 06,2012-13,Real_Annual,0.41421875,,,0.4285,,,
ENV 062013-14Cash_Annual,ENV 06,2013-14,Cash_Annual,0.42734375,,,0.436,,,
ENV 062013-14Real_Annual,ENV 06,2013-14,Real_Annual,0.42734375,,,0.436,,,
ENV 062014-15Cash_Annual,ENV 06,2014-15,Cash_Annual,0.42553125,,,0.4545,,,
ENV 062014-15Real_Annual,ENV 06,2014-15,Real_Annual,0.42553125,,,0.4545,,,
ENV 062015-16Cash_Annual,ENV 06,2015-16,Cash_Annual,0.4385625,,,0.4765,,,
ENV 062015-16Real_Annual,ENV 06,2015-16,Real_Annual,0.4385625,,,0.4765,,,
ENV 062016-17Cash_Annual,ENV 06,2016-17,Cash_Annual,0.44640625,,,0.485,,,
ENV 062016-17Real_Annual,ENV 06,2016-17,Real_Annual,0.44640625,,,0.485,,,
ENV 062017-18Cash_Annual,ENV 06,2017-18,Cash_Annual,0.45828125000000003,,,0.4785,,,
ENV 062017-18Real_Annual,ENV 06,2017-18,Real_Annual,0.45828125000000003,,,0.4785,,,
ENV 062018-19Cash_Annual,ENV 06,2018-19,Cash_Annual,0.456375,,,0.5,,,
ENV 062018-19Real_Annual,ENV 06,2018-19,Real_Annual,0.456375,,,0.5,,,
ENV 062019-20Cash_Annual,ENV 06,2019-20,Cash_Annual,0.46318750000000003,,,0.5035000000000001,,,
ENV 062019-20Real_Annual,ENV 06,2019-20,Real_Annual,0.46318750000000003,,,0.5035000000000001,,,
ENV 062020-21Cash_Annual,ENV 06,2020-21,Cash_Annual,0.42843749999999997,,,0.4435,,,
ENV 062020-21Real_Annual,ENV 06,2020-21,Real_Annual,0.42843749999999997,,,0.4435,,,
ENV 062021-22Cash_Annual,ENV 06,2021-22,Cash_Annual,0.4414375,,,0.4605,,,
ENV 062021-22Real_Annual,ENV 06,2021-22,Real_Annual,0.4414375,,,0.4605,,,
ENV 062022-23Cash_Annual,ENV 06,2022-23,Cash_Annual,0.44665625,,,0.4635,,,
ENV 062022-23Real_Annual,ENV 06,2022-23,Real_Annual,0.44665625,,,0.4635,,,
ENV 062023-24Cash_Annual,ENV 06,2023-24,Cash_Annual,0.44675,,,0.4635,,,
ENV 062023-24Real_Annual,ENV 06,2023-24,Real_Annual,0.44675,,,0.4635,,,
ENV 07a2010-14Cash_Annual,ENV 07a,2010-14,Cash_Annual,0.84337500003125,,,0.8638333335,,,
ENV 07a2010-14Real_Annual,ENV 07a,2010-14,Real_Annual,0.843375,,,0.8638333333333335,,,
ENV 07a2012-15Cash_Annual,ENV 07a,2012-15,Cash_Annual,0.84906250003125,,,0.868333333,,,
ENV 07a2012-15Real_Annual,ENV 07a,2012-15,Real_Annual,0.8490625,,,0.868333333333333,,,
ENV 07a2013-16Cash_Annual,ENV 07a,2013-16,Cash_Annual,0.8464583333125,,,0.855,,,
ENV 07a2013-16Real_Annual,ENV 07a,2013-16,Real_Annual,0.8464583333333333,,,0.855,,,
ENV 07a2014-17Cash_Annual,ENV 07a,2014-17,Cash_Annual,0.8344791666875,,,0.8500000000000001,,,
ENV 07a2014-17Real_Annual,ENV 07a,2014-17,Real_Annual,0.8344791666666667,,,0.8500000000000001,,,
ENV 07a2015-18Cash_Annual,ENV 07a,2015-18,Cash_Annual,0.81166666665625,,,0.8233333334999999,,,
ENV 07a2015-18Real_Annual,ENV 07a,2015-18,Real_Annual,0.8116666666666666,,,0.8233333333333335,,,
ENV 07a2016-19Cash_Annual,ENV 07a,2016-19,Cash_Annual,0.78562499990625,,,0.8041666665,,,
ENV 07a2016-19Real_Annual,ENV 07a,2016-19,Real_Annual,0.7856249999999999,,,0.8041666666666665,,,
ENV 07a2017-20Cash_Annual,ENV 07a,2017-20,Cash_Annual,0.7661458333125,,,0.796,,,
ENV 07a2017-20Real_Annual,ENV 07a,2017-20,Real_Annual,0.7661458333333333,,,0.796,,,
ENV 07a2018-21Cash_Annual,ENV 07a,2018-21,Cash_Annual,0.7774999999375,,,0.8023333335,,,
ENV 07a2018-21Real_Annual,ENV 07a,2018-21,Real_Annual,0.7775,,,0.8023333333333336,,,
ENV 07a2019-22Cash_Annual,ENV 07a,2019-22,Cash_Annual,0.7886458333125,,,0.81,,,
ENV 07a2019-22Real_Annual,ENV 07a,2019-22,Real_Annual,0.7886458333333333,,,0.81,,,
ENV 07a2020-23Cash_Annual,ENV 07a,2020-23,Cash_Annual,0.8065625,,,0.835,,,
ENV 07a2020-23Real_Annual,ENV 07a,2020-23,Real_Annual,0.8065625,,,0.835,,,
ENV 07a2021-24Cash_Annual,ENV 07a,2021-24,Cash_Annual,0.80250000003125,,,0.82,,,
ENV 07a2021-24Real_Annual,ENV 07a,2021-24,Real_Annual,0.8025,,,0.82,,,
ENV 07b2010-14Cash_Annual,ENV 07b,2010-14,Cash_Annual,0.75560416665625,,,0.762166667,,,
ENV 07b2010-14Real_Annual,ENV 07b,2010-14,Real_Annual,0.7556041666666666,,,0.7621666666666671,,,
ENV 07b2012-15Cash_Annual,ENV 07b,2012-15,Cash_Annual,0.75572916665625,,,0.7649999999999999,,,
ENV 07b2012-15Real_Annual,ENV 07b,2012-15,Real_Annual,0.7557291666666667,,,0.765,,,
ENV 07b2013-16Cash_Annual,ENV 07b,2013-16,Cash_Annual,0.74875,,,0.7666666664999999,,,
ENV 07b2013-16Real_Annual,ENV 07b,2013-16,Real_Annual,0.74875,,,0.7666666666666665,,,
ENV 07b2014-17Cash_Annual,ENV 07b,2014-17,Cash_Annual,0.733333333375,,,0.745,,,
ENV 07b2014-17Real_Annual,ENV 07b,2014-17,Real_Annual,0.7333333333333334,,,0.745,,,
ENV 07b2015-18Cash_Annual,ENV 07b,2015-18,Cash_Annual,0.70854166665625,,,0.713333333,,,
ENV 07b2015-18Real_Annual,ENV 07b,2015-18,Real_Annual,0.7085416666666666,,,0.713333333333333,,,
ENV 07b2016-19Cash_Annual,ENV 07b,2016-19,Cash_Annual,0.676697916625,,,0.6748333335000001,,,
ENV 07b2016-19Real_Annual,ENV 07b,2016-19,Real_Annual,0.6766979166666667,,,0.6748333333333335,,,
ENV 07b2017-20Cash_Annual,ENV 07b,2017-20,Cash_Annual,0.6431562500625,,,0.6458333329999999,,,
ENV 07b2017-20Real_Annual,ENV 07b,2017-20,Real_Annual,0.6431562500000001,,,0.645833333333333,,,
ENV 07b2018-21Cash_Annual,ENV 07b,2018-21,Cash_Annual,0.62607291671875,,,0.6378333334999999,,,
ENV 07b2018-21Real_Annual,ENV 07b,2018-21,Real_Annual,0.6260729166666668,,,0.6378333333333335,,,
ENV 07b2019-22Cash_Annual,ENV 07b,2019-22,Cash_Annual,0.619375,,,0.621666667,,,
ENV 07b2019-22Real_Annual,ENV 07b,2019-22,Real_Annual,0.619375,,,0.621666666666667,,,
ENV 07b2020-23Cash_Annual,ENV 07b,2020-23,Cash_Annual,0.61447916671875,,,0.615,,,
ENV 07b2020-23Real_Annual,ENV 07b,2020-23,Real_Annual,0.6144791666666667,,,0.615,,,
ENV 07b2021-24Cash_Annual,ENV 07b,2021-24,Cash_Annual,0.605416666625,,,0.62,,,
ENV 07b2021-24Real_Annual,ENV 07b,2021-24,Real_Annual,0.6054166666666666,,,0.62,,,
FINSUS 012013-14Cash_Annual,FINSUS 01,2013-14,Cash_Annual,0.30049375,,,0.16160000000000002,,,
FINSUS 012013-14Real_Annual,FINSUS 01,2013-14,Real_Annual,0.30049375,,,0.16160000000000002,,,
FINSUS 012014-15Cash_Annual,FINSUS 01,2014-15,Cash_Annual,0.31991875000000003,,,0.15705,,,
FINSUS 012014-15Real_Annual,FINSUS 01,2014-15,Real_Annual,0.31991875000000003,,,0.15705,,,
FINSUS 012015-16Cash_Annual,FINSUS 01,2015-16,Cash_Annual,0.3322,,,0.15810000000000002,,,
FINSUS 012015-16Real_Annual,FINSUS 01,2015-16,Real_Annual,0.3322,,,0.15810000000000002,,,
FINSUS 012016-17Cash_Annual,FINSUS 01,2016-17,Cash_Annual,0.3421625,,,0.14875,,,
FINSUS 012016-17Real_Annual,FINSUS 01,2016-17,Real_Annual,0.3421625,,,0.14875,,,
FINSUS 012017-18Cash_Annual,FINSUS 01,2017-18,Cash_Annual,0.33652499999999996,,,0.15985,,,
FINSUS 012017-18Real_Annual,FINSUS 01,2017-18,Real_Annual,0.33652499999999996,,,0.15985,,,
FINSUS 012018-19Cash_Annual,FINSUS 01,2018-19,Cash_Annual,0.37696875,,,0.15295,,,
FINSUS 012018-19Real_Annual,FINSUS 01,2018-19,Real_Annual,0.37696875,,,0.15295,,,
FINSUS 012019-20Cash_Annual,FINSUS 01,2019-20,Cash_Annual,0.34064062500000003,,,0.14995,,,
FINSUS 012019-20Real_Annual,FINSUS 01,2019-20,Real_Annual,0.34064062500000003,,,0.14995,,,
FINSUS 012020-21Cash_Annual,FINSUS 01,2020-21,Cash_Annual,0.441328125,,,0.22644999999999998,,,
FINSUS 012020-21Real_Annual,FINSUS 01,2020-21,Real_Annual,0.441328125,,,0.22644999999999998,,,
FINSUS 012021-22Cash_Annual,FINSUS 01,2021-22,Cash_Annual,0.4408,,,0.2333,,,
FINSUS 012021-22Real_Annual,FINSUS 01,2021-22,Real_Annual,0.4408,,,0.2333,,,
FINSUS 012022-23Cash_Annual,FINSUS 01,2022-23,Cash_Annual,0.417571875,,,0.24805,,,
FINSUS 012022-23Real_Annual,FINSUS 01,2022-23,Real_Annual,0.417571875,,,0.24805,,,
FINSUS 012023-24Cash_Annual,FINSUS 01,2023-24,Cash_Annual,0.4135875,,,0.2217,,,
FINSUS 012023-24Real_Annual,FINSUS 01,2023-24,Real_Annual,0.4135875,,,0.2217,,,
FINSUS 022013-14Cash_Annual,FINSUS 02,2013-14,Cash_Annual,0.036940625,,,0.0285,,,
FINSUS 022013-14Real_Annual,FINSUS 02,2013-14,Real_Annual,0.036940625,,,0.0285,,,
FINSUS 022014-15Cash_Annual,FINSUS 02,2014-15,Cash_Annual,0.039515625,,,0.035,,,
FINSUS 022014-15Real_Annual,FINSUS 02,2014-15,Real_Annual,0.039515625,,,0.035,,,
FINSUS 022015-16Cash_Annual,FINSUS 02,2015-16,Cash_Annual,0.040549999999999996,,,0.03485,,,
FINSUS 022015-16Real_Annual,FINSUS 02,2015-16,Real_Annual,0.040549999999999996,,,0.03485,,,
FINSUS 022016-17Cash_Annual,FINSUS 02,2016-17,Cash_Annual,0.03943125,,,0.03175,,,
FINSUS 022016-17Real_Annual,FINSUS 02,2016-17,Real_Annual,0.03943125,,,0.03175,,,
FINSUS 022017-18Cash_Annual,FINSUS 02,2017-18,Cash_Annual,0.03665625,,,0.0255,,,
FINSUS 022017-18Real_Annual,FINSUS 02,2017-18,Real_Annual,0.03665625,,,0.0255,,,
FINSUS 022018-19Cash_Annual,FINSUS 02,2018-19,Cash_Annual,0.035103125,,,0.0251,,,
FINSUS 022018-19Real_Annual,FINSUS 02,2018-19,Real_Annual,0.035103125,,,0.0251,,,
FINSUS 022019-20Cash_Annual,FINSUS 02,2019-20,Cash_Annual,0.03629375,,,0.02435,,,
FINSUS 022019-20Real_Annual,FINSUS 02,2019-20,Real_Annual,0.03629375,,,0.02435,,,
FINSUS 022020-21Cash_Annual,FINSUS 02,2020-21,Cash_Annual,0.0352,,,0.027,,,
FINSUS 022020-21Real_Annual,FINSUS 02,2020-21,Real_Annual,0.0352,,,0.027,,,
FINSUS 022021-22Cash_Annual,FINSUS 02,2021-22,Cash_Annual,0.03501875,,,0.02555,,,
FINSUS 022021-22Real_Annual,FINSUS 02,2021-22,Real_Annual,0.03501875,,,0.02555,,,
FINSUS 022022-23Cash_Annual,FINSUS 02,2022-23,Cash_Annual,0.032334375,,,0.0229,,,
FINSUS 022022-23Real_Annual,FINSUS 02,2022-23,Real_Annual,0.032334375,,,0.0229,,,
FINSUS 022023-24Cash_Annual,FINSUS 02,2023-24,Cash_Annual,0.040615625,,,0.020900000000000002,,,
FINSUS 022023-24Real_Annual,FINSUS 02,2023-24,Real_Annual,0.040615625,,,0.020900000000000002,,,
FINSUS 032013-14Cash_Annual,FINSUS 03,2013-14,Cash_Annual,0.08416129032258064,,,0.0836,,,
FINSUS 032013-14Real_Annual,FINSUS 03,2013-14,Real_Annual,0.08416129032258064,,,0.0836,,,
FINSUS 032014-15Cash_Annual,FINSUS 03,2014-15,Cash_Annual,0.08359354838709677,,,0.0821,,,
FINSUS 032014-15Real_Annual,FINSUS 03,2014-15,Real_Annual,0.08359354838709677,,,0.0821,,,
FINSUS 032015-16Cash_Annual,FINSUS 03,2015-16,Cash_Annual,0.078209375,,,0.08130000000000001,,,
FINSUS 032015-16Real_Annual,FINSUS 03,2015-16,Real_Annual,0.078209375,,,0.08130000000000001,,,
FINSUS 032016-17Cash_Annual,FINSUS 03,2016-17,Cash_Annual,0.079521875,,,0.08035,,,
FINSUS 032016-17Real_Annual,FINSUS 03,2016-17,Real_Annual,0.079521875,,,0.08035,,,
FINSUS 032017-18Cash_Annual,FINSUS 03,2017-18,Cash_Annual,0.08025625,,,0.08305,,,
FINSUS 032017-18Real_Annual,FINSUS 03,2017-18,Real_Annual,0.08025625,,,0.08305,,,
FINSUS 032018-19Cash_Annual,FINSUS 03,2018-19,Cash_Annual,0.0789,,,0.08125,,,
FINSUS 032018-19Real_Annual,FINSUS 03,2018-19,Real_Annual,0.0789,,,0.08125,,,
FINSUS 032019-20Cash_Annual,FINSUS 03,2019-20,Cash_Annual,0.071896875,,,0.07325,,,
FINSUS 032019-20Real_Annual,FINSUS 03,2019-20,Real_Annual,0.071896875,,,0.07325,,,
FINSUS 032020-21Cash_Annual,FINSUS 03,2020-21,Cash_Annual,0.062440625,,,0.06155,,,
FINSUS 032020-21Real_Annual,FINSUS 03,2020-21,Real_Annual,0.062440625,,,0.06155,,,
FINSUS 032021-22Cash_Annual,FINSUS 03,2021-22,Cash_Annual,0.058875000000000004,,,0.0635,,,
FINSUS 032021-22Real_Annual,FINSUS 03,2021-22,Real_Annual,0.058875000000000004,,,0.0635,,,
FINSUS 032022-23Cash_Annual,FINSUS 03,2022-23,Cash_Annual,0.0539125,,,0.0595,,,
FINSUS 032022-23Real_Annual,FINSUS 03,2022-23,Real_Annual,0.0539125,,,0.0595,,,
FINSUS 032023-24Cash_Annual,FINSUS 03,2023-24,Cash_Annual,0.057509375,,,0.0589,,,
FINSUS 032023-24Real_Annual,FINSUS 03,2023-24,Real_Annual,0.057509375,,,0.0589,,,
FINSUS 042013-14Cash_Annual,FINSUS 04,2013-14,Cash_Annual,0.25867083333333335,,,0.219,,,
FINSUS 042013-14Real_Annual,FINSUS 04,2013-14,Real_Annual,0.25867083333333335,,,0.219,,,
FINSUS 042014-15Cash_Annual,FINSUS 04,2014-15,Cash_Annual,0.2413,,,0.199,,,
FINSUS 042014-15Real_Annual,FINSUS 04,2014-15,Real_Annual,0.2413,,,0.199,,,
FINSUS 042015-16Cash_Annual,FINSUS 04,2015-16,Cash_Annual,0.24749600000000002,,,0.2242,,,
FINSUS 042015-16Real_Annual,FINSUS 04,2015-16,Real_Annual,0.24749600000000002,,,0.2242,,,
FINSUS 042016-17Cash_Annual,FINSUS 04,2016-17,Cash_Annual,0.2436076923076923,,,0.199,,,
FINSUS 042016-17Real_Annual,FINSUS 04,2016-17,Real_Annual,0.2436076923076923,,,0.199,,,
FINSUS 042017-18Cash_Annual,FINSUS 04,2017-18,Cash_Annual,0.23589615384615387,,,0.19190000000000002,,,
FINSUS 042017-18Real_Annual,FINSUS 04,2017-18,Real_Annual,0.23589615384615387,,,0.19190000000000002,,,
FINSUS 042018-19Cash_Annual,FINSUS 04,2018-19,Cash_Annual,0.22828076923076923,,,0.19615,,,
FINSUS 042018-19Real_Annual,FINSUS 04,2018-19,Real_Annual,0.22828076923076923,,,0.19615,,,
FINSUS 042019-20Cash_Annual,FINSUS 04,2019-20,Cash_Annual,0.22562692307692306,,,0.2073,,,
FINSUS 042019-20Real_Annual,FINSUS 04,2019-20,Real_Annual,0.22562692307692306,,,0.2073,,,
FINSUS 042020-21Cash_Annual,FINSUS 04,2020-21,Cash_Annual,0.2290769230769231,,,0.21815,,,
FINSUS 042020-21Real_Annual,FINSUS 04,2020-21,Real_Annual,0.2290769230769231,,,0.21815,,,
FINSUS 042021-22Cash_Annual,FINSUS 04,2021-22,Cash_Annual,0.22554615384615387,,,0.2152,,,
FINSUS 042021-22Real_Annual,FINSUS 04,2021-22,Real_Annual,0.22554615384615387,,,0.2152,,,
FINSUS 042022-23Cash_Annual,FINSUS 04,2022-23,Cash_Annual,0.21794230769230769,,,0.20700000000000002,,,
FINSUS 042022-23Real_Annual,FINSUS 04,2022-23,Real_Annual,0.21794230769230769,,,0.20700000000000002,,,
FINSUS 042023-24Cash_Annual,FINSUS 04,2023-24,Cash_Annual,0.23784230769230771,,,0.2164,,,
FINSUS 042023-24Real_Annual,FINSUS 04,2023-24,Real_Annual,0.23784230769230771,,,0.2164,,,
FINSUS 052013-14Cash_Annual,FINSUS 05,2013-14,Cash_Annual,0.986678125,364524437.5,367926156.25,0.9915,251809000.0,254835000.0,0.9907543437936808
FINSUS 052013-14Real_Annual,FINSUS 05,2013-14,Real_Annual,0.986678125,482249555.1625,486749877.1875,0.9915,333132064.0,337135326.85,0.9907543437894564
FINSUS 052014-15Cash_Annual,FINSUS 05,2014-15,Cash_Annual,0.9860187499999999,366504467.225,370197907.375,0.99,252493000.0,257082000.0,0.990023065834733
FINSUS 052014-15Real_Annual,FINSUS 05,2014-15,Real_Annual,0.9860187499999999,479015899.0125,483843170.446875,0.99,330004603.5,336002358.35,0.9900230658832767
FINSUS 052015-16Cash_Annual,FINSUS 05,2015-16,Cash_Annual,0.983821875,373342528.565625,377266251.40625,0.98955,253222500.0,257733500.0,0.9895995922614349
FINSUS 052015-16Real_Annual,FINSUS 05,2015-16,Real_Annual,0.983821875,484475276.9625,489566973.096875,0.98955,328599158.8,334452946.65,0.9895995922638199
FINSUS 052016-17Cash_Annual,FINSUS 05,2016-17,Cash_Annual,0.990728125,369662281.25,372085000.0,0.9937,257004000.0,260948500.0,0.9934888029616888
FINSUS 052016-17Real_Annual,FINSUS 05,2016-17,Real_Annual,0.990728125,469104824.715625,472179277.02187496,0.9937,326140432.70000005,331146039.4,0.9934888029698357
FINSUS 052017-18Cash_Annual,FINSUS 05,2017-18,Cash_Annual,0.988796875,372677396.875,375454312.5,0.99285,255472500.0,264206000.0,0.9926038520998477
FINSUS 052017-18Real_Annual,FINSUS 05,2017-18,Real_Annual,0.988796875,465606159.35312504,469075511.215625,0.99285,319175701.4,330086938.4,0.9926038520887415
FINSUS 052018-19Cash_Annual,FINSUS 05,2018-19,Cash_Annual,0.99163125,378925110.85625,381255793.09375,0.99745,262864000.0,271706000.0,0.9938868280044025
FINSUS 052018-19Real_Annual,FINSUS 05,2018-19,Real_Annual,0.99163125,461316471.796875,464153924.575,0.99745,320019680.85,330784236.0,0.9938868279941334
FINSUS 052019-20Cash_Annual,FINSUS 05,2019-20,Cash_Annual,0.9879,394125455.309375,396703075.996875,0.99285,293981500.0,300780500.0,0.9935023929899643
FINSUS 052019-20Real_Annual,FINSUS 05,2019-20,Real_Annual,0.9879,468704935.13125,471770313.225,0.99285,349610962.8,357696522.35,0.9935023929912096
FINSUS 052020-21Cash_Annual,FINSUS 05,2020-21,Cash_Annual,0.96769375,420331000.0,431392843.75,0.98725,318325000.0,330262500.0,0.9743578413266156
FINSUS 052020-21Real_Annual,FINSUS 05,2020-21,Real_Annual,0.96769375,488496884.465625,501352648.6375,0.98725,369948375.8,383821803.1,0.9743578413182569
FINSUS 052021-22Cash_Annual,FINSUS 05,2021-22,Cash_Annual,0.975403125,440880531.25,448717906.25,0.9874499999999999,332567500.0,347366500.0,0.9825338483469535
FINSUS 052021-22Real_Annual,FINSUS 05,2021-22,Real_Annual,0.975403125,486973240.81875,495629989.378125,0.9874499999999999,367336413.79999995,383682603.90000004,0.9825338483447364
FINSUS 052022-23Cash_Annual,FINSUS 05,2022-23,Cash_Annual,0.982390625,468471531.25,476079000.0,0.98275,362428500.0,368853500.0,0.9840205748415705
FINSUS 052022-23Real_Annual,FINSUS 05,2022-23,Real_Annual,0.982390625,494479757.55,502509571.628125,0.98275,382549514.45000005,389331212.4,0.9840205748676418
FINSUS 052023-24Cash_Annual,FINSUS 05,2023-24,Cash_Annual,0.997365625,492720540.478125,494923905.8375,0.999,370449000.0,374893000.0,0.9955480724746029
FINSUS 052023-24Real_Annual,FINSUS 05,2023-24,Real_Annual,0.997365625,492720540.478125,494923905.8375,0.999,370449000.0,374893000.0,0.9955480724746029
HSN 01b2013-14Cash_Annual,HSN 01b,2013-14,Cash_Annual,0.05842307692307692,2204581.4615384615,39497535.15384615,0.05795,1797539.5,36653680.0,0.05581567186285005
HSN 01b2013-14Real_Annual,HSN 01b,2013-14,Real_Annual,0.05842307692307692,2916562.841257709,52253475.48309139,0.05795,2378064.500158865,48491182.0898417,0.05581567186285005
HSN 01b2014-15Cash_Annual,HSN 01b,2014-15,Cash_Annual,0.06296538461538462,2414157.0384615385,40581021.807692304,0.0616,1972569.5,39006548.5,0.059489804123264454
HSN 01b2014-15Real_Annual,HSN 01b,2014-15,Real_Annual,0.06296538461538462,3155267.418350465,53038793.199128166,0.0616,2578119.05962348,50980979.954307154,0.05948980412326444
HSN 01b2015-16Cash_Annual,HSN 01b,2015-16,Cash_Annual,0.06505,2617216.846153846,41885008.07692308,0.06515,2123268.0,40912575.0,0.06248576677715446
HSN 01b2015-16Real_Annual,HSN 01b,2015-16,Real_Annual,0.06505,3396282.928918552,54352904.73478309,0.06515,2755300.49125136,53091007.82183795,0.062485766777154485
HSN 01b2016-17Cash_Annual,HSN 01b,2016-17,Cash_Annual,0.06741923076923076,2771490.076923077,42718016.65384615,0.06534999999999999,2271839.0,41725268.5,0.06487871614876445
HSN 01b2016-17Real_Annual,HSN 01b,2016-17,Real_Annual,0.06741923076923076,3517046.322179389,54209554.85794348,0.06534999999999999,2882984.5237636296,52949748.34721215,0.06487871614876443
HSN 01b2017-18Cash_Annual,HSN 01b,2017-18,Cash_Annual,0.06936977288461538,2923349.423076923,43325153.038461536,0.069500771,2309116.0,41873048.5,0.06747464735973914
HSN 01b2017-18Real_Annual,HSN 01b,2017-18,Real_Annual,0.06936977292968347,3652299.572622547,54128472.18230595,0.06950077103175606,2884904.320147695,52314278.9341912,0.0674746473597392
HSN 01b2018-19Cash_Annual,HSN 01b,2018-19,Cash_Annual,0.07408080461538462,3271724.1923076925,44656704.5,0.07721224,2405702.5,42123972.5,0.07326389685355515
HSN 01b2018-19Real_Annual,HSN 01b,2018-19,Real_Annual,0.0740808045444612,3983109.6379186367,54366609.05275544,0.0772122399838973,2928785.022968645,51283173.9443855,0.07326389685355524
HSN 01b2019-20Cash_Annual,HSN 01b,2019-20,Cash_Annual,0.07531770815384616,3385121.1153846155,46285526.76923077,0.0791166085,2447701.0,42821052.5,0.07313562903285228
HSN 01b2019-20Real_Annual,HSN 01b,2019-20,Real_Annual,0.07531770822269973,4025680.0250733974,55044033.64419106,0.0791166084364154,2910873.9945136653,50923984.64516475,0.0731356290328523
HSN 01b2020-21Cash_Annual,HSN 01b,2020-21,Cash_Annual,0.08525484157692308,3914421.6923076925,47803028.73076923,0.083944065,2853127.5,43346496.0,0.08188647866548482
HSN 01b2020-21Real_Annual,HSN 01b,2020-21,Real_Annual,0.08525484154200515,4549230.966010038,55555337.58624713,0.0839440652434568,3315824.658973545,50376080.39489935,0.0818864786654849
HSN 01b2021-22Cash_Annual,HSN 01b,2021-22,Cash_Annual,0.088933198,4232793.692307692,48815514.884615384,0.09076329,3086296.5,44352914.5,0.08671000812575046
HSN 01b2021-22Real_Annual,HSN 01b,2021-22,Real_Annual,0.08893319800173466,4675319.312024175,53919027.49269538,0.09076328982360925,3408959.34883512,48989875.9023508,0.08671000812575039
HSN 01b2022-23Cash_Annual,HSN 01b,2022-23,Cash_Annual,0.094483562,4783168.346153846,49863580.461538464,0.088898664,3558497.5,45198443.5,0.0959250880478443
HSN 01b2022-23Real_Annual,HSN 01b,2022-23,Real_Annual,0.09448356200615385,5048716.445511433,52631866.68114701,0.0888986638,3756055.3067315053,47707734.39188285,0.09592508804784437
HSN 01b2023-24Cash_Annual,HSN 01b,2023-24,Cash_Annual,0.09366242138461539,4968617.576923077,52328688.0,0.0939551015,3372093.5,47813471.0,0.09495016532658103
HSN 01b2023-24Real_Annual,HSN 01b,2023-24,Real_Annual,0.09366242135746403,4968617.576923077,52328688.0,0.09395510144500599,3372093.5,47813471.0,0.09495016532658103
HSN 022013-14Cash_Annual,HSN 02,2013-14,Cash_Annual,0.013676923076923078,508444.03846153844,39497535.15384615,0.012050000000000002,400367.0,36653680.0,0.012872804251736394
HSN 022013-14Real_Annual,HSN 02,2013-14,Real_Annual,0.013676923076923078,672648.7613667424,52253475.48309139,0.012050000000000002,529667.665013817,48491182.0898417,0.012872804251736397
HSN 022014-15Cash_Annual,HSN 02,2014-15,Cash_Annual,0.011349999999999999,469183.23076923075,40581021.807692304,0.0097,290443.0,39006548.5,0.011561641621362403
HSN 022014-15Real_Annual,HSN 02,2014-15,Real_Annual,0.011349999999999999,613215.5189978736,53038793.199128166,0.0097,379604.690244994,50980979.954307154,0.011561641621362409
HSN 022015-16Cash_Annual,HSN 02,2015-16,Cash_Annual,0.010357692307692307,441020.07692307694,41885008.07692308,0.0088,257030.0,40912575.0,0.010529306240388692
HSN 022015-16Real_Annual,HSN 02,2015-16,Real_Annual,0.010357692307692307,572298.3790072042,54352904.73478309,0.0088,333540.03605119,53091007.82183795,0.010529306240388702
HSN 022016-17Cash_Annual,HSN 02,2016-17,Cash_Annual,0.01023076923076923,396890.03846153844,42718016.65384615,0.00945,289467.0,41725268.5,0.009290928501611605
HSN 022016-17Real_Annual,HSN 02,2016-17,Real_Annual,0.01023076923076923,503657.098289345,54209554.85794348,0.00945,367336.27741239,52949748.34721215,0.009290928501611605
HSN 022017-18Cash_Annual,HSN 02,2017-18,Cash_Annual,0.009692935038461538,387168.26923076925,43325153.038461536,0.009078583,233380.5,41873048.5,0.008936339333575207
HSN 022017-18Real_Annual,HSN 02,2017-18,Real_Annual,0.0096929350459685,483710.3950290721,54128472.18230595,0.0090785830331701,291574.9631842785,52314278.9341912,0.008936339333575209
HSN 022018-19Cash_Annual,HSN 02,2018-19,Cash_Annual,0.0103317855,425464.6538461539,44656704.5,0.009665955,316309.0,42123972.5,0.009527453013156263
HSN 022018-19Real_Annual,HSN 02,2018-19,Real_Annual,0.010331785496281803,517975.3132347638,54366609.05275544,0.00966595524310335,385085.463323162,51283173.9443855,0.009527453013156271
HSN 022019-20Cash_Annual,HSN 02,2019-20,Cash_Annual,0.01105998023076923,493316.42307692306,46285526.76923077,0.008965595,345638.0,42821052.5,0.010658114047972012
HSN 022019-20Real_Annual,HSN 02,2019-20,Real_Annual,0.011059980279855008,586665.5882401962,55044033.64419106,0.00896559510625125,411042.306930346,50923984.64516475,0.010658114047972005
HSN 022020-21Cash_Annual,HSN 02,2020-21,Cash_Annual,0.014675666884615385,659242.9230769231,47803028.73076923,0.011846018,395906.5,43346496.0,0.01379081912967975
HSN 022020-21Real_Annual,HSN 02,2020-21,Real_Annual,0.014675666903993651,766153.6123402341,55555337.58624713,0.0118460178160203,460111.416453667,50376080.39489935,0.013790819129679763
HSN 022021-22Cash_Annual,HSN 02,2021-22,Cash_Annual,0.015937201384615386,795664.1923076923,48815514.884615384,0.013693486,470721.0,44352914.5,0.016299412065782646
HSN 022021-22Real_Annual,HSN 02,2021-22,Real_Annual,0.01593720140181442,878848.4472897054,53919027.49269538,0.013693485889716299,519933.439202298,48989875.9023508,0.01629941206578265
HSN 022022-23Cash_Annual,HSN 02,2022-23,Cash_Annual,0.016089978269230767,852035.5384615385,49842009.384615384,0.012756847,556442.5,45198443.5,0.017094726897678693
HSN 022022-23Real_Annual,HSN 02,2022-23,Real_Annual,0.01608997815846154,899338.1633013088,52609098.03849693,0.012756847009999999,587334.6278916725,47707734.39188285,0.017094726897678693
HSN 022023-24Cash_Annual,HSN 02,2023-24,Cash_Annual,0.015596086961538462,936576.1923076923,52328688.0,0.0144451055,493819.5,47813471.0,0.017897949062045896
HSN 022023-24Real_Annual,HSN 02,2023-24,Real_Annual,0.015596086996509727,936576.1923076923,52328688.0,0.01444510569170595,493819.5,47813471.0,0.017897949062045896
HSN 032013-14Cash_Annual,HSN 03,2013-14,Cash_Annual,0.837176923076923,10503.32,12550.2,0.8353999999999999,9240.0,12558.0,0.8369045911618939
HSN 032013-14Real_Annual,HSN 03,2013-14,Real_Annual,0.837176923076923,10503.32,12550.2,0.8353999999999999,9240.0,12558.0,0.8369045911618939
HSN 032014-15Cash_Annual,HSN 03,2014-15,Cash_Annual,0.9022076923076923,11012.923076923076,12185.692307692309,0.91035,10014.5,11631.5,0.9037585061926345
HSN 032014-15Real_Annual,HSN 03,2014-15,Real_Annual,0.9022076923076923,11012.923076923076,12185.692307692309,0.91035,10014.5,11631.5,0.9037585061926345
HSN 032015-16Cash_Annual,HSN 03,2015-16,Cash_Annual,0.9326115384615385,11261.115384615385,12174.653846153846,0.93465,9938.0,11570.5,0.9249639067293021
HSN 032015-16Real_Annual,HSN 03,2015-16,Real_Annual,0.9326115384615385,11261.115384615385,12174.653846153846,0.93465,9938.0,11570.5,0.9249639067293021
HSN 032016-17Cash_Annual,HSN 03,2016-17,Cash_Annual,0.9442307692307692,11330.153846153846,12100.73076923077,0.958,10249.0,11400.0,0.9363198026819741
HSN 032016-17Real_Annual,HSN 03,2016-17,Real_Annual,0.9442307692307692,11330.153846153846,12100.73076923077,0.958,10249.0,11400.0,0.9363198026819741
HSN 032017-18Cash_Annual,HSN 03,2017-18,Cash_Annual,0.9487576418076924,11356.0,12094.884615384615,0.9609980840000001,10404.5,11310.5,0.9389093291187947
HSN 032017-18Real_Annual,HSN 03,2017-18,Real_Annual,0.9487576417870838,11356.0,12094.884615384615,0.9609980836081651,10404.5,11310.5,0.9389093291187947
HSN 032018-19Cash_Annual,HSN 03,2018-19,Cash_Annual,0.9512481962307693,11444.807692307691,12133.807692307691,0.9640752305,10449.0,11199.5,0.9432165056945153
HSN 032018-19Real_Annual,HSN 03,2018-19,Real_Annual,0.9512481962442558,11444.807692307691,12133.807692307691,0.964075230358368,10449.0,11199.5,0.9432165056945153
HSN 032019-20Cash_Annual,HSN 03,2019-20,Cash_Annual,0.9522923621923076,11548.153846153846,12173.615384615385,0.954879354,10467.5,11010.5,0.9486215459663712
HSN 032019-20Real_Annual,HSN 03,2019-20,Real_Annual,0.9522923622220734,11548.153846153846,12173.615384615385,0.954879354134996,10467.5,11010.5,0.9486215459663712
HSN 032020-21Cash_Annual,HSN 03,2020-21,Cash_Annual,0.8462198946153846,10421.192307692309,12227.538461538461,0.8812970714999999,7921.5,11129.5,0.8522722983429585
HSN 032020-21Real_Annual,HSN 03,2020-21,Real_Annual,0.8462198946024541,10421.192307692309,12227.538461538461,0.8812970711579765,7921.5,11129.5,0.8522722983429585
HSN 032021-22Cash_Annual,HSN 03,2021-22,Cash_Annual,0.6278536817692307,8445.461538461539,12337.461538461539,0.6879060960000001,7058.5,11193.5,0.6845380236552838
HSN 032021-22Real_Annual,HSN 03,2021-22,Real_Annual,0.6278536817304308,8445.461538461539,12337.461538461539,0.6879060958274335,7058.5,11193.5,0.6845380236552838
HSN 032022-23Cash_Annual,HSN 03,2022-23,Cash_Annual,0.6555920961538462,8802.038461538461,12412.346153846154,0.68484075,7672.0,11224.5,0.7091357550329851
HSN 032022-23Real_Annual,HSN 03,2022-23,Real_Annual,0.6555920961538462,8802.038461538461,12412.346153846154,0.68484075,7672.0,11224.5,0.7091357550329851
HSN 032023-24Cash_Annual,HSN 03,2023-24,Cash_Annual,0.7533503523846155,9730.192307692309,12508.692307692309,0.7909096775,7949.5,11257.5,0.7778744626813354
HSN 032023-24Real_Annual,HSN 03,2023-24,Real_Annual,0.7533503523045487,9730.192307692309,12508.692307692309,0.7909096777043549,7949.5,11257.5,0.7778744626813354
HSN 04b2013-14Cash_Annual,HSN 04b,2013-14,Cash_Annual,10.214615384615383,324051.76923076925,31870.884615384617,9.58,269849.0,26968.5,10.167642760513273
HSN 04b2013-14Real_Annual,HSN 04b,2013-14,Real_Annual,10.214615384615383,324051.76923076925,31870.884615384617,9.58,269849.0,26968.5,10.167642760513273
HSN 04b2014-15Cash_Annual,HSN 04b,2014-15,Cash_Annual,9.820769230769232,294178.03846153844,29787.73076923077,9.145,240647.0,25800.5,9.875812318184694
HSN 04b2014-15Real_Annual,HSN 04b,2014-15,Real_Annual,9.820769230769232,294178.03846153844,29787.73076923077,9.145,240647.0,25800.5,9.875812318184694
HSN 04b2015-16Cash_Annual,HSN 04b,2015-16,Cash_Annual,9.522692307692308,279384.53846153844,29771.384615384617,9.120000000000001,227030.0,26139.5,9.384331366206062
HSN 04b2015-16Real_Annual,HSN 04b,2015-16,Real_Annual,9.522692307692308,279384.53846153844,29771.384615384617,9.120000000000001,227030.0,26139.5,9.384331366206062
HSN 04b2016-17Cash_Annual,HSN 04b,2016-17,Cash_Annual,9.138076923076923,238561.03846153847,27342.884615384617,8.045,194399.5,24954.5,8.72479410337382
HSN 04b2016-17Real_Annual,HSN 04b,2016-17,Real_Annual,9.138076923076923,238561.03846153847,27342.884615384617,8.045,194399.5,24954.5,8.72479410337382
HSN 04b2017-18Cash_Annual,HSN 04b,2017-18,Cash_Annual,8.037834008192307,198375.1923076923,26446.53846153846,7.5683062425,175393.5,23917.5,7.500988932679862
HSN 04b2017-18Real_Annual,HSN 04b,2017-18,Real_Annual,8.037834008456603,198375.1923076923,26446.53846153846,7.56830624244742,175393.5,23917.5,7.500988932679862
HSN 04b2018-19Cash_Annual,HSN 04b,2018-19,Cash_Annual,8.564035556692307,198223.42307692306,25422.73076923077,7.6189652145,174186.0,21144.5,7.7970940602822125
HSN 04b2018-19Real_Annual,HSN 04b,2018-19,Real_Annual,8.564035556262683,198223.42307692306,25422.73076923077,7.61896521466339,174186.0,21144.5,7.7970940602822125
HSN 04b2019-20Cash_Annual,HSN 04b,2019-20,Cash_Annual,7.9183132395,175590.38461538462,23942.96153846154,7.1678592815,130136.5,20233.5,7.333695304706538
HSN 04b2019-20Real_Annual,HSN 04b,2019-20,Real_Annual,7.918313239548959,175590.38461538462,23942.96153846154,7.167859281188775,130136.5,20233.5,7.333695304706538
HSN 04b2020-21Cash_Annual,HSN 04b,2020-21,Cash_Annual,9.127889616346154,116981.61538461539,16070.615384615385,7.83480396,79717.5,14384.0,7.279224384686815
HSN 04b2020-21Real_Annual,HSN 04b,2020-21,Real_Annual,9.1278896162874,116981.61538461539,16070.615384615385,7.83480395990105,79717.5,14384.0,7.279224384686815
HSN 04b2021-22Cash_Annual,HSN 04b,2021-22,Cash_Annual,9.958338844269232,203169.84615384616,22117.23076923077,8.8618122475,137398.5,16937.0,9.186043599838623
HSN 04b2021-22Real_Annual,HSN 04b,2021-22,Real_Annual,9.958338844248404,203169.84615384616,22117.23076923077,8.861812247365126,137398.5,16937.0,9.186043599838623
HSN 04b2022-23Cash_Annual,HSN 04b,2022-23,Cash_Annual,9.937398156961537,219274.11538461538,22651.884615384617,8.745416325,137661.5,17221.5,9.680170948588078
HSN 04b2022-23Real_Annual,HSN 04b,2022-23,Real_Annual,9.937398156961537,219274.11538461538,22651.884615384617,8.745416325,137661.5,17221.5,9.680170948588078
HSN 04b2023-24Cash_Annual,HSN 04b,2023-24,Cash_Annual,10.183403039038463,236328.53846153847,23552.69230769231,8.9039826755,182626.0,18810.0,10.034034978852654
HSN 04b2023-24Real_Annual,HSN 04b,2023-24,Real_Annual,10.183403038732312,236328.53846153847,23552.69230769231,8.903982675314655,182626.0,18810.0,10.034034978852654
HSN 05a2015-16Cash_Annual,HSN 05a,2015-16,Cash_Annual,0.6418461538461538,7931.846153846154,12171.923076923076,0.6515500000000001,6226.5,11550.5,0.6516510253736532
HSN 05a2015-16Real_Annual,HSN 05a,2015-16,Real_Annual,0.6418461538461538,7931.846153846154,12171.923076923076,0.6515500000000001,6226.5,11550.5,0.6516510253736532
HSN 05a2016-17Cash_Annual,HSN 05a,2016-17,Cash_Annual,0.6917076923076924,8574.192307692309,12043.807692307691,0.70235,6034.5,11376.0,0.7119170719712332
HSN 05a2016-17Real_Annual,HSN 05a,2016-17,Real_Annual,0.6917076923076924,8574.192307692309,12043.807692307691,0.70235,6034.5,11376.0,0.7119170719712332
HSN 05a2017-18Cash_Annual,HSN 05a,2017-18,Cash_Annual,0.740823076923077,9109.115384615385,12090.038461538461,0.7343,6587.5,11309.0,0.7534397358282884
HSN 05a2017-18Real_Annual,HSN 05a,2017-18,Real_Annual,0.740823076923077,9109.115384615385,12090.038461538461,0.7343,6587.5,11309.0,0.7534397358282884
HSN 05a2018-19Cash_Annual,HSN 05a,2018-19,Cash_Annual,0.7976230769230769,9815.23076923077,12127.461538461539,0.8261000000000001,7745.5,11185.5,0.8093392618152064
HSN 05a2018-19Real_Annual,HSN 05a,2018-19,Real_Annual,0.7976230769230769,9815.23076923077,12127.461538461539,0.8261000000000001,7745.5,11185.5,0.8093392618152064
HSN 05a2019-20Cash_Annual,HSN 05a,2019-20,Cash_Annual,0.8286994806538461,10222.923076923076,12156.076923076924,0.8459753050000001,7747.0,11004.5,0.8409722266166336
HSN 05a2019-20Real_Annual,HSN 05a,2019-20,Real_Annual,0.8286994806583728,10222.923076923076,12156.076923076924,0.8459753048883485,7747.0,11004.5,0.8409722266166336
HSN 05a2020-21Cash_Annual,HSN 05a,2020-21,Cash_Annual,0.8500045458846154,10536.653846153846,12201.576923076924,0.8663062815,8108.5,11037.5,0.8635485325036801
HSN 05a2020-21Real_Annual,HSN 05a,2020-21,Real_Annual,0.8500045458781345,10536.653846153846,12201.576923076924,0.8663062817356104,8108.5,11037.5,0.8635485325036801
HSN 05a2021-22Cash_Annual,HSN 05a,2021-22,Cash_Annual,0.8599159407692307,10784.346153846154,12306.153846153846,0.881114244,8788.5,11193.5,0.876337667208401
HSN 05a2021-22Real_Annual,HSN 05a,2021-22,Real_Annual,0.8599159407511174,10784.346153846154,12306.153846153846,0.8811142438209005,8788.5,11193.5,0.876337667208401
SW 012010-11Cash_Annual,SW 01,2010-11,Cash_Annual,20.668125,13595031.25,675069.24875,21.165,11526000.0,510957.45999999996,20.138720990733027
SW 012010-11Real_Annual,SW 01,2010-11,Real_Annual,28.88193125,18997892.228125,675069.24875,29.5763,16106598.2,510957.45999999996,28.142138400323628
SW 012011-12Cash_Annual,SW 01,2011-12,Cash_Annual,20.4109375,13604018.15625,688010.5375,19.725,10687790.5,540924.28,19.77297935825583
SW 012011-12Real_Annual,SW 01,2011-12,Real_Annual,28.02701875,18680180.88125,688010.5375,27.08515,14675800.75,540924.28,27.151009850993745
SW 012012-13Cash_Annual,SW 01,2012-13,Cash_Annual,21.2309375,14267851.875,697132.58875,20.61,11093500.0,561921.36,20.46648242421589
SW 012012-13Real_Annual,SW 01,2012-13,Real_Annual,28.6245875,19236617.58125,697132.58875,27.787399999999998,14956800.7,561921.36,27.593915263296463
SW 012013-14Cash_Annual,SW 01,2013-14,Cash_Annual,20.6615625,14809875.0,731255.96375,20.35,11954500.0,612153.6200000001,20.25265534116473
SW 012013-14Real_Annual,SW 01,2013-14,Real_Annual,27.334321875,19592803.375,731255.96375,26.9221,15815269.7,612153.6200000001,26.79335875023146
SW 012014-15Cash_Annual,SW 01,2014-15,Cash_Annual,20.9134375,14960593.75,739091.2425,21.285,11941000.0,603239.0,20.241876631355158
SW 012014-15Real_Annual,SW 01,2014-15,Real_Annual,27.33355,19553273.978125,739091.2425,27.819200000000002,15606709.75,603239.0,26.455832316434186
SW 012015-16Cash_Annual,SW 01,2015-16,Cash_Annual,22.3234375,15354593.75,724555.39,20.82,12131500.0,594931.22,21.191745947814976
SW 012015-16Real_Annual,SW 01,2015-16,Real_Annual,28.968440625,19925190.653125,724555.39,27.0175,15742679.6,594931.22,27.499886037870755
SW 012016-17Cash_Annual,SW 01,2016-17,Cash_Annual,23.79875,16754281.25,740184.26625,23.119999999999997,12888500.0,584277.2,22.635284231158163
SW 012016-17Real_Annual,SW 01,2016-17,Real_Annual,30.200828125,21261336.5375,740184.26625,29.3395,16355624.7,584277.2,28.724383247453286
SW 012017-18Cash_Annual,SW 01,2017-18,Cash_Annual,25.505625,17616406.25,741019.216096875,24.62,13663500.0,591838.0,23.773211095374577
SW 012017-18Real_Annual,SW 01,2017-18,Real_Annual,31.8655625,22009135.3125,741019.216096875,30.7591,17070554.35,591838.0,29.70116676383558
SW 012018-19Cash_Annual,SW 01,2018-19,Cash_Annual,25.519375,18214812.5,756793.31,24.455,13442000.0,660894.0,24.068411096287306
SW 012018-19Real_Annual,SW 01,2018-19,Real_Annual,31.068171875,22175339.653125,756793.31,29.77235,16364753.45,660894.0,29.301712052825888
SW 012019-20Cash_Annual,SW 01,2019-20,Cash_Annual,26.066875,19408812.5,764295.078040625,24.5,14049000.0,624174.4034,25.39439682086812
SW 012019-20Real_Annual,SW 01,2019-20,Real_Annual,30.999453125,23081498.7625,764295.078040625,29.1361,16707460.9,624174.4034,30.199721842606365
SW 012020-21Cash_Annual,SW 01,2020-21,Cash_Annual,29.9234375,21082375.0,763208.315259375,28.2,15492500.0,616057.0,27.62335600711477
SW 012020-21Real_Annual,SW 01,2020-21,Real_Annual,34.776184375,24501344.184375,763208.315259375,32.773250000000004,18004948.45,616057.0,32.10308862534898
SW 012021-22Cash_Annual,SW 01,2021-22,Cash_Annual,30.869375,22528135.540625,774716.81756875,30.895,17120000.0,599477.385,29.07918742660547
SW 012021-22Real_Annual,SW 01,2021-22,Real_Annual,34.096671875,24883383.128125,774716.81756875,34.125,18909843.6,599477.385,32.11932742884699
SW 012022-23Cash_Annual,SW 01,2022-23,Cash_Annual,35.8425,24063343.75,755442.09375,33.455,18292000.0,603151.0,31.853326613758078
SW 012022-23Real_Annual,SW 01,2022-23,Real_Annual,37.83236875,25399273.15625,755442.09375,35.312349999999995,19307520.6,603151.0,33.621734036779046
SW 012023-24Cash_Annual,SW 01,2023-24,Cash_Annual,37.933749999999996,26363375.0,785328.675165625,35.43,19731000.0,621526.49,33.569861681721974
SW 012023-24Real_Annual,SW 01,2023-24,Real_Annual,37.933749999999996,26363375.0,785328.675165625,35.43,19731000.0,621526.49,33.569861681721974
SW 022010-11Cash_Annual,SW 02,2010-11,Cash_Annual,0.01495,1258.59375,79805.875,0.01145,630.0,60187.0,0.015770690441023295
SW 022010-11Real_Annual,SW 02,2010-11,Real_Annual,0.01495,1758.777009375,111521.87773125,0.01145,880.37105,84106.1796,0.01577069042554478
SW 022011-12Cash_Annual,SW 02,2011-12,Cash_Annual,0.02034375,2373.091,80807.40625,0.015850000000000003,889.5,59978.5,0.02936724627267689
SW 022011-12Real_Annual,SW 02,2011-12,Real_Annual,0.02034375,3258.57909375,110959.640609375,0.015850000000000003,1221.4054,82358.69845,0.029367246287518006
SW 022012-13Cash_Annual,SW 02,2012-13,Cash_Annual,0.029146875,4972.0,83518.875,0.01885,1041.0,61985.5,0.05953145321940699
SW 022012-13Real_Annual,SW 02,2012-13,Real_Annual,0.029146875,6703.494221875001,112604.242959375,0.01885,1403.52725,83571.8908,0.05953145321791708
SW 022013-14Cash_Annual,SW 02,2013-14,Cash_Annual,0.034306249999999996,5509.625,85584.46875,0.02345,1461.5,65289.5,0.06437645849148302
SW 022013-14Real_Annual,SW 02,2013-14,Real_Annual,0.034306249999999996,7288.98788125,113224.43089999999,0.02345,1933.49925,86375.0934,0.06437645853735972
SW 022014-15Cash_Annual,SW 02,2014-15,Cash_Annual,0.03926875,6030.625,87393.5625,0.027,1736.5,66113.0,0.06900536867346493
SW 022014-15Real_Annual,SW 02,2014-15,Real_Annual,0.03926875,7881.937371875,114222.0890875,0.027,2269.5797000000002,86408.70975000001,0.06900536870619683
SW 022015-16Cash_Annual,SW 02,2015-16,Cash_Annual,0.043449999999999996,5981.9375,89882.125,0.0351,2131.5,67709.0,0.06655313834647322
SW 022015-16Real_Annual,SW 02,2015-16,Real_Annual,0.043449999999999996,7762.57886875,116637.307753125,0.0351,2765.9829,87863.91585,0.06655313825641711
SW 022016-17Cash_Annual,SW 02,2016-17,Cash_Annual,0.05073125,6011.3125,94551.21875,0.04185,2792.0,68983.0,0.06357731375091344
SW 022016-17Real_Annual,SW 02,2016-17,Real_Annual,0.05073125,7628.410690625,119986.3636375,0.04185,3543.0735999999997,87540.05955,0.06357731378268763
SW 022017-18Cash_Annual,SW 02,2017-18,Cash_Annual,0.0525625,6615.1875,98501.625,0.04315,3331.0,71247.5,0.0671581560202687
SW 022017-18Real_Annual,SW 02,2017-18,Real_Annual,0.0525625,8264.71385,123063.44225000001,0.04315,4161.5996,89013.38025,0.06715815597950252
SW 022018-19Cash_Annual,SW 02,2018-19,Cash_Annual,0.0556125,7500.09375,103514.875,0.04725,3681.5,76144.0,0.07245426080068203
SW 022018-19Real_Annual,SW 02,2018-19,Real_Annual,0.0556125,9130.872271875,126022.571603125,0.04725,4481.9848,92700.3263,0.07245426081789764
SW 022019-20Cash_Annual,SW 02,2019-20,Cash_Annual,0.0642625,8312.0,108090.25765,0.05055,4175.5,78605.5,0.0768986972620099
SW 022019-20Real_Annual,SW 02,2019-20,Real_Annual,0.0642625,9884.861193749999,128543.93574375,0.05055,4965.62055,93479.84325,0.07689869721629879
SW 022020-21Cash_Annual,SW 02,2020-21,Cash_Annual,0.06499375,9625.88634375,117760.53125,0.049350000000000005,4907.681500000001,87841.5,0.08174119326376596
SW 022020-21Real_Annual,SW 02,2020-21,Real_Annual,0.06499375,11186.93479375,136857.9824625,0.049350000000000005,5703.569600000001,102086.92455,0.08174119326079717
SW 022021-22Cash_Annual,SW 02,2021-22,Cash_Annual,0.06911875,10275.1875,122904.5,0.0577,5659.5,94050.5,0.08360302104479495
SW 022021-22Real_Annual,SW 02,2021-22,Real_Annual,0.06911875,11349.4268875,135753.78914375,0.0577,6251.1834,103883.1918,0.08360302102125536
SW 022022-23Cash_Annual,SW 02,2022-23,Cash_Annual,0.071475,11697.625,135023.53125,0.059300000000000005,6638.0,93098.5,0.08663397329122956
SW 022022-23Real_Annual,SW 02,2022-23,Real_Annual,0.071475,12347.044353125,142519.659234375,0.059300000000000005,7006.52315,98267.06779999999,0.0866339733020282
SW 022023-24Cash_Annual,SW 02,2023-24,Cash_Annual,0.07519375,13002.15625,143481.1875,0.05395,6976.0,99725.5,0.09061924058859633
SW 022023-24Real_Annual,SW 02,2023-24,Real_Annual,0.07519375,13002.15625,143481.1875,0.05395,6976.0,99725.5,0.09061924058859633
SW 03a2010-11Cash_Annual,SW 03a,2010-11,Cash_Annual,0.60457805615625,,,0.6093762465,,,
SW 03a2010-11Real_Annual,SW 03a,2010-11,Real_Annual,0.6045780562687109,,,0.6093762465097725,,,
SW 03a2011-12Cash_Annual,SW 03a,2011-12,Cash_Annual,0.60955313571875,,,0.608213966,,,
SW 03a2011-12Real_Annual,SW 03a,2011-12,Real_Annual,0.60955313579084,,,0.6082139660283941,,,
SW 03a2012-13Cash_Annual,SW 03a,2012-13,Cash_Annual,0.61629607403125,,,0.631601624,,,
SW 03a2012-13Real_Annual,SW 03a,2012-13,Real_Annual,0.6162960740761246,,,0.631601623721709,,,
SW 03a2013-14Cash_Annual,SW 03a,2013-14,Cash_Annual,0.6184810870624999,,,0.6264394495,,,
SW 03a2013-14Real_Annual,SW 03a,2013-14,Real_Annual,0.6184810870123945,,,0.62643944929893,,,
SW 03a2014-15Cash_Annual,SW 03a,2014-15,Cash_Annual,0.6162570482812499,,,0.622286823,,,
SW 03a2014-15Real_Annual,SW 03a,2014-15,Real_Annual,0.6162570481896091,,,0.6222868228896155,,,
SW 03a2015-16Cash_Annual,SW 03a,2015-16,Cash_Annual,0.62315810740625,,,0.6349493214999999,,,
SW 03a2015-16Real_Annual,SW 03a,2015-16,Real_Annual,0.6231581073694317,,,0.6349493215473525,,,
SW 03a2016-17Cash_Annual,SW 03a,2016-17,Cash_Annual,0.61617054034375,,,0.6145851435,,,
SW 03a2016-17Real_Annual,SW 03a,2016-17,Real_Annual,0.6161705404010729,,,0.6145851435692335,,,
SW 03a2017-18Cash_Annual,SW 03a,2017-18,Cash_Annual,0.6352049216875,,,0.6490183225,,,
SW 03a2017-18Real_Annual,SW 03a,2017-18,Real_Annual,0.6352049217424498,,,0.6490183223963325,,,
SW 03a2018-19Cash_Annual,SW 03a,2018-19,Cash_Annual,0.61975236475,,,0.6172498455,,,
SW 03a2018-19Real_Annual,SW 03a,2018-19,Real_Annual,0.6197523646906627,,,0.617249845715137,,,
SW 03a2019-20Cash_Annual,SW 03a,2019-20,Cash_Annual,0.61584255228125,,,0.61812715,,,
SW 03a2019-20Real_Annual,SW 03a,2019-20,Real_Annual,0.6158425521589395,,,0.618127150130932,,,
SW 03a2020-21Cash_Annual,SW 03a,2020-21,Cash_Annual,0.6256119059999999,,,0.6207652035,,,
SW 03a2020-21Real_Annual,SW 03a,2020-21,Real_Annual,0.6256119058957464,,,0.620765203370119,,,
SW 03a2021-22Cash_Annual,SW 03a,2021-22,Cash_Annual,0.626932567625,,,0.6229349455,,,
SW 03a2021-22Real_Annual,SW 03a,2021-22,Real_Annual,0.6269325675921553,,,0.622934945656838,,,
SW 03a2022-23Cash_Annual,SW 03a,2022-23,Cash_Annual,0.62017498871875,,,0.6160116685,,,
SW 03a2022-23Real_Annual,SW 03a,2022-23,Real_Annual,0.6201749886635531,,,0.6160116682773185,,,
SW 03a2023-24Cash_Annual,SW 03a,2023-24,Cash_Annual,0.62671875,,,0.6275,,,
SW 03a2023-24Real_Annual,SW 03a,2023-24,Real_Annual,0.62671875,,,0.6275,,,
SW 04b2013-14Cash_Annual,SW 04b,2013-14,Cash_Annual,0.8522968125,,,0.8542125,,,
SW 04b2013-14Real_Annual,SW 04b,2013-14,Real_Annual,0.8522968125,,,0.8542125,,,
SW 04b2015-16Cash_Annual,SW 04b,2015-16,Cash_Annual,0.84435189825,,,0.844219262,,,
SW 04b2015-16Real_Annual,SW 04b,2015-16,Real_Annual,0.8443518981949291,,,0.8442192616087765,,,
SW 04b2017-18Cash_Annual,SW 04b,2017-18,Cash_Annual,0.80007178371875,,,0.79425,,,
SW 04b2017-18Real_Annual,SW 04b,2017-18,Real_Annual,0.800071783696875,,,0.79425,,,
SW 04b2019-20Cash_Annual,SW 04b,2019-20,Cash_Annual,0.80413634375,,,0.803823,,,
SW 04b2019-20Real_Annual,SW 04b,2019-20,Real_Annual,0.80413634375,,,0.803823,,,
SW 04b2021-22Cash_Annual,SW 04b,2021-22,Cash_Annual,0.7831125,,,0.78115,,,
SW 04b2021-22Real_Annual,SW 04b,2021-22,Real_Annual,0.7831125,,,0.78115,,,
SW 04b2023-24Cash_Annual,SW 04b,2023-24,Cash_Annual,0.70759375,,,0.6994,,,
SW 04b2023-24Real_Annual,SW 04b,2023-24,Real_Annual,0.70759375,,,0.6994,,,
SW 04c2013-14Cash_Annual,SW 04c,2013-14,Cash_Annual,0.828121875,,,0.82935,,,
SW 04c2013-14Real_Annual,SW 04c,2013-14,Real_Annual,0.828121875,,,0.82935,,,
SW 04c2015-16Cash_Annual,SW 04c,2015-16,Cash_Annual,0.82996875,,,0.8302499999999999,,,
SW 04c2015-16Real_Annual,SW 04c,2015-16,Real_Annual,0.82996875,,,0.8302499999999999,,,
SW 04c2017-18Cash_Annual,SW 04c,2017-18,Cash_Annual,0.81518125,,,0.81725,,,
SW 04c2017-18Real_Annual,SW 04c,2017-18,Real_Annual,0.81518125,,,0.81725,,,
SW 04c2019-20Cash_Annual,SW 04c,2019-20,Cash_Annual,0.81769690625,,,0.8081965,,,
SW 04c2019-20Real_Annual,SW 04c,2019-20,Real_Annual,0.81769690625,,,0.8081965,,,
SW 04c2021-22Cash_Annual,SW 04c,2021-22,Cash_Annual,0.788171875,,,0.79115,,,
SW 04c2021-22Real_Annual,SW 04c,2021-22,Real_Annual,0.788171875,,,0.79115,,,
SW 04c2023-24Cash_Annual,SW 04c,2023-24,Cash_Annual,0.73758125,,,0.7397,,,
SW 04c2023-24Real_Annual,SW 04c,2023-24,Real_Annual,0.73758125,,,0.7397,,,
SW 04d2013-14Cash_Annual,SW 04d,2013-14,Cash_Annual,0.826428125,,,0.8332999999999999,,,
SW 04d2013-14Real_Annual,SW 04d,2013-14,Real_Annual,0.826428125,,,0.8332999999999999,,,
SW 04d2015-16Cash_Annual,SW 04d,2015-16,Cash_Annual,0.7902375,,,0.7914000000000001,,,
SW 04d2015-16Real_Annual,SW 04d,2015-16,Real_Annual,0.7902375,,,0.7914000000000001,,,
SW 04d2017-18Cash_Annual,SW 04d,2017-18,Cash_Annual,0.75440625,,,0.75415,,,
SW 04d2017-18Real_Annual,SW 04d,2017-18,Real_Annual,0.75440625,,,0.75415,,,
SW 04d2019-20Cash_Annual,SW 04d,2019-20,Cash_Annual,0.760365875,,,0.753997,,,
SW 04d2019-20Real_Annual,SW 04d,2019-20,Real_Annual,0.760365875,,,0.753997,,,
SW 04d2021-22Cash_Annual,SW 04d,2021-22,Cash_Annual,0.70641875,,,0.7155,,,
SW 04d2021-22Real_Annual,SW 04d,2021-22,Real_Annual,0.70641875,,,0.7155,,,
SW 04d2023-24Cash_Annual,SW 04d,2023-24,Cash_Annual,0.612328125,,,0.6045,,,
SW 04d2023-24Real_Annual,SW 04d,2023-24,Real_Annual,0.612328125,,,0.6045,,,
SW 04e2013-14Cash_Annual,SW 04e,2013-14,Cash_Annual,0.43128125,,,0.43115000000000003,,,
SW 04e2013-14Real_Annual,SW 04e,2013-14,Real_Annual,0.43128125,,,0.43115000000000003,,,
SW 04e2015-16Cash_Annual,SW 04e,2015-16,Cash_Annual,0.411953125,,,0.40115,,,
SW 04e2015-16Real_Annual,SW 04e,2015-16,Real_Annual,0.411953125,,,0.40115,,,
SW 04e2017-18Cash_Annual,SW 04e,2017-18,Cash_Annual,0.376621875,,,0.37529999999999997,,,
SW 04e2017-18Real_Annual,SW 04e,2017-18,Real_Annual,0.376621875,,,0.37529999999999997,,,
SW 04e2019-20Cash_Annual,SW 04e,2019-20,Cash_Annual,0.3505076875,,,0.34840000000000004,,,
SW 04e2019-20Real_Annual,SW 04e,2019-20,Real_Annual,0.3505076875,,,0.34840000000000004,,,
SW 04e2021-22Cash_Annual,SW 04e,2021-22,Cash_Annual,0.30755625,,,0.2986,,,
SW 04e2021-22Real_Annual,SW 04e,2021-22,Real_Annual,0.30755625,,,0.2986,,,
SW 04e2023-24Cash_Annual,SW 04e,2023-24,Cash_Annual,0.31696875,,,0.31415,,,
SW 04e2023-24Real_Annual,SW 04e,2023-24,Real_Annual,0.31696875,,,0.31415,,,
SW 052010-11Cash_Annual,SW 05,2010-11,Cash_Annual,486.983034375,415218.1490384609,970.3125,425.4081,314999.99999999953,760.0,427.9220859655636
SW 052010-11Real_Annual,SW 05,2010-11,Real_Annual,680.517096875,580231.8144230761,970.3125,594.47135,440185.5307692301,760.0,597.9844786324778
SW 052011-12Cash_Annual,SW 05,2011-12,Cash_Annual,504.948640625,422664.06249999936,960.9375,436.93405,327778.84615384566,740.0,439.8455284552839
SW 052011-12Real_Annual,SW 05,2011-12,Real_Annual,693.3636625,580375.669110576,960.9375,599.9703,450085.2663461531,740.0,603.9681759849897
SW 052012-13Cash_Annual,SW 05,2012-13,Cash_Annual,500.493703125,406827.5240384609,945.3125,447.56075,296509.6153846149,725.0,430.36300063572725
SW 052012-13Real_Annual,SW 05,2012-13,Real_Annual,674.79016875,548504.8181490377,945.3125,603.42335,399768.80384615326,725.0,580.2365018436101
SW 052013-14Cash_Annual,SW 05,2013-14,Cash_Annual,490.342240625,410885.8173076917,963.4375,418.2479,317884.6153846149,765.0,426.47895406571956
SW 052013-14Real_Annual,SW 05,2013-14,Real_Annual,648.700896875,543583.5906850953,963.4375,553.3233,420547.15288461477,765.0,564.212614399061
SW 052014-15Cash_Annual,SW 05,2014-15,Cash_Annual,499.139403125,420528.84615384554,954.6875,442.461,314999.99999999953,715.0,440.48848042301336
SW 052014-15Real_Annual,SW 05,2014-15,Real_Annual,652.3677875,549624.96045673,954.6875,578.28995,411700.3249999994,715.0,575.7119062067221
SW 052015-16Cash_Annual,SW 05,2015-16,Cash_Annual,511.344959375,433667.0673076917,963.4375,456.67895,335105.7692307687,725.0,450.12475361161637
SW 052015-16Real_Annual,SW 05,2015-16,Real_Annual,663.556846875,562756.6014423069,963.4375,592.6184000000001,434856.5942307686,725.0,584.1132418473507
SW 052016-17Cash_Annual,SW 05,2016-17,Cash_Annual,535.631965625,450296.27403846086,958.75,465.5042,349451.92307692254,740.0,469.6701684886163
SW 052016-17Real_Annual,SW 05,2016-17,Real_Annual,679.721890625,571430.1009615376,958.75,590.72915,443457.695192307,740.0,596.0157506769623
SW 052017-18Cash_Annual,SW 05,2017-18,Cash_Annual,538.526678125,459507.58924278774,951.875,482.55589999999995,352605.76923076867,735.0,482.7394240239398
SW 052017-18Real_Annual,SW 05,2017-18,Real_Annual,672.8107,574087.8454927875,951.875,602.8833,440529.58173076855,735.0,603.1126413581484
SW 052018-19Cash_Annual,SW 05,2018-19,Cash_Annual,559.217825,482442.41358173004,963.375,508.97105,362807.6923076918,775.0,500.78361342336063
SW 052018-19Real_Annual,SW 05,2018-19,Real_Annual,680.81101875,587341.9990384607,963.375,619.63885,441694.57115384546,775.0,609.6712069946393
SW 052019-20Cash_Annual,SW 05,2019-20,Cash_Annual,584.705815625,507512.5864783646,941.40625,515.11555,381100.1557692302,778.75,539.1005067985948
SW 052019-20Real_Annual,SW 05,2019-20,Real_Annual,695.34839375,603548.0600961529,941.40625,612.5897500000001,453214.88749999925,778.75,641.1132920523451
SW 052020-21Cash_Annual,SW 05,2020-21,Cash_Annual,697.64505,565208.5370793261,886.484375,628.3429000000001,370774.89230769174,705.0,637.584319610062
SW 052020-21Real_Annual,SW 05,2020-21,Real_Annual,810.783490625,656869.4897836528,886.484375,730.24245,430904.16730769165,705.0,740.9825918067115
SW 052021-22Cash_Annual,SW 05,2021-22,Cash_Annual,716.1555375,566143.3920673068,873.359375,622.6984500000001,407836.5384615378,711.25,648.236462873381
SW 052021-22Real_Annual,SW 05,2021-22,Real_Annual,791.02740625,625331.9503605759,873.359375,687.7997,450474.5999999993,711.25,716.0076003770795
SW 052022-23Cash_Annual,SW 05,2022-23,Cash_Annual,744.42239375,602740.3846153837,882.734375,663.70295,436384.61538461474,728.75,682.8105959002488
SW 052022-23Real_Annual,SW 05,2022-23,Real_Annual,785.750634375,636202.8412860567,882.734375,700.5499,460611.4663461531,728.75,720.7183262644062
SW 052023-24Cash_Annual,SW 05,2023-24,Cash_Annual,794.689546875,638435.4790865375,882.1875,713.8289500000001,471057.69230769156,710.0,723.6959026131491
SW 052023-24Real_Annual,SW 05,2023-24,Real_Annual,794.689546875,638435.4790865375,882.1875,713.8289500000001,471057.69230769156,710.0,723.6959026131491
SW 062010-11Cash_Annual,SW 06,2010-11,Cash_Annual,87.2199537821875,2812.875,31.36525,87.6142165,2227.5,22.566000000000003,89.68125552960682
SW 062010-11Real_Annual,SW 06,2010-11,Real_Annual,87.21995378215092,2812.875,31.36525,87.6142165021977,2227.5,22.566000000000003,89.68125552960682
SW 062011-12Cash_Annual,SW 06,2011-12,Cash_Annual,91.4604797465625,2962.125,32.01084375,91.379442805,2279.0,23.02,92.5350491581466
SW 062011-12Real_Annual,SW 06,2011-12,Real_Annual,91.46047974726515,2962.125,32.01084375,91.37944280124795,2279.0,23.02,92.5350491581466
SW 062012-13Cash_Annual,SW 06,2012-13,Cash_Annual,92.256133461875,3026.28125,32.377375,91.25704107,2371.0,23.1535,93.46901192576607
SW 062012-13Real_Annual,SW 06,2012-13,Real_Annual,92.2561334599306,3026.28125,32.377375,91.2570410700418,2371.0,23.1535,93.46901192576607
SW 062013-14Cash_Annual,SW 06,2013-14,Cash_Annual,92.9368841953125,3136.1875,32.916125,94.415720845,2482.5,24.016000000000002,95.27815014677456
SW 062013-14Real_Annual,SW 06,2013-14,Real_Annual,92.93688419050724,3136.1875,32.916125,94.4157208419794,2482.5,24.016000000000002,95.27815014677456
SW 062014-15Cash_Annual,SW 06,2014-15,Cash_Annual,96.216500434375,3248.40625,33.436375,99.844177805,2555.0,24.809,97.15186679177991
SW 062014-15Real_Annual,SW 06,2014-15,Real_Annual,96.21650043747307,3248.40625,33.436375,99.8441778087984,2555.0,24.809,97.15186679177991
SW 062015-16Cash_Annual,SW 06,2015-16,Cash_Annual,96.4442527509375,3312.0,33.767625,98.71749482,2603.0,24.826,98.08211267449221
SW 062015-16Real_Annual,SW 06,2015-16,Real_Annual,96.44425275261639,3312.0,33.767625,98.71749482061284,2603.0,24.826,98.08211267449221
SW 062016-17Cash_Annual,SW 06,2016-17,Cash_Annual,99.017082344375,3376.25,33.44115625,100.7036244,2652.5,23.4765,100.96092296449828
SW 062016-17Real_Annual,SW 06,2016-17,Real_Annual,99.01708234529606,3376.25,33.44115625,100.70362441722051,2652.5,23.4765,100.96092296449828
SW 062017-18Cash_Annual,SW 06,2017-18,Cash_Annual,101.28875515625,3364.46875,32.7145625,103.52770774999999,2503.5,22.733,102.84315280083602
SW 062017-18Real_Annual,SW 06,2017-18,Real_Annual,101.28875515403074,3364.46875,32.7145625,103.5277077219625,2503.5,22.733,102.84315280083602
SW 062018-19Cash_Annual,SW 06,2018-19,Cash_Annual,101.771452995625,3434.84375,33.213781250000004,103.88111520000001,2498.0,22.959000000000003,103.41622124099464
SW 062018-19Real_Annual,SW 06,2018-19,Real_Annual,101.77145299703858,3434.84375,33.213781250000004,103.8811152254215,2498.0,22.959000000000003,103.41622124099464
SW 062019-20Cash_Annual,SW 06,2019-20,Cash_Annual,104.097649169375,3527.28125,33.6286875,107.32249855,2628.0,24.745,104.88905491776924
SW 062019-20Real_Annual,SW 06,2019-20,Real_Annual,104.0976491826253,3527.28125,33.6286875,107.322498589639,2628.0,24.745,104.88905491776924
SW 062020-21Cash_Annual,SW 06,2020-21,Cash_Annual,118.9979463521875,2871.46875,23.88909375,118.96937445,2443.5,17.256500000000003,120.19998665709116
SW 062020-21Real_Annual,SW 06,2020-21,Real_Annual,118.99794634579327,2871.46875,23.88909375,118.96937440470899,2443.5,17.256500000000003,120.19998665709116
SW 062021-22Cash_Annual,SW 06,2021-22,Cash_Annual,105.574961470625,3065.6875,28.72009375,105.9835435,2609.5,21.192,106.74364529189603
SW 062021-22Real_Annual,SW 06,2021-22,Real_Annual,105.57496147068102,3065.6875,28.72009375,105.983543533065,2609.5,21.192,106.74364529189603
SW 062022-23Cash_Annual,SW 06,2022-23,Cash_Annual,101.268004675,3035.25,29.692218750000002,97.89563736,2438.0,22.5335,102.22375180366068
SW 062022-23Real_Annual,SW 06,2022-23,Real_Annual,101.26800467537086,3035.25,29.692218750000002,97.89563735690085,2438.0,22.5335,102.22375180366068
SW 062023-24Cash_Annual,SW 06,2023-24,Cash_Annual,102.6643365278125,3216.90625,30.9470625,97.442690555,2597.5,23.305500000000002,103.94867848927503
SW 062023-24Real_Annual,SW 06,2023-24,Real_Annual,102.66433653275044,3216.90625,30.9470625,97.44269055594134,2597.5,23.305500000000002,103.94867848927503
SW 072011-12Cash_Annual,SW 07,2011-12,Cash_Annual,0.806034555875,,,0.809368192,,,
SW 072011-12Real_Annual,SW 07,2011-12,Real_Annual,0.8060345558304287,,,0.8093681917211331,,,
SW 072012-13Cash_Annual,SW 07,2012-13,Cash_Annual,0.79778828184375,,,0.8007633590000001,,,
SW 072012-13Real_Annual,SW 07,2012-13,Real_Annual,0.7977882818498219,,,0.800763358778626,,,
SW 072013-14Cash_Annual,SW 07,2013-14,Cash_Annual,0.7936127988125,,,0.794989224,,,
SW 072013-14Real_Annual,SW 07,2013-14,Real_Annual,0.7936127988266394,,,0.794989224137931,,,
SW 072014-15Cash_Annual,SW 07,2014-15,Cash_Annual,0.810891479625,,,0.8106108725000001,,,
SW 072014-15Real_Annual,SW 07,2014-15,Real_Annual,0.8108914796451664,,,0.8106108724079955,,,
SW 072015-16Cash_Annual,SW 07,2015-16,Cash_Annual,0.82018122046875,,,0.8144276355,,,
SW 072015-16Real_Annual,SW 07,2015-16,Real_Annual,0.8201812204092592,,,0.814427635856207,,,
SW 072016-17Cash_Annual,SW 07,2016-17,Cash_Annual,0.83210263609375,,,0.843072464,,,
SW 072016-17Real_Annual,SW 07,2016-17,Real_Annual,0.8321026360778063,,,0.843072463768116,,,
SW 072017-18Cash_Annual,SW 07,2017-18,Cash_Annual,0.8677171758125,,,0.8709802099999999,,,
SW 072017-18Real_Annual,SW 07,2017-18,Real_Annual,0.8677171757994755,,,0.8709802102659245,,,
SW 072018-19Cash_Annual,SW 07,2018-19,Cash_Annual,0.843079937375,,,0.848259804,,,
SW 072018-19Real_Annual,SW 07,2018-19,Real_Annual,0.8430799374147184,,,0.848259803921569,,,
SW 072019-20Cash_Annual,SW 07,2019-20,Cash_Annual,0.84473285003125,,,0.8457952695,,,
SW 072019-20Real_Annual,SW 07,2019-20,Real_Annual,0.8447328500395701,,,0.845795269678388,,,
SW 072020-21Cash_Annual,SW 07,2020-21,Cash_Annual,0.85390625,,,0.851,,,
SW 072020-21Real_Annual,SW 07,2020-21,Real_Annual,0.85390625,,,0.851,,,
SW 072021-22Cash_Annual,SW 07,2021-22,Cash_Annual,0.79666529778125,,,0.7888046385,,,
SW 072021-22Real_Annual,SW 07,2021-22,Real_Annual,0.7966652978314396,,,0.7888046387154325,,,
SW 072022-23Cash_Annual,SW 07,2022-23,Cash_Annual,0.7709375,,,0.775,,,
SW 072022-23Real_Annual,SW 07,2022-23,Real_Annual,0.7709375,,,0.775,,,
SW 072023-24Cash_Annual,SW 07,2023-24,Cash_Annual,0.79565625,,,0.8025,,,
SW 072023-24Real_Annual,SW 07,2023-24,Real_Annual,0.79565625,,,0.8025,,,
SW 082016-17Cash_Annual,SW 08,2016-17,Cash_Annual,597.1016159865625,8651.96875,13.82215625,541.4825194499999,6752.0,11.7765,625.9492798021292
SW 082016-17Real_Annual,SW 08,2016-17,Real_Annual,597.1016159994688,8651.96875,13.82215625,541.482519425,6752.0,11.7765,625.9492798021292
SW 082017-18Cash_Annual,SW 08,2017-18,Cash_Annual,708.9043171874999,10663.71875,13.99909375,618.5521246999999,8821.5,11.9825,761.743505718004
SW 082017-18Real_Annual,SW 08,2017-18,Real_Annual,708.9043171607813,10663.71875,13.99909375,618.552124695,8821.5,11.9825,761.743505718004
SW 082018-19Cash_Annual,SW 08,2018-19,Cash_Annual,739.1730030725,11267.875,14.2105,620.7763724,9109.0,12.234,792.9260054185286
SW 082018-19Real_Annual,SW 08,2018-19,Real_Annual,739.17300307625,11267.875,14.2105,620.77637243,9109.0,12.234,792.9260054185286
SW 082019-20Cash_Annual,SW 08,2019-20,Cash_Annual,710.39863628125,11263.53125,14.55765625,563.45629575,7170.0,12.5825,773.7187261857484
SW 082019-20Real_Annual,SW 08,2019-20,Real_Annual,710.39863629975,11263.53125,14.55765625,563.456295765,7170.0,12.5825,773.7187261857484
SW 082020-21Cash_Annual,SW 08,2020-21,Cash_Annual,452.375358853125,7109.96875,14.68178125,378.3584607,4537.5,12.8325,484.2715355127635
SW 082020-21Real_Annual,SW 08,2020-21,Real_Annual,452.37535884415627,7109.96875,14.68178125,378.3584607,4537.5,12.8325,484.2715355127635
SW 082021-22Cash_Annual,SW 08,2021-22,Cash_Annual,685.240850196875,11187.65625,14.90953125,751.5426696,6383.0,12.964,750.3694155374603
SW 082021-22Real_Annual,SW 08,2021-22,Real_Annual,685.2408501845167,11187.65625,14.90953125,751.5426696000075,6383.0,12.964,750.3694155374603
SW 082022-23Cash_Annual,SW 08,2022-23,Cash_Annual,843.525773646875,13715.65625,15.55965625,788.67478125,9325.0,13.7255,881.4883844236598
SW 082022-23Real_Annual,SW 08,2022-23,Real_Annual,843.525773633861,13715.65625,15.55965625,788.674781249088,9325.0,13.7255,881.4883844236598
SW 082023-24Cash_Annual,SW 08,2023-24,Cash_Annual,811.539289284375,13478.21875,16.02228125,811.35871815,9453.5,14.2185,841.2172111883257
SW 082023-24Real_Annual,SW 08,2023-24,Real_Annual,811.5392892925148,13478.21875,16.02228125,811.358718158025,9453.5,14.2185,841.2172111883257
SW 082024-25Cash_Annual,SW 08,2024-25,Cash_Annual,603.303809175,9953.4375,16.02228125,591.41356275,6524.5,14.2185,621.2247397666921
SW 082024-25Real_Annual,SW 08,2024-25,Real_Annual,603.303809183868,9953.4375,16.02228125,591.413562783483,6524.5,14.2185,621.2247397666921
